Total_energy,Adsorption_energy,Rigid_adsorption_energy,Deformation_energy,dEad/dNi
-1.38766153358508,-7.98747914546897,-1.38766154422643,-6.59981760124255,-7.98747914546897
-0.947278089919094,-7.54709570180299,-0.947279162000761,-6.59981653980223,-7.54709570180299
-0.298172804919098,-6.89799041680299,-0.298175924963644,-6.59981449183935,-6.89799041680299
