Total_energy,Adsorption_energy,Rigid_adsorption_energy,Deformation_energy,dEad/dNi
-1.37453084203554,-7.97434845391944,-1.374531368171,-6.59981708574844,-7.97434845391944
-0.949475730014711,-7.54929334189861,-0.949478378564108,-6.5998149633345,-7.54929334189861
-0.405938305236857,-7.00575591712075,-0.405941879738688,-6.59981403738206,-7.00575591712075
