Total_energy,Adsorption_energy,Rigid_adsorption_energy,Deformation_energy,dEad/dNi
-1.379011305117,-7.9788289170009,-1.37902498356696,-6.59980393343394,-7.9788289170009
-0.952148652863566,-7.55196626474746,-0.95298552309798,-6.59898074164948,-7.55196626474746
-0.268843948291128,-6.86866156017502,-0.268846777920878,-6.59981478225415,-6.86866156017502
