Total_energy,Adsorption_energy,Rigid_adsorption_energy,Deformation_energy,dEad/dNi
-1.39163205722409,-7.99144966910798,-1.3916320990378,-6.59981757007018,-7.99144966910798
-0.927317416620886,-7.52713502850478,-0.928225468899216,-6.59890955960557,-7.52713502850478
-0.549603360456131,-7.14942097234003,-0.549603553461202,-6.59981741887882,-7.14942097234003
