Total_energy,Adsorption_energy,Rigid_adsorption_energy,Deformation_energy,dEad/dNi
-1.38341949718424,-7.98323710906813,-1.38342740750076,-6.59980970156737,-7.98323710906813
-0.917914094026942,-7.51773170591084,-0.917914467936218,-6.59981723797462,-7.51773170591084
-0.593785202204427,-7.19360281408832,-0.593785627660049,-6.59981718642827,-7.19360281408832
