Total_energy,Adsorption_energy,Rigid_adsorption_energy,Deformation_energy,dEad/dNi
-1.38937016438645,-7.98918777627035,-1.38938249911011,-6.59980527716023,-7.98918777627035
-0.933715034675105,-7.533532646559,-0.933716985092875,-6.59981566146613,-7.533532646559
-0.474036172465685,-7.07385378434958,-0.47403667904075,-6.59981710530883,-7.07385378434958
