Total_energy,Adsorption_energy,Rigid_adsorption_energy,Deformation_energy,dEad/dNi
-1.3713182848422,-7.9711358967261,-1.37131850400956,-6.59981739271654,-7.9711358967261
-0.93425354934908,-7.53407116123298,-0.934253709107149,-6.59981745212583,-7.53407116123298
-0.457531945647742,-7.05734955753164,-0.457533873319927,-6.59981568421171,-7.05734955753164
