Total_energy,Adsorption_energy,Rigid_adsorption_energy,Deformation_energy,dEad/dNi
-1.37415109069507,-7.97396870257897,-1.37415499811231,-6.59981370446666,-7.97396870257897
-0.915543386157359,-7.51536099804125,-0.915545084017014,-6.59981591402424,-7.51536099804125
-0.243134540138421,-6.84295215202232,-0.243141132109966,-6.59981101991235,-6.84295215202232
