Total_energy,Adsorption_energy,Rigid_adsorption_energy,Deformation_energy,dEad/dNi
-1.38535669542896,-7.98517430731285,-1.38535695575455,-6.5998173515583,-7.98517430731285
-0.932230814167771,-7.53204842605167,-0.932230837005438,-6.59981758904623,-7.53204842605167
-0.237780713380699,-6.83759832526459,-0.237786824512155,-6.59981150075244,-6.83759832526459
