Total_energy,Adsorption_energy,Rigid_adsorption_energy,Deformation_energy,dEad/dNi
-1.37622755447021,-7.97604516635411,-1.37623878226155,-6.59980638409256,-7.97604516635411
-0.891362949455762,-7.49118056133966,-0.891363511495886,-6.59981704984377,-7.49118056133966
-0.258999315629842,-6.85881692751374,-0.259004031579015,-6.59981289593472,-6.85881692751374
