Total_energy,Adsorption_energy,Rigid_adsorption_energy,Deformation_energy,dEad/dNi
-1.37719823691892,-7.97701584880282,-1.37719940295033,-6.59981644585249,-7.97701584880282
-0.974821739760895,-7.57463935164479,-0.974822988900187,-6.5998163627446,-7.57463935164479
-0.521091718821901,-7.1209093307058,-0.521095759572219,-6.59981357113358,-7.1209093307058
