Total_energy,Adsorption_energy,Rigid_adsorption_energy,Deformation_energy,dEad/dNi
-1.38970344425947,-7.98952105614337,-1.38970394419978,-6.59981711194358,-7.98952105614337
-0.91557864320292,-7.51539625508681,-0.915582967407781,-6.59981328767903,-7.51539625508681
-0.31226343608346,-6.91208104796736,-0.312265425779622,-6.59981562218773,-6.91208104796736
