Total_energy,Adsorption_energy,Rigid_adsorption_energy,Deformation_energy,dEad/dNi
-1.37215405247696,-7.97197166436086,-1.37215405632397,-6.59981760803689,-7.97197166436086
-0.81934556843606,-7.41916318031996,-0.819349395367307,-6.59981378495265,-7.41916318031996
-0.247062240299652,-6.84687985218355,-0.247067343857892,-6.59981250832565,-6.84687985218355
