Total_energy,Adsorption_energy,Rigid_adsorption_energy,Deformation_energy,dEad/dNi
-1.36824269458515,-7.96806030646904,-1.36824336716741,-6.59981693930163,-7.96806030646904
-0.878514200105118,-7.47833181198901,-0.878514313207635,-6.59981749878138,-7.47833181198901
-0.362960626036752,-6.96277823792065,-0.362965585560241,-6.59981265236041,-6.96277823792065
