Total_energy,Adsorption_energy,Rigid_adsorption_energy,Deformation_energy,dEad/dNi
-1.38417750401606,-7.98399511589996,-1.38417753565284,-6.59981758024712,-7.98399511589996
-0.957113803819032,-7.55693141570293,-0.957114999197414,-6.59981641650551,-7.55693141570293
-0.274310602952115,-6.87412821483601,-0.274314141940184,-6.59981407289583,-6.87412821483601
