Total_energy,Adsorption_energy,Rigid_adsorption_energy,Deformation_energy,dEad/dNi
-1.38490069272019,-7.98471830460409,-1.38490230449641,-6.59981600010768,-7.98471830460409
-0.943764910960763,-7.54358252284466,-0.943768371100752,-6.59981415174391,-7.54358252284466
-0.475859420377162,-7.07567703226106,-0.475859832742677,-6.59981719951838,-7.07567703226106
