Total_energy,Adsorption_energy,Rigid_adsorption_energy,Deformation_energy,dEad/dNi
-1.38262161653512,-7.98243922841901,-1.3826255814217,-6.59981364699731,-7.98243922841901
-0.859011788796049,-7.45882940067994,-0.85901336611699,-6.59981603456295,-7.45882940067994
-0.30007883652128,-6.89989644840518,-0.300082895318015,-6.59981355308716,-6.89989644840518
