Total_energy,Adsorption_energy,Rigid_adsorption_energy,Deformation_energy,dEad/dNi
-1.36205462423571,-7.96187223611961,-1.36205622307096,-6.59981601304865,-7.96187223611961
-0.939258058153008,-7.5390756700369,-0.939264797509609,-6.59981087252729,-7.5390756700369
-0.269463396152854,-6.86928100803675,-0.269465329164102,-6.59981567887265,-6.86928100803675
