Total_energy,Adsorption_energy,Rigid_adsorption_energy,Deformation_energy,dEad/dNi
-1.38700217116439,-7.98681978304829,-1.38700291948681,-6.59981686356148,-7.98681978304829
-0.92389282372702,-7.52371043561092,-0.923894390007732,-6.59981604560318,-7.52371043561092
-0.260825769079025,-6.86064338096292,-0.260835177599423,-6.5998082033635,-6.86064338096292
