Total_energy,Adsorption_energy,Rigid_adsorption_energy,Deformation_energy,dEad/dNi
-1.36829177394033,-7.96810938582423,-1.36829180015571,-6.59981758566852,-7.96810938582423
-0.891095141264372,-7.49091275314827,-0.891095289837978,-6.59981746331029,-7.49091275314827
-0.363061331930145,-6.96287894381404,-0.363063055569531,-6.59981588824451,-6.96287894381404
