Total_energy,Adsorption_energy,Rigid_adsorption_energy,Deformation_energy,dEad/dNi
-1.37586333480671,-7.9756809466906,-1.3758635082048,-6.5998174384858,-7.9756809466906
-0.891609687913851,-7.49142729979775,-0.89160993249211,-6.59981736730564,-7.49142729979775
-0.246951244355845,-6.84676885623974,-0.246955796968723,-6.59981305927102,-6.84676885623974
