Total_energy,Adsorption_energy,Rigid_adsorption_energy,Deformation_energy,dEad/dNi
-1.37389533313966,-7.97371294502356,-1.3738965125846,-6.59981643243896,-7.97371294502356
-0.899094036958881,-7.49891164884278,-0.899094239251975,-6.5998174095908,-7.49891164884278
-0.575911665366571,-7.17572927725047,-0.575918852746759,-6.59981042450371,-7.17572927725047
