Total_energy,Adsorption_energy,Rigid_adsorption_energy,Deformation_energy,dEad/dNi
-1.36796256144774,-7.96778017333163,-1.36796926340834,-6.59981090992329,-7.96778017333163
-0.895215522053279,-7.49503313393717,-0.895220552875512,-6.59981258106166,-7.49503313393717
-0.398265389651391,-6.99808300153529,-0.398270599768679,-6.59981240176661,-6.99808300153529
