Total_energy,Adsorption_energy,Rigid_adsorption_energy,Deformation_energy,dEad/dNi
-1.38921548888453,-7.98903310076842,-1.38922520359565,-6.59980789717277,-7.98903310076842
-0.858200283141097,-7.45801789502499,-0.858200371976796,-6.5998175230482,-7.45801789502499
-0.239355697184207,-6.8391733090681,-0.239359403888567,-6.59981390517954,-6.8391733090681
