Total_energy,Adsorption_energy,Rigid_adsorption_energy,Deformation_energy,dEad/dNi
-1.39004508468802,-7.98986269657191,-1.39005371432508,-6.59980898224683,-7.98986269657191
-0.978298795994121,-7.57811640787802,-0.978305555601937,-6.59981085227608,-7.57811640787802
-0.660247908480985,-7.26006552036488,-0.660254109299824,-6.59981141106506,-7.26006552036488
