Total_energy,Adsorption_energy,Rigid_adsorption_energy,Deformation_energy,dEad/dNi
-1.3739560157518,-7.9737736276357,-1.37395927282951,-6.59981435480618,-7.9737736276357
-0.936140411043271,-7.53595802292717,-0.936142245766893,-6.59981577716027,-7.53595802292717
-0.542054013912441,-7.14187162579634,-0.54205401403297,-6.59981761176337,-7.14187162579634
