Total_energy,Adsorption_energy,Rigid_adsorption_energy,Deformation_energy,dEad/dNi
-1.38185129706658,-7.98166890895048,-1.38185200367778,-6.5998169052727,-7.98166890895048
-0.929573027491586,-7.52939063937548,-0.929573944324257,-6.59981669505122,-7.52939063937548
-0.301068745524495,-6.90088635740839,-0.301073691101835,-6.59981266630655,-6.90088635740839
