Total_energy,Adsorption_energy,Rigid_adsorption_energy,Deformation_energy,dEad/dNi
-1.38543193864125,-7.98524955052515,-1.38543215451591,-6.59981739600924,-7.98524955052515
-0.951846713753679,-7.55166432563757,-0.951849862606158,-6.59981446303142,-7.55166432563757
-0.19162119410558,-6.79143880598948,-0.191626382160089,-6.59981242382939,-6.79143880598948
