Total_energy,Adsorption_energy,Rigid_adsorption_energy,Deformation_energy,dEad/dNi
-1.38778815612749,-7.98760576801138,-1.38778844185402,-6.59981732615736,-7.98760576801138
-1.0370320014691,-7.63684961335299,-1.03703205512793,-6.59981755822506,-7.63684961335299
-0.55178338706795,-7.15160099895185,-0.55178525277653,-6.59981574617532,-7.15160099895185
-0.206412542602509,-6.8062301544864,-0.206417179116327,-6.59981297537008,-6.8062301544864
