Total_energy,Adsorption_energy,Rigid_adsorption_energy,Deformation_energy,dEad/dNi
-1.36918767522242,-7.96900528710631,-1.36918819836607,-6.59981708874024,-7.96900528710631
-0.893014266797714,-7.49283187868161,-0.893023701822773,-6.59980817685884,-7.49283187868161
-0.255338117257571,-6.85515572914147,-0.255342496004081,-6.59981323313739,-6.85515572914147
