Total_energy,Adsorption_energy,Rigid_adsorption_energy,Deformation_energy,dEad/dNi
-1.37672964871754,-7.97654726060143,-1.37673431405599,-6.59981294654545,-7.97654726060143
-0.962998170193622,-7.56281578207752,-0.962998758052079,-6.59981702402544,-7.56281578207752
-0.597744129603812,-7.19756174148771,-0.597745472670133,-6.59981626881757,-7.19756174148771
