Total_energy,Adsorption_energy,Rigid_adsorption_energy,Deformation_energy,dEad/dNi
-1.38833001674857,-7.98814762863246,-1.38833394335569,-6.59981368527677,-7.98814762863246
-0.813669617193957,-7.41348722907785,-0.813672333058261,-6.59981489601959,-7.41348722907785
-0.210276089523084,-6.81009370140698,-0.210276691099528,-6.59981701030745,-6.81009370140698
