Total_energy,Adsorption_energy,Rigid_adsorption_energy,Deformation_energy,dEad/dNi
-1.37655532868791,-7.97637294057181,-1.37656699381711,-6.5998059467547,-7.97637294057181
-0.941370215375943,-7.54118782725984,-0.941370813296991,-6.59981701396285,-7.54118782725984
-0.270814484480658,-6.87063209636455,-0.270820276731323,-6.59981181963323,-6.87063209636455
