Total_energy,Adsorption_energy,Rigid_adsorption_energy,Deformation_energy,dEad/dNi
-1.37338920657594,-7.97320681845983,-1.37339154659496,-6.59981527186487,-7.97320681845983
-0.899444705506308,-7.4992623173902,-0.899446263766351,-6.59981605362385,-7.4992623173902
-0.557910185573373,-7.15772779745727,-0.557910188810742,-6.59981760864653,-7.15772779745727
