Total_energy,Adsorption_energy,Rigid_adsorption_energy,Deformation_energy,dEad/dNi
-1.39323291180536,-7.99305052368926,-1.39323315578233,-6.59981736790693,-7.99305052368926
-0.916450556502247,-7.51626816838614,-0.916456166037009,-6.59981200234913,-7.51626816838614
-0.260219930805458,-6.86003754268935,-0.26022438515327,-6.59981315753608,-6.86003754268935
