Total_energy,Adsorption_energy,Rigid_adsorption_energy,Deformation_energy,dEad/dNi
-1.38192492306577,-7.98174253494966,-1.38193163749692,-6.59981089745275,-7.98174253494966
-0.951195174321445,-7.55101278620534,-0.951197966114688,-6.59981482009065,-7.55101278620534
-0.510949977638606,-7.1107675895225,-0.510950164943326,-6.59981742457918,-7.1107675895225
