Total_energy,Adsorption_energy,Rigid_adsorption_energy,Deformation_energy,dEad/dNi
-1.37510301260682,-7.97492062449071,-1.37510469168914,-6.59981593280157,-7.97492062449071
-0.914799088164666,-7.51461670004856,-0.914800303654877,-6.59981639639368,-7.51461670004856
-0.272736158381875,-6.87255377026577,-0.272739267411294,-6.59981450285448,-6.87255377026577
