Total_energy,Adsorption_energy,Rigid_adsorption_energy,Deformation_energy,dEad/dNi
-1.37594648881694,-7.97576410070084,-1.37595716793315,-6.59980693276769,-7.97576410070084
-0.969737879883014,-7.56955549176691,-0.969738213409113,-6.5998172783578,-7.56955549176691
-0.424627406987869,-7.02444501887176,-0.424628931615584,-6.59981608725618,-7.02444501887176
