Total_energy,Adsorption_energy,Rigid_adsorption_energy,Deformation_energy,dEad/dNi
-1.38994601925861,-7.98976363114251,-1.38995066781617,-6.59981296332634,-7.98976363114251
-0.813678234096932,-7.41349584598083,-0.813683083148546,-6.59981276283228,-7.41349584598083
