Total_energy,Adsorption_energy,Rigid_adsorption_energy,Deformation_energy,dEad/dNi
-1.37631032175737,-7.97612793364126,-1.37631128650494,-6.59981664713633,-7.97612793364126
-0.848930771947761,-7.44874838383166,-0.848932556695296,-6.59981582713636,-7.44874838383166
-0.421989703048927,-7.02180731493282,-0.421997808849979,-6.59980950608284,-7.02180731493282
