Total_energy,Adsorption_energy,Rigid_adsorption_energy,Deformation_energy,dEad/dNi
-1.36440248134538,-7.96422009322928,-1.36440275864415,-6.59981733458512,-7.96422009322928
-0.902653543664761,-7.50247115554866,-0.902657651976428,-6.59981350357223,-7.50247115554866
-0.281893319964747,-6.88171093184864,-0.28189773132824,-6.5998132005204,-6.88171093184864
