Total_energy,Adsorption_energy,Rigid_adsorption_energy,Deformation_energy,dEad/dNi
-1.37253600710668,-7.97235361899057,-1.37253688106222,-6.59981673792835,-7.97235361899057
-0.940037416284515,-7.53985502816841,-0.940037488813365,-6.59981753935504,-7.53985502816841
-0.330393457386267,-6.93021106927016,-0.330398730289598,-6.59981233898056,-6.93021106927016
