Total_energy,Adsorption_energy,Rigid_adsorption_energy,Deformation_energy,dEad/dNi
-1.37066622916812,-7.97048384105202,-1.3706672734614,-6.59981656759062,-7.97048384105202
-0.935612356887133,-7.53542996877103,-0.935613063941046,-6.59981690482998,-7.53542996877103
-0.234449144101109,-6.834266755985,-0.234449376617951,-6.59981737936705,-6.834266755985
