Total_energy,Adsorption_energy,Rigid_adsorption_energy,Deformation_energy,dEad/dNi
-1.35210050572881,-7.9519181176127,-1.35210053764194,-6.59981757997076,-7.9519181176127
-0.917653668697325,-7.51747128058122,-0.917657124295989,-6.59981415628523,-7.51747128058122
-0.291505056563728,-6.89132266844762,-0.291506338256419,-6.5998163301912,-6.89132266844762
