Total_energy,Adsorption_energy,Rigid_adsorption_energy,Deformation_energy,dEad/dNi
-1.374045470126,-7.9738630820099,-1.37404892098454,-6.59981416102536,-7.9738630820099
-0.958251733538907,-7.5580693454228,-0.958252208482308,-6.5998171369405,-7.5580693454228
-0.521420683222975,-7.12123829510687,-0.521422884808917,-6.59981541029795,-7.12123829510687
