Total_energy,Adsorption_energy,Rigid_adsorption_energy,Deformation_energy,dEad/dNi
-1.39598841585454,-7.99580602773844,-1.39599654736209,-6.59980948037635,-7.99580602773844
-0.921920099564552,-7.52173771144845,-0.921920114816854,-6.59981759663159,-7.52173771144845
-0.440059959304504,-7.0398775711884,-0.440064323560413,-6.59981324762799,-7.0398775711884
