Total_energy,Adsorption_energy,Rigid_adsorption_energy,Deformation_energy,dEad/dNi
-1.37993481531502,-7.97975242719892,-1.37995192786991,-6.59980049932901,-7.97975242719892
-0.907146654315596,-7.50696426619949,-0.907149892880101,-6.59981437331939,-7.50696426619949
-0.283915312293153,-6.88373292417705,-0.283919977001319,-6.59981294717573,-6.88373292417705
