Total_energy,Adsorption_energy,Rigid_adsorption_energy,Deformation_energy,dEad/dNi
-1.38743292527264,-7.98725053715654,-1.38744679947553,-6.59980373768101,-7.98725053715654
-0.833743671248579,-7.43356128313247,-0.833743716962104,-6.59981756617037,-7.43356128313247
-0.289115572675401,-6.8889331845593,-0.289119248566252,-6.59981393599304,-6.8889331845593
