Total_energy,Adsorption_energy,Rigid_adsorption_energy,Deformation_energy,dEad/dNi
-1.37347026317435,-7.97328787505824,-1.37348049726594,-6.5998073777923,-7.97328787505824
-0.901719650429242,-7.50153726231314,-0.901721424779922,-6.59981583753321,-7.50153726231314
-0.376063799793627,-6.97588141167752,-0.376066927869391,-6.59981448380813,-6.97588141167752
