Total_energy,Adsorption_energy,Rigid_adsorption_energy,Deformation_energy,dEad/dNi
-1.39562053682878,-7.99543814871268,-1.39562077010275,-6.59981737860993,-7.99543814871268
-0.82558695606518,-7.42540456794908,-0.825589867165708,-6.59981470078337,-7.42540456794908
