Total_energy,Adsorption_energy,Rigid_adsorption_energy,Deformation_energy,dEad/dNi
-1.37392621334466,-7.97374382522855,-1.37393307670339,-6.59981074852516,-7.97374382522855
-0.892730576906241,-7.49254818879014,-0.892740094174135,-6.599808094616,-7.49254818879014
-0.273546433491865,-6.87336404537576,-0.2735503070866,-6.59981373828916,-6.87336404537576
