Total_energy,Adsorption_energy,Rigid_adsorption_energy,Deformation_energy,dEad/dNi
-1.36792459759149,-7.96774220947538,-1.36794177255772,-6.59980043691767,-7.96774220947538
-0.763303421734298,-7.36312103361819,-0.763305731674668,-6.59981530194352,-7.36312103361819
-0.252551769224342,-6.85236938110824,-0.252558001188563,-6.59981137991967,-6.85236938110824
