Total_energy,Adsorption_energy,Rigid_adsorption_energy,Deformation_energy,dEad/dNi
-1.37941954796332,-7.97923715984722,-1.37942076162701,-6.5998163982202,-7.97923715984722
-0.837416701892199,-7.43723431377609,-0.837419071303863,-6.59981524247223,-7.43723431377609
