Total_energy,Adsorption_energy,Rigid_adsorption_energy,Deformation_energy,dEad/dNi
-1.38176057156928,-7.98157818345317,-1.38176447784653,-6.59981370560665,-7.98157818345317
-0.840859736436438,-7.44067734832033,-0.840861633834281,-6.59981571448605,-7.44067734832033
-0.259810166709557,-6.85962777859345,-0.259813188683235,-6.59981458991022,-6.85962777859345
