Total_energy,Adsorption_energy,Rigid_adsorption_energy,Deformation_energy,dEad/dNi
-1.37852625843988,-7.97834387032378,-1.37853747500768,-6.5998063953161,-7.97834387032378
-0.971593610339959,-7.57141122222385,-0.97160157662572,-6.59980964559813,-7.57141122222385
-0.377365828295119,-6.97718344017901,-0.377366217759864,-6.59981722241915,-6.97718344017901
