Total_energy,Adsorption_energy,Rigid_adsorption_energy,Deformation_energy,dEad/dNi
-1.3724218823542,-7.9722394942381,-1.37242191038244,-6.59981758385565,-7.9722394942381
-0.941044664557453,-7.54086227644135,-0.941047399857264,-6.59981487658408,-7.54086227644135
-0.349678963532753,-6.94949657541665,-0.349682890732278,-6.59981368468437,-6.94949657541665
