Total_energy,Adsorption_energy,Rigid_adsorption_energy,Deformation_energy,dEad/dNi
-1.39966048699892,-7.99947809888282,-1.39966898659185,-6.59980911229097,-7.99947809888282
-0.934742718044373,-7.53456032992827,-0.934746816703613,-6.59981351322466,-7.53456032992827
-0.271370270118659,-6.87118788200255,-0.27137058101471,-6.59981730098784,-6.87118788200255
