Total_energy,Adsorption_energy,Rigid_adsorption_energy,Deformation_energy,dEad/dNi
-1.39221882604438,-7.99203643792827,-1.3922223442763,-6.59981409365198,-7.99203643792827
-0.851055894237223,-7.45087350612112,-0.851061855871237,-6.59981165024988,-7.45087350612112
-0.264118697176295,-6.86393630906019,-0.264124018610006,-6.59981229045018,-6.86393630906019
