Total_energy,Adsorption_energy,Rigid_adsorption_energy,Deformation_energy,dEad/dNi
-1.38823691241329,-7.98805452429718,-1.38823792954921,-6.59981659474797,-7.98805452429718
-0.937145444903622,-7.53696305678752,-0.937146981023351,-6.59981607576417,-7.53696305678752
-0.241606016877289,-6.84142362876118,-0.241606382115064,-6.59981724664612,-6.84142362876118
