Total_energy,Adsorption_energy,Rigid_adsorption_energy,Deformation_energy,dEad/dNi
-1.37662099087158,-7.97643860275548,-1.37662166074941,-6.59981694200607,-7.97643860275548
-0.918154352372788,-7.51797196425668,-0.918154381320966,-6.59981758293572,-7.51797196425668
-0.31006831235782,-6.90988592424172,-0.310069479161375,-6.59981644508034,-6.90988592424172
