Total_energy,Adsorption_energy,Rigid_adsorption_energy,Deformation_energy,dEad/dNi
-1.39278366062762,-7.99260127251152,-1.39279314309123,-6.59980812942028,-7.99260127251152
-0.970937957962741,-7.57075556984664,-0.970938791565201,-6.59981677828144,-7.57075556984664
-0.249528067328561,-6.84934567921246,-0.249528115836281,-6.59981756337618,-6.84934567921246
