Total_energy,Adsorption_energy,Rigid_adsorption_energy,Deformation_energy,dEad/dNi
-1.37147886970782,-7.97129648159171,-1.37147942460435,-6.59981705698737,-7.97129648159171
-0.892902873761833,-7.49272048564573,-0.892902974771675,-6.59981751087405,-7.49272048564573
-0.413157181724015,-7.01297479360791,-0.413158998599014,-6.5998157950089,-7.01297479360791
