Total_energy,Adsorption_energy,Rigid_adsorption_energy,Deformation_energy,dEad/dNi
-1.37530770823337,-7.97512532011727,-1.37531419408107,-6.5998111260362,-7.97512532011727
-0.87494112050315,-7.47475873238705,-0.874943858311441,-6.59981487407561,-7.47475873238705
-0.411241129784645,-7.01105874166854,-0.41124312313868,-6.59981561852986,-7.01105874166854
