Total_energy,Adsorption_energy,Rigid_adsorption_energy,Deformation_energy,dEad/dNi
-1.3721158772305,-7.97193348911439,-1.37212831118508,-6.59980517792931,-7.97193348911439
-0.819843667972617,-7.41966127985651,-0.819845705398197,-6.59981557445832,-7.41966127985651
-0.274333183726475,-6.87415079561037,-0.274342168806039,-6.59980862680433,-6.87415079561037
