Total_energy,Adsorption_energy,Rigid_adsorption_energy,Deformation_energy,dEad/dNi
-1.38486134905068,-7.98467896093457,-1.38486386915143,-6.59981509178314,-7.98467896093457
-0.811141928767442,-7.41095954065134,-0.811142265414029,-6.59981727523731,-7.41095954065134
-0.314021843501208,-6.9138394553851,-0.314021973103531,-6.59981748228157,-6.9138394553851
