Total_energy,Adsorption_energy,Rigid_adsorption_energy,Deformation_energy,dEad/dNi
-1.38229015406525,-7.98210776594914,-1.38229453035623,-6.59981323559292,-7.98210776594914
-0.781546059916707,-7.3813636718006,-0.781559662620681,-6.59980400917992,-7.3813636718006
