Total_energy,Adsorption_energy,Rigid_adsorption_energy,Deformation_energy,dEad/dNi
-1.37020878720898,-7.97002639909288,-1.37020889064196,-6.59981750845092,-7.97002639909288
-0.929497136917799,-7.52931474880169,-0.929497782635335,-6.59981696616636,-7.52931474880169
-0.323027133663173,-6.92284474554707,-0.32302745069653,-6.59981729485054,-6.92284474554707
