Total_energy,Adsorption_energy,Rigid_adsorption_energy,Deformation_energy,dEad/dNi
-1.37850420628741,-7.9783218181713,-1.37851304326302,-6.59980877490829,-7.9783218181713
-0.877398003463341,-7.47721561534724,-0.877398055071078,-6.59981756027616,-7.47721561534724
-0.257170360838162,-6.85698797272206,-0.257172979882029,-6.59981499284003,-6.85698797272206
