Total_energy,Adsorption_energy,Rigid_adsorption_energy,Deformation_energy,dEad/dNi
-1.39038160183375,-7.99019921371765,-1.39038209624271,-6.59981711747494,-7.99019921371765
-0.90071112360093,-7.50052873548483,-0.900720197470265,-6.59980853801456,-7.50052873548483
-0.390870484623364,-6.99068809650726,-0.390872264075683,-6.59981583243158,-6.99068809650726
