Total_energy,Adsorption_energy,Rigid_adsorption_energy,Deformation_energy,dEad/dNi
-1.36975896261558,-7.96957657449948,-1.36976577147121,-6.59981080302827,-7.96957657449948
-0.826286611767129,-7.42610422365102,-0.826286683840839,-6.59981753981018,-7.42610422365102
-0.278393120023436,-6.87821073190733,-0.278395885475097,-6.59981484643223,-6.87821073190733
