Total_energy,Adsorption_energy,Rigid_adsorption_energy,Deformation_energy,dEad/dNi
-1.38137290140411,-7.98119051328801,-1.38137473378484,-6.59981577950316,-7.98119051328801
-0.964277599300435,-7.56409521118433,-0.964311549778867,-6.59978366140546,-7.56409521118433
-0.30801955342871,-6.90783716531261,-0.308024995221632,-6.59981217009097,-6.90783716531261
