Total_energy,Adsorption_energy,Rigid_adsorption_energy,Deformation_energy,dEad/dNi
-1.38859387462136,-7.98841148650525,-1.38860966553905,-6.5998018209662,-7.98841148650525
-0.985927280602796,-7.58574489248669,-0.985929614378544,-6.59981527810815,-7.58574489248669
-0.600073901049952,-7.19989151293385,-0.600078303336085,-6.59981320959776,-7.19989151293385
