Total_energy,Adsorption_energy,Rigid_adsorption_energy,Deformation_energy,dEad/dNi
-1.37695689874013,-7.97677451062402,-1.37695694451283,-6.59981756611119,-7.97677451062402
-0.934361808117116,-7.53417942000101,-0.934361917385789,-6.59981750261522,-7.53417942000101
-0.253623920435748,-6.85344153231964,-0.253629484394682,-6.59981204792496,-6.85344153231964
