Total_energy,Adsorption_energy,Rigid_adsorption_energy,Deformation_energy,dEad/dNi
-1.37916717809091,-7.97898478997481,-1.37917943293857,-6.59980535703624,-7.97898478997481
-0.938858492999882,-7.53867610488378,-0.938860428938548,-6.59981567594523,-7.53867610488378
-0.271209245508344,-6.87102685739224,-0.271214681360109,-6.59981217603213,-6.87102685739224
