Total_energy,Adsorption_energy,Rigid_adsorption_energy,Deformation_energy,dEad/dNi
-1.37370012338192,-7.97351773526582,-1.37370023863584,-6.59981749662998,-7.97351773526582
-0.836543249319661,-7.43636086120356,-0.836544432418885,-6.59981642878467,-7.43636086120356
-0.245427344995086,-6.84524495687898,-0.245427461248398,-6.59981749563058,-6.84524495687898
