Total_energy,Adsorption_energy,Rigid_adsorption_energy,Deformation_energy,dEad/dNi
-1.38082711257906,-7.98064472446295,-1.38082711669827,-6.59981760776468,-7.98064472446295
-0.97141299496653,-7.57123060685043,-0.971415908442407,-6.59981469840802,-7.57123060685043
-0.29889055750534,-6.89870816938924,-0.298890757812242,-6.59981741157699,-6.89870816938924
