Total_energy,Adsorption_energy,Rigid_adsorption_energy,Deformation_energy,dEad/dNi
-1.37937450315482,-7.97919211503871,-1.37937524148901,-6.5998168735497,-7.97919211503871
-0.963868792306499,-7.56368640419039,-0.963868798506727,-6.59981760568367,-7.56368640419039
-0.232020712389705,-6.8318383242736,-0.232026383135998,-6.5998119411376,-6.8318383242736
