Total_energy,Adsorption_energy,Rigid_adsorption_energy,Deformation_energy,dEad/dNi
-1.38614492618826,-7.98596253807215,-1.38614492653894,-6.59981761153321,-7.98596253807215
-0.925588343376688,-7.52540595526058,-0.925588836191969,-6.59981711906862,-7.52540595526058
-0.237139745274101,-6.836957357158,-0.237146743059129,-6.59981061409887,-6.836957357158
