Total_energy,Adsorption_energy,Rigid_adsorption_energy,Deformation_energy,dEad/dNi
-1.39094435297222,-7.99076196485612,-1.39094694279226,-6.59981502206386,-7.99076196485612
-0.9035377338636,-7.5033553457475,-0.903545525370664,-6.59980982037683,-7.5033553457475
-0.330223422054746,-6.93004103393864,-0.330223850695219,-6.59981718324342,-6.93004103393864
