Total_energy,Adsorption_energy,Rigid_adsorption_energy,Deformation_energy,dEad/dNi
-1.38827657431829,-7.98809418620218,-1.38828888740531,-6.59980529879687,-7.98809418620218
-0.921593961622097,-7.52141157350599,-0.921597726802159,-6.59981384670383,-7.52141157350599
-0.306237939014099,-6.90605555089799,-0.306239559677065,-6.59981599122093,-6.90605555089799
