Total_energy,Adsorption_energy,Rigid_adsorption_energy,Deformation_energy,dEad/dNi
-1.37971295867672,-7.97953057056062,-1.37972687310886,-6.59980369745176,-7.97953057056062
-0.933260094007324,-7.53307770589122,-0.933265300278624,-6.5998124056126,-7.53307770589122
-0.433686847323948,-7.03350445920784,-0.433686851974841,-6.599817607233,-7.03350445920784
