Total_energy,Adsorption_energy,Rigid_adsorption_energy,Deformation_energy,dEad/dNi
-1.37750614215094,-7.97732375403483,-1.37750702116826,-6.59981673286658,-7.97732375403483
-0.930406813796334,-7.53022442568023,-0.930413071453881,-6.59981135422635,-7.53022442568023
-0.253973843778679,-6.85379145566257,-0.253976864626741,-6.59981459103583,-6.85379145566257
