Total_energy,Adsorption_energy,Rigid_adsorption_energy,Deformation_energy,dEad/dNi
-1.37408181489274,-7.97389942677663,-1.3740839492164,-6.59981547756023,-7.97389942677663
-0.904849195486481,-7.50466680737038,-0.904849395256595,-6.59981741211378,-7.50466680737038
-0.248214883292386,-6.84803249517628,-0.248218165503439,-6.59981432967284,-6.84803249517628
