Total_energy,Adsorption_energy,Rigid_adsorption_energy,Deformation_energy,dEad/dNi
-1.3739072686779,-7.97372488056179,-1.37392204035792,-6.59980284020388,-7.97372488056179
-0.960726551271059,-7.56054416315495,-0.960726551281805,-6.59981761187315,-7.56054416315495
-0.419097539693768,-7.01891515157766,-0.419108107895481,-6.59980704368218,-7.01891515157766
