Total_energy,Adsorption_energy,Rigid_adsorption_energy,Deformation_energy,dEad/dNi
-1.36536948994746,-7.96518710183135,-1.36536971385271,-6.59981738797864,-7.96518710183135
-0.788745587552262,-7.38856319943616,-0.788746194452338,-6.59981700498382,-7.38856319943616
-0.249642906760534,-6.84946051864443,-0.249644766373428,-6.599815752271,-6.84946051864443
