Total_energy,Adsorption_energy,Rigid_adsorption_energy,Deformation_energy,dEad/dNi
-1.68582397702789,-1.9119476053554,-1.68583236775277,-0.226115237602632,-1.9119476053554
-1.18590485991953,-1.41202848824705,-1.18618612094851,-0.225842367298542,-1.41202848824705
-0.722073786436774,-0.948197414764294,-0.722087212233375,-0.226110202530919,-0.948197414764294
