Total_energy,Adsorption_energy,Rigid_adsorption_energy,Deformation_energy,dEad/dNi
-1.67694208415263,-1.90306571248015,-1.67695055955429,-0.226115152925858,-1.90306571248015
-1.23126572178542,-1.45738935011294,-1.23143802990289,-0.225951320210045,-1.45738935011294
-0.915662981827041,-1.14178661015456,-0.915754158965871,-0.22603245118869,-1.14178661015456
-0.287805889257275,-0.513929517584794,-0.287815714016122,-0.226113803568672,-0.513929517584794
