Total_energy,Adsorption_energy,Rigid_adsorption_energy,Deformation_energy,dEad/dNi
-1.6697631404102,-1.89588676873772,-1.66979786629769,-0.226088902440033,-1.89588676873772
-1.2255631304156,-1.45168675874312,-1.22556899178239,-0.226117766960735,-1.45168675874312
-0.775420271970891,-1.00154390029841,-0.775427807679088,-0.226116092619322,-1.00154390029841
-0.235516002353664,-0.461639630681183,-0.235530637089345,-0.226108993591838,-0.461639630681183
