Total_energy,Adsorption_energy,Rigid_adsorption_energy,Deformation_energy,dEad/dNi
-1.68464839454602,-1.91077202287354,-1.68471396663844,-0.2260580562351,-1.91077202287354
-1.21762224218292,-1.44374587051044,-1.21762780860101,-0.226118061909427,-1.44374587051044
-0.735001160429735,-0.961124788757254,-0.735017019157064,-0.226107769600191,-0.961124788757254
-0.254020047081882,-0.480143675409401,-0.254119953282915,-0.226023722126486,-0.480143675409401
