Total_energy,Adsorption_energy,Rigid_adsorption_energy,Deformation_energy,dEad/dNi
-1.66571767937183,-1.89184130769934,-1.66575165377567,-0.226089653923677,-1.89184130769934
-1.22197772469006,-1.44810135301758,-1.22199805746632,-0.226103295551257,-1.44810135301758
-0.738650078672682,-0.964773707000201,-0.738657823921122,-0.226115883079079,-0.964773707000201
-0.335558377306685,-0.561682005634204,-0.33556899770357,-0.226113007930634,-0.561682005634204
