Total_energy,Adsorption_energy,Rigid_adsorption_energy,Deformation_energy,dEad/dNi
-1.68091295988378,-1.9070365882113,-1.68093315331986,-0.226103434891441,-1.9070365882113
-1.25611027262145,-1.48223390094897,-1.25616827047131,-0.226065630477654,-1.48223390094897
-0.615733052383255,-0.841856680710774,-0.615974509726935,-0.225882170983839,-0.841856680710774
