Total_energy,Adsorption_energy,Rigid_adsorption_energy,Deformation_energy,dEad/dNi
-1.66421057783409,-1.89033420616161,-1.66426424847556,-0.226069957686051,-1.89033420616161
-1.21524221603683,-1.44136584436435,-1.21531216961245,-0.226053674751902,-1.44136584436435
-0.796808010671253,-1.02293163899877,-0.796854041957676,-0.226077597041096,-1.02293163899877
