Total_energy,Adsorption_energy,Rigid_adsorption_energy,Deformation_energy,dEad/dNi
-1.68324217842595,-1.90936580675346,-1.6832549248537,-0.226110881899763,-1.90936580675346
-1.23928865277244,-1.46541228109995,-1.23930239313492,-0.226109887965031,-1.46541228109995
-0.780315887370098,-1.00643951569762,-0.780358733117484,-0.226080782580133,-1.00643951569762
-0.291056794962619,-0.517180423290138,-0.291088273420136,-0.226092149870002,-0.517180423290138
