Total_energy,Adsorption_energy,Rigid_adsorption_energy,Deformation_energy,dEad/dNi
-1.66963989204378,-1.8957635203713,-1.66966179746252,-0.226101722908777,-1.8957635203713
-1.22683300380193,-1.45295663212945,-1.22686350736708,-0.226093124762369,-1.45295663212945
-0.547566152922671,-0.77368978125019,-0.547586497470913,-0.226103283779277,-0.77368978125019
