Total_energy,Adsorption_energy,Rigid_adsorption_energy,Deformation_energy,dEad/dNi
-1.67857958326217,-1.90470321158969,-1.6786177085379,-0.226085503051793,-1.90470321158969
-1.17863154543032,-1.40475517375784,-1.17863655159025,-0.226118622167583,-1.40475517375784
-0.654394872961557,-0.880518501289076,-0.654398390471568,-0.226120110817508,-0.880518501289076
