Total_energy,Adsorption_energy,Rigid_adsorption_energy,Deformation_energy,dEad/dNi
-1.6527362596193,-1.87885988794681,-1.65276217802906,-0.226097709917753,-1.87885988794681
-1.24949111752654,-1.47561474585406,-1.24949263077345,-0.22612211508061,-1.47561474585406
-0.554972488925802,-0.781096117253321,-0.555006669655863,-0.226089447597458,-0.781096117253321
