Total_energy,Adsorption_energy,Rigid_adsorption_energy,Deformation_energy,dEad/dNi
-1.68502290699236,-1.91114653531988,-1.68508461240938,-0.226061922910498,-1.91114653531988
-1.21921566891531,-1.44533929724282,-1.21924589918474,-0.226093398058081,-1.44533929724282
-0.269024387334533,-0.495148015662052,-0.269029397056997,-0.226118618605055,-0.495148015662052
