Total_energy,Adsorption_energy,Rigid_adsorption_energy,Deformation_energy,dEad/dNi
-1.66546795595418,-1.8915915842817,-1.66547701366856,-0.226114570613141,-1.8915915842817
-1.16979354312602,-1.39591717145354,-1.16982361080619,-0.226093560647343,-1.39591717145354
-0.616766529384765,-0.842890157712284,-0.619231044011699,-0.223659113700585,-0.842890157712284
