Total_energy,Adsorption_energy,Rigid_adsorption_energy,Deformation_energy,dEad/dNi
-1.67245455690129,-1.89857818522881,-1.67245755301921,-0.226120632209598,-1.89857818522881
-1.16584484068542,-1.39196846901294,-1.16586195246634,-0.226106516546599,-1.39196846901294
-0.249706479576739,-0.475830107904258,-0.249721309476826,-0.226108798427432,-0.475830107904258
