Total_energy,Adsorption_energy,Rigid_adsorption_energy,Deformation_energy,dEad/dNi
-1.66290298508157,-1.88902661340909,-1.66293001980889,-0.226096593600208,-1.88902661340909
-1.15407147934391,-1.38019510767143,-1.15410145464214,-0.226093653029298,-1.38019510767143
-0.687401006828373,-0.913524635155892,-0.687440694773873,-0.226083940382019,-0.913524635155892
