Total_energy,Adsorption_energy,Rigid_adsorption_energy,Deformation_energy,dEad/dNi
-1.66746582177836,-1.89358945010588,-1.66748262143779,-0.22610682866809,-1.89358945010588
-1.20739259713991,-1.43351622546742,-1.20742992377213,-0.226086301695299,-1.43351622546742
-0.733706008576772,-0.959829636904291,-0.733781064249838,-0.226048572654453,-0.959829636904291
-0.251944338460877,-0.478067966788396,-0.251945381858835,-0.226122584929561,-0.478067966788396
