Total_energy,Adsorption_energy,Rigid_adsorption_energy,Deformation_energy,dEad/dNi
-1.66460228925536,-1.89072591758288,-1.66461745685422,-0.226108460728651,-1.89072591758288
-1.2265512691636,-1.45267489749112,-1.22660680310132,-0.226068094389797,-1.45267489749112
-0.226710237995559,-0.452833866323078,-0.22672022131725,-0.226113645005829,-0.452833866323078
