Total_energy,Adsorption_energy,Rigid_adsorption_energy,Deformation_energy,dEad/dNi
-1.66392023475082,-1.89004386307834,-1.66393706691355,-0.226106796164787,-1.89004386307834
-1.1557614275839,-1.38188505591142,-1.1557764126847,-0.226108643226722,-1.38188505591142
-0.599039970282707,-0.825163598610226,-0.59904857702866,-0.226115021581567,-0.825163598610226
