Total_energy,Adsorption_energy,Rigid_adsorption_energy,Deformation_energy,dEad/dNi
-1.66540915857841,-1.89153278690593,-1.66545336049246,-0.22607942641347,-1.89153278690593
-1.25856945918475,-1.48469308751227,-1.25859112359207,-0.226101963920203,-1.48469308751227
-0.831812330086873,-1.05793595841439,-0.832669045884619,-0.225266912529773,-1.05793595841439
-0.575770127621351,-0.80189375594887,-0.575830622992364,-0.226063132956507,-0.80189375594887
