Total_energy,Adsorption_energy,Rigid_adsorption_energy,Deformation_energy,dEad/dNi
-1.67922801976599,-1.90535164809351,-1.67924719782776,-0.226104450265745,-1.90535164809351
-1.19169900168763,-1.41782263001515,-1.19170312645436,-0.22611950356079,-1.41782263001515
-0.686185406384699,-0.912309034712218,-0.686201231296146,-0.226107803416073,-0.912309034712218
-0.218945394066603,-0.445069022394123,-0.218994911575237,-0.226074110818885,-0.445069022394123
