Total_energy,Adsorption_energy,Rigid_adsorption_energy,Deformation_energy,dEad/dNi
-1.67048297690476,-1.89660660523228,-1.67048314416044,-0.226123461071842,-1.89660660523228
-1.16485154786663,-1.39097517619415,-1.16488110964486,-0.226094066549294,-1.39097517619415
-0.654699410397967,-0.880823038725486,-0.654749685344968,-0.226073353380518,-0.880823038725486
