Total_energy,Adsorption_energy,Rigid_adsorption_energy,Deformation_energy,dEad/dNi
-1.66822825080737,-1.89435187913489,-1.66824449404832,-0.226107385086572,-1.89435187913489
-1.20651966507217,-1.43264329339969,-1.20661635281044,-0.226026940589251,-1.43264329339969
-0.609072672790923,-0.835196301118442,-0.609078308724948,-0.226117992393494,-0.835196301118442
