Total_energy,Adsorption_energy,Rigid_adsorption_energy,Deformation_energy,dEad/dNi
-1.66843915057617,-1.89456277890369,-1.66847734141924,-0.22608543748445,-1.89456277890369
-1.18040216076875,-1.40652578909627,-1.1804171361937,-0.226108652902571,-1.40652578909627
-0.468061856709343,-0.694185485036862,-0.468066172711222,-0.226119312325641,-0.694185485036862
