Total_energy,Adsorption_energy,Rigid_adsorption_energy,Deformation_energy,dEad/dNi
-1.68245912256345,-1.90858275089097,-1.68248119190857,-0.226101558982394,-1.90858275089097
-1.1395151540722,-1.36563878239972,-1.13952764219565,-0.226111140204065,-1.36563878239972
-0.632245056253669,-0.858368684581188,-0.632249079647296,-0.226119604933892,-0.858368684581188
-0.247917014189845,-0.474040642517365,-0.247928702693574,-0.22611193982379,-0.474040642517365
