Total_energy,Adsorption_energy,Rigid_adsorption_energy,Deformation_energy,dEad/dNi
-1.67407965895593,-1.90020328728345,-1.67409232622281,-0.226110961060634,-1.90020328728345
-1.24833773021267,-1.47446135854019,-1.24836952717204,-0.226091831368148,-1.47446135854019
-0.790078135033448,-1.01620176336097,-0.790080379402324,-0.226121383958643,-1.01620176336097
-0.236065273478519,-0.462188901806038,-0.236071711679167,-0.226117190126871,-0.462188901806038
