Total_energy,Adsorption_energy,Rigid_adsorption_energy,Deformation_energy,dEad/dNi
-1.68053473740095,-1.90665836572847,-1.68054795381908,-0.226110411909385,-1.90665836572847
-1.25815748657265,-1.48428111490017,-1.25817478879393,-0.226106326106245,-1.48428111490017
-0.818798331286983,-1.0449219596145,-0.818921944768317,-0.226000014846186,-1.0449219596145
