Total_energy,Adsorption_energy,Rigid_adsorption_energy,Deformation_energy,dEad/dNi
-1.68521558466693,-1.91133921299445,-1.68521575951069,-0.226123453483764,-1.91133921299445
-1.2341247017309,-1.46024833005842,-1.2341307061496,-0.226117623908824,-1.46024833005842
-0.768134143648866,-0.994257771976385,-0.768144576790532,-0.226113195185853,-0.994257771976385
