Total_energy,Adsorption_energy,Rigid_adsorption_energy,Deformation_energy,dEad/dNi
-1.68539246697308,-1.9115160953006,-1.68545220432669,-0.226063890973913,-1.9115160953006
-1.26991143588919,-1.49603506421671,-1.26992050845571,-0.226114555761001,-1.49603506421671
-0.701185920281804,-0.927309548609324,-0.702424971281449,-0.224884577327874,-0.927309548609324
