Total_energy,Adsorption_energy,Rigid_adsorption_energy,Deformation_energy,dEad/dNi
-1.68357991249334,-1.90970354082086,-1.6835921820637,-0.226111358757157,-1.90970354082086
-1.24900374678293,-1.47512737511045,-1.249023711741,-0.226103663369456,-1.47512737511045
-0.759926168671787,-0.986049796999306,-0.759960157786434,-0.226089639212872,-0.986049796999306
-0.536718512910908,-0.762842141238427,-0.536722082998511,-0.226120058239916,-0.762842141238427
