Total_energy,Adsorption_energy,Rigid_adsorption_energy,Deformation_energy,dEad/dNi
-1.68239260340911,-1.90851623173662,-1.68240902541448,-0.226107206322145,-1.90851623173662
-1.2293858491114,-1.45550947743892,-1.22939480121074,-0.226114676228184,-1.45550947743892
-0.840170830624055,-1.06629445895157,-0.840198521510588,-0.226095937440986,-1.06629445895157
-0.270868007850722,-0.496991636178241,-0.270918681712277,-0.226072954465964,-0.496991636178241
