Total_energy,Adsorption_energy,Rigid_adsorption_energy,Deformation_energy,dEad/dNi
-1.6666927697281,-1.89281639805562,-1.66672303691248,-0.226093361143139,-1.89281639805562
-1.12544729733246,-1.35157092565998,-1.12546347452154,-0.22610745113844,-1.35157092565998
-0.716148285960716,-0.942271914288235,-0.716222457924571,-0.226049456363664,-0.942271914288235
