Total_energy,Adsorption_energy,Rigid_adsorption_energy,Deformation_energy,dEad/dNi
-1.67111830035993,-1.89724192868745,-1.67116168123031,-0.226080247457135,-1.89724192868745
-1.14811049496855,-1.37423412329607,-1.14811352989674,-0.226120593399334,-1.37423412329607
-0.665680412451237,-0.891804040778756,-0.665691335375401,-0.226112705403356,-0.891804040778756
