Total_energy,Adsorption_energy,Rigid_adsorption_energy,Deformation_energy,dEad/dNi
-1.68621919083431,-1.91234281916183,-1.68628948512936,-0.226053334032466,-1.91234281916183
-1.25713251851816,-1.48325614684568,-1.25724471598704,-0.226011430858638,-1.48325614684568
-0.823895874632338,-1.05001950295986,-0.823913341831994,-0.226106161127863,-1.05001950295986
-0.261827010979623,-0.487950639307142,-0.261841748056766,-0.226108891250376,-0.487950639307142
