Total_energy,Adsorption_energy,Rigid_adsorption_energy,Deformation_energy,dEad/dNi
-1.66010812510712,-1.88623175343464,-1.66010966765616,-0.226122085778481,-1.88623175343464
-1.17383586428658,-1.3999594926141,-1.1738400465972,-0.226119446016907,-1.3999594926141
-0.670509157198157,-0.896632785525676,-0.670534580886983,-0.226098204638694,-0.896632785525676
