Total_energy,Adsorption_energy,Rigid_adsorption_energy,Deformation_energy,dEad/dNi
-1.66357935620268,-1.8897029845302,-1.66359369567346,-0.226109288856745,-1.8897029845302
-1.14819416442129,-1.37431779274881,-1.1481980344276,-0.226119758321207,-1.37431779274881
-0.586769376754981,-0.8128930050825,-0.586801401131243,-0.226091603951257,-0.8128930050825
