Total_energy,Adsorption_energy,Rigid_adsorption_energy,Deformation_energy,dEad/dNi
-1.66462645523197,-1.89075008355949,-1.66463577324063,-0.226114310318866,-1.89075008355949
-1.24854769408387,-1.47467132241139,-1.24866649002433,-0.226004832387051,-1.47467132241139
-0.806752703147985,-1.0328763314755,-0.806755426625411,-0.226120904850094,-1.0328763314755
-0.228829306050786,-0.454952934378305,-0.228851159450446,-0.226101774927859,-0.454952934378305
