Total_energy,Adsorption_energy,Rigid_adsorption_energy,Deformation_energy,dEad/dNi
-1.66427471210105,-1.89039834042857,-1.66428097659134,-0.226117363837223,-1.89039834042857
-1.12702790874139,-1.35315153706891,-1.12703693124943,-0.226114605819488,-1.35315153706891
-0.550809351073943,-0.776932979401462,-0.550812478528948,-0.226120500872514,-0.776932979401462
