Total_energy,Adsorption_energy,Rigid_adsorption_energy,Deformation_energy,dEad/dNi
-1.67808197167858,-1.9042056000061,-1.67813712955781,-0.226068470448297,-1.9042056000061
-1.22031327650559,-1.44643690483311,-1.22033175444569,-0.226105150387414,-1.44643690483311
-0.767789392282127,-0.993913020609646,-0.767813753218482,-0.226099267391164,-0.993913020609646
