Total_energy,Adsorption_energy,Rigid_adsorption_energy,Deformation_energy,dEad/dNi
-1.66853824814806,-1.89466187647558,-1.66854543534906,-0.226116441126519,-1.89466187647558
-1.22165367247335,-1.44777730080087,-1.22183090809158,-0.225946392709285,-1.44777730080087
-0.815070186345,-1.04119381467252,-0.816086202350537,-0.225107612321983,-1.04119381467252
-0.256330467475806,-0.482454095803325,-0.25634676793896,-0.226107327864365,-0.482454095803325
