Total_energy,Adsorption_energy,Rigid_adsorption_energy,Deformation_energy,dEad/dNi
-1.67105726662853,-1.89718089495605,-1.67106090977681,-0.226119985179235,-1.89718089495605
-1.22672259210987,-1.45284622043739,-1.22672740652298,-0.226118813914405,-1.45284622043739
-0.626752530978414,-0.852876159305934,-0.626760702609391,-0.226115456696543,-0.852876159305934
