Total_energy,Adsorption_energy,Rigid_adsorption_energy,Deformation_energy,dEad/dNi
-1.66555900439692,-1.89168263272444,-1.6655811959528,-0.226101436771641,-1.89168263272444
-1.21820368933138,-1.4443273176589,-1.21821839263903,-0.226108925019868,-1.4443273176589
-0.580170667128674,-0.806294295456194,-0.580234855691265,-0.226059439764928,-0.806294295456194
