Total_energy,Adsorption_energy,Rigid_adsorption_energy,Deformation_energy,dEad/dNi
-1.68123410225154,-1.90735773057906,-1.68124721338668,-0.226110517192378,-1.90735773057906
-1.24281552432775,-1.46893915265526,-1.24287707671752,-0.226062075937748,-1.46893915265526
-0.504122387639085,-0.730246015966604,-0.504189741110161,-0.226056274856443,-0.730246015966604
