Total_energy,Adsorption_energy,Rigid_adsorption_energy,Deformation_energy,dEad/dNi
-1.67066419242587,-1.89678782075339,-1.67067561125052,-0.226112209502866,-1.89678782075339
-1.23184397897411,-1.45796760730162,-1.23196447418435,-0.226003133117277,-1.45796760730162
-0.680051472560432,-0.906175100887951,-0.680088308841042,-0.226086792046909,-0.906175100887951
-0.265486232687508,-0.491609861015027,-0.265550913007487,-0.22605894800754,-0.491609861015027
