Total_energy,Adsorption_energy,Rigid_adsorption_energy,Deformation_energy,dEad/dNi
-1.68070185817429,-1.90682548650181,-1.68072116234396,-0.226104324157848,-1.90682548650181
-1.21274068590178,-1.4388643142293,-1.21274950967006,-0.226114804559238,-1.4388643142293
-0.703942637283193,-0.930066265610712,-0.703944309116526,-0.226121956494186,-0.930066265610712
-0.25243345153647,-0.478557079863989,-0.252446326950926,-0.226110752913062,-0.478557079863989
