Total_energy,Adsorption_energy,Rigid_adsorption_energy,Deformation_energy,dEad/dNi
-1.67819270041634,-1.90431632874385,-1.67819546442298,-0.226120864320871,-1.90431632874385
-1.18098142135764,-1.40710504968516,-1.18099947925801,-0.22610557042715,-1.40710504968516
-0.730190887077293,-0.956314515404812,-0.730205656918251,-0.226108858486561,-0.956314515404812
