Total_energy,Adsorption_energy,Rigid_adsorption_energy,Deformation_energy,dEad/dNi
-1.68068217314644,-1.90680580147396,-1.68070571662247,-0.22610008485149,-1.90680580147396
-1.24155490047252,-1.46767852880004,-1.24156963278234,-0.226108896017703,-1.46767852880004
-0.774227836002474,-1.00035146432999,-0.774245700785336,-0.226105763544658,-1.00035146432999
-0.233210740458986,-0.459334368786505,-0.233233971941782,-0.226100396844723,-0.459334368786505
