Total_energy,Adsorption_energy,Rigid_adsorption_energy,Deformation_energy,dEad/dNi
-1.67326002874622,-1.89938365707374,-1.67326585090622,-0.226117806167515,-1.89938365707374
-1.0855837088298,-1.31170733715732,-1.0855917250707,-0.22611561208662,-1.31170733715732
-0.254181402601857,-0.480305030929376,-0.254204547849246,-0.22610048308013,-0.480305030929376
