Total_energy,Adsorption_energy,Rigid_adsorption_energy,Deformation_energy,dEad/dNi
-1.67343321353323,-1.89955684186075,-1.67345661636191,-0.226100225498837,-1.89955684186075
-1.14317870150374,-1.36930232983126,-1.14319034899958,-0.226111980831681,-1.36930232983126
-0.82558103949029,-1.05170466781781,-0.825601309684606,-0.226103358133203,-1.05170466781781
-0.21168474496703,-0.437808373294549,-0.211690540851853,-0.226117832442697,-0.437808373294549
