Total_energy,Adsorption_energy,Rigid_adsorption_energy,Deformation_energy,dEad/dNi
-1.68332318392715,-1.90944681225467,-1.68337996499976,-0.226066847254908,-1.90944681225467
-1.19148515772593,-1.41760878605345,-1.19151451482361,-0.226094271229838,-1.41760878605345
-0.651725099778437,-0.877848728105956,-0.651741653929451,-0.226107074176506,-0.877848728105956
