Total_energy,Adsorption_energy,Rigid_adsorption_energy,Deformation_energy,dEad/dNi
-1.68397810564302,-1.91010173397054,-1.68399755629889,-0.226104177671645,-1.91010173397054
-1.25636620248595,-1.48248983081347,-1.25641234121126,-0.226077489602202,-1.48248983081347
-0.792093080515329,-1.01821670884285,-0.792121841497089,-0.226094867345759,-1.01821670884285
