Total_energy,Adsorption_energy,Rigid_adsorption_energy,Deformation_energy,dEad/dNi
-1.67438795664204,-1.90051158496956,-1.6744030376941,-0.226108547275461,-1.90051158496956
-1.25212179717912,-1.47824542550664,-1.25218989751408,-0.226055527992556,-1.47824542550664
-0.732929105205584,-0.959052733533104,-0.732943005109835,-0.226109728423268,-0.959052733533104
