Total_energy,Adsorption_energy,Rigid_adsorption_energy,Deformation_energy,dEad/dNi
-1.66830651909726,-1.89443014742478,-1.66835999149461,-0.226070155930175,-1.89443014742478
-1.15914425950955,-1.38526788783707,-1.15919447112513,-0.226073416711945,-1.38526788783707
-0.69193234428164,-0.918055972609159,-0.691949682560119,-0.22610629004904,-0.918055972609159
