Total_energy,Adsorption_energy,Rigid_adsorption_energy,Deformation_energy,dEad/dNi
-1.68501437541254,-1.91113800374005,-1.68501706945466,-0.226120934285394,-1.91113800374005
-1.22922607572371,-1.45534970405123,-1.22923752543566,-0.226112178615573,-1.45534970405123
-0.625640008669779,-0.851763636997299,-0.625640740996414,-0.226122896000884,-0.851763636997299
