Total_energy,Adsorption_energy,Rigid_adsorption_energy,Deformation_energy,dEad/dNi
-1.67955736193979,-1.90568099026731,-1.67957490625775,-0.226106084009562,-1.90568099026731
-1.25597710181187,-1.48210073013939,-1.25597721637446,-0.226123513764927,-1.48210073013939
-0.703733140181631,-0.92985676850915,-0.70373765147713,-0.226119117032021,-0.92985676850915
