Total_energy,Adsorption_energy,Rigid_adsorption_energy,Deformation_energy,dEad/dNi
-1.68631926457024,-1.91244289289776,-1.68633290024924,-0.226109992648523,-1.91244289289776
-1.08749524720006,-1.31361887552758,-1.0875425104667,-0.22607636506088,-1.31361887552758
-0.701038372505718,-0.927162000833237,-0.701100410354334,-0.226061590478903,-0.927162000833237
