Total_energy,Adsorption_energy,Rigid_adsorption_energy,Deformation_energy,dEad/dNi
-1.68202631816014,-1.90814994648766,-1.68204091535938,-0.226109031128277,-1.90814994648766
-1.16676539077209,-1.39288901909961,-1.16684785912967,-0.226041159969938,-1.39288901909961
-0.698032534637167,-0.924156162964686,-0.698048418786319,-0.226107744178367,-0.924156162964686
