Total_energy,Adsorption_energy,Rigid_adsorption_energy,Deformation_energy,dEad/dNi
-1.67347547760939,-1.89959910593691,-1.67349263435893,-0.226106471577977,-1.89959910593691
-1.25086753376723,-1.47699116209475,-1.2508859962707,-0.226105165824049,-1.47699116209475
-1.01813072401707,-1.24425435234458,-1.01813194123462,-0.226122411109968,-1.24425435234458
-0.241338478399001,-0.46746210672652,-0.241342484412683,-0.226119622313837,-0.46746210672652
