Total_energy,Adsorption_energy,Rigid_adsorption_energy,Deformation_energy,dEad/dNi
-1.68333191315338,-1.9094555414809,-1.68333611440329,-0.226119427077605,-1.9094555414809
-1.26222774862598,-1.4883513769535,-1.2622839977688,-0.226067379184694,-1.4883513769535
-0.820134592418915,-1.04625822074643,-0.820140567375132,-0.226117653371302,-1.04625822074643
-0.239685870875158,-0.465809499202677,-0.239698485275146,-0.226111013927531,-0.465809499202677
