Total_energy,Adsorption_energy,Rigid_adsorption_energy,Deformation_energy,dEad/dNi
-1.67499569060118,-1.9011193189287,-1.67501708037033,-0.226102238558373,-1.9011193189287
-1.12577447012941,-1.35189809845692,-1.12578677318074,-0.226111325276189,-1.35189809845692
-0.283927949494703,-0.510051577822222,-0.283929568949557,-0.226122008872664,-0.510051577822222
