Total_energy,Adsorption_energy,Rigid_adsorption_energy,Deformation_energy,dEad/dNi
-1.67254734573718,-1.8986709740647,-1.67255220386436,-0.226118770200334,-1.8986709740647
-1.19159237377132,-1.41771600209884,-1.1916268373448,-0.226089164754039,-1.41771600209884
-0.679743625727691,-0.90586725405521,-0.679753720665832,-0.226113533389378,-0.90586725405521
