Total_energy,Adsorption_energy,Rigid_adsorption_energy,Deformation_energy,dEad/dNi
-1.68130757709531,-1.90743120542283,-1.68134896493517,-0.226082240487657,-1.90743120542283
-1.19994824947049,-1.42607187779801,-1.19996562477643,-0.226106253021576,-1.42607187779801
-0.485138690855112,-0.711262319182632,-0.485140025104153,-0.226122294078479,-0.711262319182632
