Total_energy,Adsorption_energy,Rigid_adsorption_energy,Deformation_energy,dEad/dNi
-1.68118957061205,-1.90731319893957,-1.6812765959761,-0.22603660296347,-1.90731319893957
-1.26792554535374,-1.49404917368126,-1.26794295271521,-0.226106220966048,-1.49404917368126
-0.722481938871098,-0.948605567198617,-0.722562903892294,-0.226042663306323,-0.948605567198617
