Total_energy,Adsorption_energy,Rigid_adsorption_energy,Deformation_energy,dEad/dNi
-1.69297555097092,-1.91909917929844,-1.69299845429647,-0.226100725001968,-1.91909917929844
-1.2244422355899,-1.45056586391742,-1.22445278255403,-0.226113081363395,-1.45056586391742
-0.771340640134196,-0.997464268461715,-0.771414678295648,-0.226049590166067,-0.997464268461715
