Total_energy,Adsorption_energy,Rigid_adsorption_energy,Deformation_energy,dEad/dNi
-1.67279576885924,-1.89891939718676,-1.67280035813441,-0.22611903905235,-1.89891939718676
-1.19107538692789,-1.41719901525541,-1.19110753833794,-0.226091476917468,-1.41719901525541
-0.676991096556495,-0.903114724884014,-0.677383971852092,-0.225730753031922,-0.903114724884014
-0.239062535214225,-0.465186163541744,-0.239078908087523,-0.226107255454221,-0.465186163541744
