Total_energy,Adsorption_energy,Rigid_adsorption_energy,Deformation_energy,dEad/dNi
-1.68411793422627,-1.91024156255379,-1.68416222338254,-0.226079339171249,-1.91024156255379
-1.14200570521683,-1.36812933354435,-1.14201856267383,-0.226110770870523,-1.36812933354435
-0.696655115344612,-0.922778743672131,-0.69667649761249,-0.226102246059642,-0.922778743672131
