Total_energy,Adsorption_energy,Rigid_adsorption_energy,Deformation_energy,dEad/dNi
-1.67353219462325,-1.89965582295077,-1.67357123083319,-0.226084592117584,-1.89965582295077
-1.23895723358587,-1.46508086191339,-1.23904584451764,-0.226035017395749,-1.46508086191339
-0.879759749715951,-1.10588337804347,-0.879777481094677,-0.226105896948793,-1.10588337804347
-0.283471392646992,-0.509595020974511,-0.283474402255775,-0.226120618718736,-0.509595020974511
