Total_energy,Adsorption_energy,Rigid_adsorption_energy,Deformation_energy,dEad/dNi
-1.68394165055929,-1.91006527888681,-1.68395829006995,-0.226106988816859,-1.91006527888681
-1.26746001155444,-1.49358363988196,-1.26746197026412,-0.226121669617845,-1.49358363988196
-0.72519137261581,-0.951315000943329,-0.725214978191448,-0.226100022751881,-0.951315000943329
-0.427887933904851,-0.65401156223237,-0.427924942202722,-0.226086620029648,-0.65401156223237
