Total_energy,Adsorption_energy,Rigid_adsorption_energy,Deformation_energy,dEad/dNi
-1.68303708209212,-1.90916071041963,-1.68304486612487,-0.226115844294766,-1.90916071041963
-1.22715462307184,-1.45327825139935,-1.22715502299101,-0.226123228408342,-1.45327825139935
-0.786929890701721,-1.01305351902924,-0.786952831471673,-0.226100687557567,-1.01305351902924
-0.350490068933237,-0.576613697260757,-0.350490980113365,-0.226122717147391,-0.576613697260757
