Total_energy,Adsorption_energy,Rigid_adsorption_energy,Deformation_energy,dEad/dNi
-1.67916046224806,-1.90528409057558,-1.67916586263838,-0.226118227937198,-1.90528409057558
-1.27291785803044,-1.49904148635795,-1.27294266967114,-0.226098816686812,-1.49904148635795
-0.813435778436973,-1.03955940676449,-0.81344537039913,-0.226114036365362,-1.03955940676449
-0.551109315333935,-0.777232943661454,-0.55113477662177,-0.226098167039684,-0.777232943661454
