Total_energy,Adsorption_energy,Rigid_adsorption_energy,Deformation_energy,dEad/dNi
-1.68330727790739,-1.90943090623491,-1.6833470015966,-0.226083904638315,-1.90943090623491
-1.22187085765514,-1.44799448598266,-1.22189655511289,-0.226097930869765,-1.44799448598266
-0.790499030857918,-1.01662265918544,-0.79052529102922,-0.226097368156216,-1.01662265918544
-0.478855243441447,-0.704978871768967,-0.478871584058604,-0.226107287710363,-0.704978871768967
