Total_energy,Adsorption_energy,Rigid_adsorption_energy,Deformation_energy,dEad/dNi
-1.66889278060357,-1.89501640893109,-1.6689350626766,-0.226081346254493,-1.89501640893109
-1.22024111429561,-1.44636474262313,-1.2202487389173,-0.226116003705832,-1.44636474262313
-0.939361234637477,-1.165484862965,-0.939465008885835,-0.226019854079161,-1.165484862965
-0.262979632559101,-0.489103260886621,-0.263009290411245,-0.226093970475376,-0.489103260886621
