Total_energy,Adsorption_energy,Rigid_adsorption_energy,Deformation_energy,dEad/dNi
-1.68673745548628,-1.9128610838138,-1.68677817320752,-0.226082910606277,-1.9128610838138
-1.21076426116952,-1.43688788949704,-1.2107884267626,-0.226099462734446,-1.43688788949704
-0.849057167253945,-1.07518079558146,-0.849122257267407,-0.226058538314058,-1.07518079558146
-0.552938076243164,-0.779061704570683,-0.552953462443559,-0.226108242127124,-0.779061704570683
