Total_energy,Adsorption_energy,Rigid_adsorption_energy,Deformation_energy,dEad/dNi
-1.67803884894873,-1.90416247727625,-1.67803905540525,-0.226123421871,-1.90416247727625
-1.13971953607217,-1.36584316439968,-1.13974987217692,-0.226093292222769,-1.36584316439968
-0.868205051131378,-1.0943286794589,-0.868268995273957,-0.22605968418494,-1.0943286794589
-0.24440327722077,-0.470526905548289,-0.244419375750237,-0.226107529798052,-0.470526905548289
