Total_energy,Adsorption_energy,Rigid_adsorption_energy,Deformation_energy,dEad/dNi
-1.67364104205199,-1.89976467037951,-1.67367516713167,-0.226089503247842,-1.89976467037951
-1.21507895240314,-1.44120258073066,-1.21508387439459,-0.226118706336065,-1.44120258073066
-0.771561087938796,-0.997684716266315,-0.771637200921793,-0.226047515344522,-0.997684716266315
-0.25185386668138,-0.477977495008899,-0.251896639094952,-0.226080855913948,-0.477977495008899
