Total_energy,Adsorption_energy,Rigid_adsorption_energy,Deformation_energy,dEad/dNi
-1.37389851160082,-7.97371612348471,-1.37390711715359,-6.59980900633112,-7.97371612348471
-0.860158978086308,-7.4599765899702,-0.860159919058844,-6.59981667091136,-7.4599765899702
-0.517860637439397,-7.11767824932329,-0.5178626621002,-6.59981558722309,-7.11767824932329
