Total_energy,Adsorption_energy,Rigid_adsorption_energy,Deformation_energy,dEad/dNi
-1.37859449487353,-7.97841210675742,-1.37859454325462,-6.59981756350281,-7.97841210675742
-0.890442267412077,-7.49025987929597,-0.890442278957472,-6.5998176003385,-7.49025987929597
-0.287192948963649,-6.88701056084754,-0.287195813922666,-6.59981474692488,-6.88701056084754
