Total_energy,Adsorption_energy,Rigid_adsorption_energy,Deformation_energy,dEad/dNi
-1.37632069388778,-7.97613830577168,-1.3763207060221,-6.59981759974958,-7.97613830577168
-0.841617505830887,-7.44143511771478,-0.841633257195953,-6.59980186051883,-7.44143511771478
-0.610144885980201,-7.2099624978641,-0.61014520075757,-6.59981729710653,-7.2099624978641
