Total_energy,Adsorption_energy,Rigid_adsorption_energy,Deformation_energy,dEad/dNi
-1.37693284141144,-7.97675045329534,-1.37693605082316,-6.59981440247218,-7.97675045329534
-0.898536844286984,-7.49835445617088,-0.898702178743899,-6.59965227742698,-7.49835445617088
-0.419302522240076,-7.01912013412397,-0.419306601372904,-6.59981353275107,-7.01912013412397
