Total_energy,Adsorption_energy,Rigid_adsorption_energy,Deformation_energy,dEad/dNi
-1.37020938511537,-7.97002699699926,-1.37021435045007,-6.5998126465492,-7.97002699699926
-0.915508417229467,-7.51532602911336,-0.915508507620884,-6.59981752149248,-7.51532602911336
-0.357334584947522,-6.95715219683142,-0.357339630087266,-6.59981256674415,-6.95715219683142
