Total_energy,Adsorption_energy,Rigid_adsorption_energy,Deformation_energy,dEad/dNi
-1.36707595007657,-7.96689356196047,-1.36709216461932,-6.59980139734114,-7.96689356196047
-0.859073010775691,-7.45889062265959,-0.859073222412694,-6.59981740024689,-7.45889062265959
-0.543427988470533,-7.14324560035443,-0.543434782667024,-6.5998108176874,-7.14324560035443
-0.270518942366026,-6.87033655424992,-0.270522203786191,-6.59981435046373,-6.87033655424992
