Total_energy,Adsorption_energy,Rigid_adsorption_energy,Deformation_energy,dEad/dNi
-1.37281037205373,-7.97262798393763,-1.3728103723006,-6.59981761163703,-7.97262798393763
-0.926994417251028,-7.52681202913492,-0.926995953717329,-6.59981607541759,-7.52681202913492
-0.456268861947425,-7.05608647383132,-0.456271736778565,-6.59981473705276,-7.05608647383132
