Total_energy,Adsorption_energy,Rigid_adsorption_energy,Deformation_energy,dEad/dNi
-1.37944803057815,-7.97926564246205,-1.37944804189596,-6.59981760056608,-7.97926564246205
-0.855426010363776,-7.45524362224767,-0.855433137057728,-6.59981048518994,-7.45524362224767
-0.498353074042081,-7.09817068592598,-0.498357907747889,-6.59981277817809,-7.09817068592598
