Total_energy,Adsorption_energy,Rigid_adsorption_energy,Deformation_energy,dEad/dNi
-1.37911456442861,-7.9789321763125,-1.37911480010747,-6.59981737620503,-7.9789321763125
-0.864175510576634,-7.46399312246053,-0.864286592030238,-6.59970653043029,-7.46399312246053
-0.642134230173672,-7.24195184205757,-0.64213442684978,-6.59981741520779,-7.24195184205757
