Total_energy,Adsorption_energy,Rigid_adsorption_energy,Deformation_energy,dEad/dNi
-1.37768477162559,-7.97750238350949,-1.37768750746419,-6.5998148760453,-7.97750238350949
-0.890644090389364,-7.49046170227326,-0.890646564874445,-6.59981513739881,-7.49046170227326
-0.243516513361167,-6.84333412524506,-0.243523470323392,-6.59981065492167,-6.84333412524506
