Total_energy,Adsorption_energy,Rigid_adsorption_energy,Deformation_energy,dEad/dNi
-1.36478637004811,-7.964603981932,-1.3647863747504,-6.5998176071816,-7.964603981932
-0.908604055744012,-7.50842166762791,-0.908604097543326,-6.59981757008458,-7.50842166762791
-0.246914226643288,-6.84673183852718,-0.246921632026863,-6.59981020650032,-6.84673183852718
