Total_energy,Adsorption_energy,Rigid_adsorption_energy,Deformation_energy,dEad/dNi
-1.38247681746996,-7.98229442935385,-1.38248717161685,-6.59980725773701,-7.98229442935385
-0.838221323894291,-7.43803893577819,-0.838224913140062,-6.59981402263812,-7.43803893577819
-0.275109520353593,-6.87492713223749,-0.275116628073539,-6.59981050416395,-6.87492713223749
