Total_energy,Adsorption_energy,Rigid_adsorption_energy,Deformation_energy,dEad/dNi
-1.37874387124412,-7.97856148312801,-1.37874949407207,-6.59981198905594,-7.97856148312801
-0.929281895201443,-7.52909950708534,-0.929282058306844,-6.5998174487785,-7.52909950708534
-0.445960079092877,-7.04577769097677,-0.445962846330546,-6.59981484464623,-7.04577769097677
