Total_energy,Adsorption_energy,Rigid_adsorption_energy,Deformation_energy,dEad/dNi
-1.37321471358356,-7.97303232546745,-1.37321600824484,-6.59981631722262,-7.97303232546745
-0.918723537106889,-7.51854114899078,-0.918725375441745,-6.59981577354904,-7.51854114899078
-0.408753040072762,-7.00857065195666,-0.408755569560652,-6.59981508239601,-7.00857065195666
