Total_energy,Adsorption_energy,Rigid_adsorption_energy,Deformation_energy,dEad/dNi
-1.36602976040218,-7.96584737228607,-1.36603944425873,-6.59980792802734,-7.96584737228607
-0.932482557853835,-7.53230016973773,-0.932485018654886,-6.59981515108284,-7.53230016973773
-0.189923031216502,-6.7897406431004,-0.189928135890917,-6.59981250720948,-6.7897406431004
