Total_energy,Adsorption_energy,Rigid_adsorption_energy,Deformation_energy,dEad/dNi
-1.3695406473465,-7.96935825923039,-1.36954083733273,-6.59981742189766,-7.96935825923039
-0.909805231763449,-7.50962284364734,-0.909805471512509,-6.59981737213483,-7.50962284364734
-0.28756153989406,-6.88737915177795,-0.287568404095321,-6.59981074768263,-6.88737915177795
