Total_energy,Adsorption_energy,Rigid_adsorption_energy,Deformation_energy,dEad/dNi
-1.37126441967268,-7.97108203155657,-1.37126916259648,-6.59981286896009,-7.97108203155657
-0.851645641872028,-7.45146325375592,-0.851646268866499,-6.59981698488942,-7.45146325375592
-0.457357718499935,-7.05717533038383,-0.457366700923475,-6.59980862946036,-7.05717533038383
