Total_energy,Adsorption_energy,Rigid_adsorption_energy,Deformation_energy,dEad/dNi
-1.35612418717793,-7.95594179906182,-1.35612429498609,-6.59981750407574,-7.95594179906182
-0.896353889887897,-7.49617150177179,-0.896353964666401,-6.59981753710539,-7.49617150177179
-0.270054209574288,-6.86987182145818,-0.270057049412674,-6.59981477204551,-6.86987182145818
