Total_energy,Adsorption_energy,Rigid_adsorption_energy,Deformation_energy,dEad/dNi
-1.37287639826859,-7.97269401015248,-1.37287921638875,-6.59981479376374,-7.97269401015248
-0.933788891272574,-7.53360650315647,-0.933788900411172,-6.5998176027453,-7.53360650315647
-0.261164011450311,-6.86098162333421,-0.261169853548532,-6.59981176978567,-6.86098162333421
