Total_energy,Adsorption_energy,Rigid_adsorption_energy,Deformation_energy,dEad/dNi
-1.36160714312373,-7.96142475500762,-1.36160745180219,-6.59981730320543,-7.96142475500762
-0.930782339074025,-7.53059995095792,-0.930785187046756,-6.59981476391116,-7.53059995095792
-0.536520980938527,-7.13633859282242,-0.536525251617942,-6.59981334120448,-7.13633859282242
