Total_energy,Adsorption_energy,Rigid_adsorption_energy,Deformation_energy,dEad/dNi
-1.35646905919004,-7.95628667107394,-1.35647010903415,-6.59981656203979,-7.95628667107394
-0.819200302160265,-7.41901791404416,-0.819200392729759,-6.5998175213144,-7.41901791404416
-0.594002760739485,-7.19382037262338,-0.594023425407302,-6.59979694721608,-7.19382037262338
