Total_energy,Adsorption_energy,Rigid_adsorption_energy,Deformation_energy,dEad/dNi
-1.37823633910372,-7.97805395098762,-1.37823884853774,-6.59981510244988,-7.97805395098762
-0.843114735555073,-7.44293234743897,-0.843118791114203,-6.59981355632477,-7.44293234743897
-0.282936437549655,-6.88275404943355,-0.28293878746966,-6.59981526196389,-6.88275404943355
