Total_energy,Adsorption_energy,Rigid_adsorption_energy,Deformation_energy,dEad/dNi
-1.35386430990859,-7.95368192179249,-1.35386464390095,-6.59981727789153,-7.95368192179249
-0.907074987638524,-7.50689259952242,-0.907075432368158,-6.59981716715426,-7.50689259952242
-0.266461973720893,-6.86627958560479,-0.266470129474452,-6.59980945613034,-6.86627958560479
