Total_energy,Adsorption_energy,Rigid_adsorption_energy,Deformation_energy,dEad/dNi
-1.37773425092289,-7.97755186280679,-1.37773803973125,-6.59981382307554,-7.97755186280679
-0.93542872704845,-7.53524633893235,-0.935428753430626,-6.59981758550172,-7.53524633893235
-0.407321195612988,-7.00713880749688,-0.40732124828974,-6.59981755920714,-7.00713880749688
