Total_energy,Adsorption_energy,Rigid_adsorption_energy,Deformation_energy,dEad/dNi
-1.37254351496171,-7.9723611268456,-1.37254398528635,-6.59981714155925,-7.9723611268456
-0.927406483387463,-7.52722409527136,-0.927409473403347,-6.59981462186801,-7.52722409527136
-0.273733789956765,-6.87355140184066,-0.273736588294128,-6.59981481354653,-6.87355140184066
