Total_energy,Adsorption_energy,Rigid_adsorption_energy,Deformation_energy,dEad/dNi
-1.36757028179911,-7.96738789368301,-1.36758022501887,-6.59980766866413,-7.96738789368301
-0.811564214917068,-7.41138182680096,-0.811564221825149,-6.59981760497581,-7.41138182680096
-0.281091989373901,-6.8809096012578,-0.281093874767134,-6.59981572649066,-6.8809096012578
