Total_energy,Adsorption_energy,Rigid_adsorption_energy,Deformation_energy,dEad/dNi
-1.37653619888461,-7.9763538107685,-1.37654305001166,-6.59981076075684,-7.9763538107685
-0.951113273091732,-7.55093088497563,-0.951113583379032,-6.5998173015966,-7.55093088497563
-0.269952821691325,-6.86977043357522,-0.269956707171188,-6.59981372640403,-6.86977043357522
