Total_energy,Adsorption_energy,Rigid_adsorption_energy,Deformation_energy,dEad/dNi
-1.36146343870497,-7.96128105058887,-1.36146669111915,-6.59981435946971,-7.96128105058887
-0.887354001845152,-7.48717161372905,-0.88735695562926,-6.59981465809979,-7.48717161372905
-0.309943466441268,-6.90976107832516,-0.309944490535198,-6.59981658778997,-6.90976107832516
