Total_energy,Adsorption_energy,Rigid_adsorption_energy,Deformation_energy,dEad/dNi
-1.35586746428,-7.95568507616389,-1.35586979955932,-6.59981527660458,-7.95568507616389
-1.02103818898874,-7.62085580087264,-1.02105288956653,-6.59980291130611,-7.62085580087264
-0.514307245289785,-7.11412485717368,-0.51431020477765,-6.59981465239603,-7.11412485717368
