Total_energy,Adsorption_energy,Rigid_adsorption_energy,Deformation_energy,dEad/dNi
-1.36284780248153,-7.96266541436543,-1.3628483049063,-6.59981710945913,-7.96266541436543
-0.918314906308819,-7.51813251819271,-0.918319378680858,-6.59981313951186,-7.51813251819271
-0.280114561655907,-6.8799321735398,-0.280116564880108,-6.59981560865969,-6.8799321735398
