Total_energy,Adsorption_energy,Rigid_adsorption_energy,Deformation_energy,dEad/dNi
-1.3548222343765,-7.95463984626039,-1.35482425556163,-6.59981559069876,-7.95463984626039
-0.93333634608184,-7.53315395796574,-0.933339515542218,-6.59981444242352,-7.53315395796574
-0.280126906465947,-6.87994451834984,-0.280132375807402,-6.59981214254244,-6.87994451834984
