Total_energy,Adsorption_energy,Rigid_adsorption_energy,Deformation_energy,dEad/dNi
-1.37494398056853,-7.97476159245243,-1.37496102363626,-6.59980056881616,-7.97476159245243
-0.922704739277645,-7.52252235116154,-0.922707952158048,-6.59981439900349,-7.52252235116154
-0.268945656071078,-6.86876326795497,-0.268948388529182,-6.59981487942579,-6.86876326795497
