Total_energy,Adsorption_energy,Rigid_adsorption_energy,Deformation_energy,dEad/dNi
-1.36547332259045,-7.96529093447434,-1.36549079559104,-6.59980013888331,-7.96529093447434
-0.879678555727228,-7.47949616761112,-0.879678998825773,-6.59981716878535,-7.47949616761112
-0.262263060289112,-6.86208067217301,-0.262266977652503,-6.5998136945205,-6.86208067217301
