Total_energy,Adsorption_energy,Rigid_adsorption_energy,Deformation_energy,dEad/dNi
-1.3767047796454,-7.9765223915293,-1.37671463308173,-6.59980775844757,-7.9765223915293
-0.952675177813535,-7.55249278969743,-0.952693603807839,-6.59979918588959,-7.55249278969743
-0.652656813878599,-7.25247442576249,-0.652657841651178,-6.59981658411132,-7.25247442576249
