Total_energy,Adsorption_energy,Rigid_adsorption_energy,Deformation_energy,dEad/dNi
-1.36089185382901,-7.9607094657129,-1.36089214701936,-6.59981731869354,-7.9607094657129
-0.822509945996321,-7.42232755788022,-0.822510944140161,-6.59981661374006,-7.42232755788022
-0.617313936466032,-7.21713154834993,-0.617314445475029,-6.5998171028749,-7.21713154834993
-0.247095844612776,-6.84691345649667,-0.247102229418489,-6.59981122707818,-6.84691345649667
