Total_energy,Adsorption_energy,Rigid_adsorption_energy,Deformation_energy,dEad/dNi
-1.37329551882966,-7.97311313071356,-1.37329552246804,-6.59981760824552,-7.97311313071356
-1.04619039312738,-7.64600800501128,-1.04645085872686,-6.59955714628442,-7.64600800501128
-0.747752657740819,-7.34757026962471,-0.747762556409808,-6.59980771321491,-7.34757026962471
-0.263253534396344,-6.86307114628024,-0.263258743077239,-6.599812403203,-6.86307114628024
