Total_energy,Adsorption_energy,Rigid_adsorption_energy,Deformation_energy,dEad/dNi
-1.38758623839493,-7.98740385027882,-1.38758992952505,-6.59981392075377,-7.98740385027882
-0.888525863878368,-7.48834347576226,-0.888527539329116,-6.59981593643315,-7.48834347576226
-0.449549974059453,-7.04936758594335,-0.449557382755322,-6.59981020318803,-7.04936758594335
