Total_energy,Adsorption_energy,Rigid_adsorption_energy,Deformation_energy,dEad/dNi
-1.36878264945485,-7.96860026133875,-1.36878325158899,-6.59981700974976,-7.96860026133875
-0.941201769616015,-7.54101938149991,-0.941205850385326,-6.59981353111458,-7.54101938149991
-0.359508182437449,-6.95932579432134,-0.359512603951708,-6.59981319036964,-6.95932579432134
