Total_energy,Adsorption_energy,Rigid_adsorption_energy,Deformation_energy,dEad/dNi
-1.36680352875591,-7.9666211406398,-1.36680353950736,-6.59981760113244,-7.9666211406398
-0.908828346314799,-7.50864595819869,-0.908829280255144,-6.59981667794355,-7.50864595819869
-0.341468746670949,-6.94128635855484,-0.341469697709846,-6.599816660845,-6.94128635855484
