Total_energy,Adsorption_energy,Rigid_adsorption_energy,Deformation_energy,dEad/dNi
-1.34787825069843,-7.94769586258233,-1.34788167118871,-6.59981419139362,-7.94769586258233
-0.913936085198134,-7.51375369708203,-0.913937406432237,-6.59981629064979,-7.51375369708203
-0.568010322483545,-7.16782793436744,-0.568010819770029,-6.59981711459741,-7.16782793436744
