Total_energy,Adsorption_energy,Rigid_adsorption_energy,Deformation_energy,dEad/dNi
-1.36276367349877,-7.96258128538266,-1.3627637679319,-6.59981751745076,-7.96258128538266
-0.901683439575593,-7.50150105145949,-0.901684365698367,-6.59981668576112,-7.50150105145949
-0.291467573458483,-6.89128518534238,-0.291468731613015,-6.59981645372936,-6.89128518534238
