Total_energy,Adsorption_energy,Rigid_adsorption_energy,Deformation_energy,dEad/dNi
-1.36626255191445,-7.96608016379835,-1.36626312429218,-6.59981703950617,-7.96608016379835
-0.946213795335152,-7.54603140721905,-0.9462276165556,-6.59980379066345,-7.54603140721905
-0.26347079292038,-6.86328840480428,-0.263475749512198,-6.59981265529208,-6.86328840480428
