Total_energy,Adsorption_energy,Rigid_adsorption_energy,Deformation_energy,dEad/dNi
-1.37106496911278,-7.97088258099668,-1.37106523237583,-6.59981734862085,-7.97088258099668
-0.941754292484489,-7.54157190436838,-0.941754870491259,-6.59981703387713,-7.54157190436838
-0.308276310121752,-6.90809392200565,-0.308278311201908,-6.59981561080374,-6.90809392200565
