Total_energy,Adsorption_energy,Rigid_adsorption_energy,Deformation_energy,dEad/dNi
-1.34964636190063,-7.94946397378453,-1.349649026497,-6.59981494728753,-7.94946397378453
-0.790196195301969,-7.39001380718586,-0.790197240242626,-6.59981656694324,-7.39001380718586
-0.275522782323369,-6.87534039420726,-0.275525189603307,-6.59981520460396,-6.87534039420726
