Total_energy,Adsorption_energy,Rigid_adsorption_energy,Deformation_energy,dEad/dNi
-1.36849280742105,-7.96831041930494,-1.36849296553301,-6.59981745377193,-7.96831041930494
-0.908055801328501,-7.5078734132124,-0.908057558234506,-6.59981585497789,-7.5078734132124
-0.283611986035728,-6.88342959791962,-0.283614646358938,-6.59981495156068,-6.88342959791962
