Total_energy,Adsorption_energy,Rigid_adsorption_energy,Deformation_energy,dEad/dNi
-1.36644096120607,-7.96625857308997,-1.36644097222129,-6.59981760086868,-7.96625857308997
-0.821578383907539,-7.42139599579143,-0.821584988290543,-6.59981100750089,-7.42139599579143
-0.517801437148053,-7.11761904903195,-0.517812057550773,-6.59980699148118,-7.11761904903195
