Total_energy,Adsorption_energy,Rigid_adsorption_energy,Deformation_energy,dEad/dNi
-1.3604789475023,-7.9602965593862,-1.36049286318719,-6.599803696199,-7.9602965593862
-0.919208183323523,-7.51902579520742,-0.919209501890987,-6.59981629331643,-7.51902579520742
-0.311464137885238,-6.91128174976913,-0.311466335676722,-6.59981541409241,-6.91128174976913
