Total_energy,Adsorption_energy,Rigid_adsorption_energy,Deformation_energy,dEad/dNi
-1.37308751083805,-7.97290512272194,-1.37309052816935,-6.5998145945526,-7.97290512272194
-0.91753755594228,-7.51735516782618,-0.917537835472127,-6.59981733235405,-7.51735516782618
-0.250801497361824,-6.85061910924572,-0.250805996122987,-6.59981311312273,-6.85061910924572
