Total_energy,Adsorption_energy,Rigid_adsorption_energy,Deformation_energy,dEad/dNi
-1.3670990173864,-7.9669166292703,-1.36710936489108,-6.59980726437922,-7.9669166292703
-0.808058555187613,-7.40787616707151,-0.808067032359472,-6.59980913471204,-7.40787616707151
-0.242059763346134,-6.84187737523003,-0.242066951379304,-6.59981042385073,-6.84187737523003
