Total_energy,Adsorption_energy,Rigid_adsorption_energy,Deformation_energy,dEad/dNi
-1.35979813121508,-7.95961574309897,-1.35979830491403,-6.59981743818494,-7.95961574309897
-0.895109982598834,-7.49492759448273,-0.895113807854363,-6.59981378662837,-7.49492759448273
-0.226635379186052,-6.82645299106995,-0.226639072998829,-6.59981391807112,-6.82645299106995
