Total_energy,Adsorption_energy,Rigid_adsorption_energy,Deformation_energy,dEad/dNi
-1.36013165665507,-7.95994926853897,-1.36013304338283,-6.59981622515614,-7.95994926853897
-0.817477651894706,-7.4172952637786,-0.817481770373203,-6.5998134934054,-7.4172952637786
-0.206683329977822,-6.80650094186172,-0.206688072736724,-6.59981286912499,-6.80650094186172
