Total_energy,Adsorption_energy,Rigid_adsorption_energy,Deformation_energy,dEad/dNi
-1.36978032538239,-7.96959793726628,-1.36978955976849,-6.59980837749779,-7.96959793726628
-0.933944838975432,-7.53376245085933,-0.933949944002083,-6.59981250685724,-7.53376245085933
-0.300076795329623,-6.89989440721352,-0.300079148360301,-6.59981525885322,-6.89989440721352
