Total_energy,Adsorption_energy,Rigid_adsorption_energy,Deformation_energy,dEad/dNi
-1.34241302085104,-7.94223063273493,-1.34241611563563,-6.59981451709931,-7.94223063273493
-0.708495312228579,-7.30831292411248,-0.708497709092414,-6.59981521502006,-7.30831292411248
-0.242013542479292,-6.84183115436319,-0.242018670421412,-6.59981248394178,-6.84183115436319
