Total_energy,Adsorption_energy,Rigid_adsorption_energy,Deformation_energy,dEad/dNi
-1.36237475286286,-7.96219236474675,-1.36238857765417,-6.59980378709258,-7.96219236474675
-0.901042241746143,-7.50085985363004,-0.901042247499905,-6.59981760613013,-7.50085985363004
-0.213734158905778,-6.81355177078967,-0.213736064879213,-6.59981570591046,-6.81355177078967
