Total_energy,Adsorption_energy,Rigid_adsorption_energy,Deformation_energy,dEad/dNi
-1.37653883793072,-7.97635644981461,-1.37653965295294,-6.59981679686167,-7.97635644981461
-0.913851453400444,-7.51366906528434,-0.913851663177832,-6.59981740210651,-7.51366906528434
-0.251160522905036,-6.85097813478893,-0.251160527158123,-6.59981760763081,-6.85097813478893
