Total_energy,Adsorption_energy,Rigid_adsorption_energy,Deformation_energy,dEad/dNi
-1.36392336678619,-7.96374097867009,-1.36392345986129,-6.5998175188088,-7.96374097867009
-0.940333057534315,-7.54015066941821,-0.940333144358422,-6.59981752505979,-7.54015066941821
-0.562593849033647,-7.16241146091754,-0.562594311105539,-6.599817149812,-7.16241146091754
