Total_energy,Adsorption_energy,Rigid_adsorption_energy,Deformation_energy,dEad/dNi
-1.36849489263893,-7.96831250452283,-1.36849518073544,-6.59981732378739,-7.96831250452283
-0.933066757566039,-7.53288436944993,-0.93306756543021,-6.59981680401972,-7.53288436944993
-0.242227604185586,-6.84204521606948,-0.242232433555254,-6.59981278251423,-6.84204521606948
