Total_energy,Adsorption_energy,Rigid_adsorption_energy,Deformation_energy,dEad/dNi
-1.36651166511943,-7.96632927700333,-1.36651207064695,-6.59981720635638,-7.96632927700333
-0.918870712758588,-7.51868832464248,-0.918876406083465,-6.59981191855902,-7.51868832464248
-0.242900205547285,-6.84271781743118,-0.242903711265368,-6.59981410616581,-6.84271781743118
