Total_energy,Adsorption_energy,Rigid_adsorption_energy,Deformation_energy,dEad/dNi
-1.36584916456613,-7.96566677645002,-1.36585113318241,-6.59981564326762,-7.96566677645002
-0.891087979701852,-7.49090559158575,-0.891088052821159,-6.59981753876459,-7.49090559158575
-0.249806166310184,-6.84962377819408,-0.249809598273116,-6.59981417992096,-6.84962377819408
