Total_energy,Adsorption_energy,Rigid_adsorption_energy,Deformation_energy,dEad/dNi
-1.36884010119069,-7.96865771307459,-1.36884460196445,-6.59981311111013,-7.96865771307459
-0.893447362880652,-7.49326497476455,-0.893450947201976,-6.59981402756257,-7.49326497476455
-0.250923005248308,-6.8507406171322,-0.2509263651889,-6.5998142519433,-6.8507406171322
