Total_energy,Adsorption_energy,Rigid_adsorption_energy,Deformation_energy,dEad/dNi
-1.37083013612688,-7.97064774801077,-1.37083014755164,-6.59981760045913,-7.97064774801077
-0.905504733573624,-7.50532234545752,-0.905505417471647,-6.59981692798587,-7.50532234545752
-0.430547514035232,-7.03036512591913,-0.430549056107592,-6.59981606981154,-7.03036512591913
