Total_energy,Adsorption_energy,Rigid_adsorption_energy,Deformation_energy,dEad/dNi
-1.35804059481724,-7.95785820670113,-1.35805203461756,-6.59980617208357,-7.95785820670113
-0.870111727353707,-7.4699293392376,-0.870114265739625,-6.59981507349798,-7.4699293392376
-0.551895374974107,-7.151712986858,-0.551896398823378,-6.59981658803462,-7.151712986858
