Total_energy,Adsorption_energy,Rigid_adsorption_energy,Deformation_energy,dEad/dNi
-1.35383791406569,-7.95365552594959,-1.35383816265636,-6.59981736329322,-7.95365552594959
-0.937827028277517,-7.53764464016141,-0.937827043188967,-6.59981759697245,-7.53764464016141
-0.502094410594309,-7.1019120224782,-0.502099912480169,-6.59981210999804,-7.1019120224782
