Total_energy,Adsorption_energy,Rigid_adsorption_energy,Deformation_energy,dEad/dNi
-1.37064600624437,-7.97046361812826,-1.37065301992895,-6.59981059819931,-7.97046361812826
-0.953420501364319,-7.55323811324821,-0.953420664072759,-6.59981744917545,-7.55323811324821
-0.727200105937821,-7.32701771782172,-0.727200494362836,-6.59981722345888,-7.32701771782172
-0.258879689396527,-6.85869730128042,-0.258879990006619,-6.5998173112738,-6.85869730128042
