Total_energy,Adsorption_energy,Rigid_adsorption_energy,Deformation_energy,dEad/dNi
-1.38066294865768,-7.98048056054157,-1.38067778144524,-6.59980277909633,-7.98048056054157
-0.979472184983248,-7.57928979686714,-0.979472799837011,-6.59981699703013,-7.57928979686714
-0.564050791103298,-7.16386840298719,-0.564056451770746,-6.59981195121645,-7.16386840298719
