Total_energy,Adsorption_energy,Rigid_adsorption_energy,Deformation_energy,dEad/dNi
-1.37710416104743,-7.97692177293132,-1.37710447948799,-6.59981729344333,-7.97692177293132
-0.93686372311888,-7.53668133500277,-0.9368667738234,-6.59981456117938,-7.53668133500277
-0.26533174342845,-6.86514935531235,-0.265333903544358,-6.59981545176799,-6.86514935531235
