Total_energy,Adsorption_energy,Rigid_adsorption_energy,Deformation_energy,dEad/dNi
-1.36210757742254,-7.96192518930644,-1.36211105634424,-6.5998141329622,-7.96192518930644
-0.910152306407438,-7.50996991829133,-0.910152551644013,-6.59981736664732,-7.50996991829133
-0.659053424058897,-7.25887103594279,-0.659053612411137,-6.59981742353166,-7.25887103594279
