Total_energy,Adsorption_energy,Rigid_adsorption_energy,Deformation_energy,dEad/dNi
-1.37870042323167,-7.97851803511556,-1.37870047212432,-6.59981756299124,-7.97851803511556
-0.908650651738274,-7.50846826362217,-0.908655414510402,-6.59981284911177,-7.50846826362217
-0.468655333830112,-7.06847294571401,-0.468659614909677,-6.59981333080433,-7.06847294571401
