Total_energy,Adsorption_energy,Rigid_adsorption_energy,Deformation_energy,dEad/dNi
-1.35923062187631,-7.9590482337602,-1.35923990232163,-6.59980833143857,-7.9590482337602
-0.897322388219807,-7.4971400001037,-0.897322403186451,-6.59981759691725,-7.4971400001037
-0.363440757594958,-6.96325836947885,-0.363445528831105,-6.59981284064775,-6.96325836947885
