Total_energy,Adsorption_energy,Rigid_adsorption_energy,Deformation_energy,dEad/dNi
-1.37366829082873,-7.97348590271263,-1.37367783898912,-6.59980806372351,-7.97348590271263
-0.922973187670172,-7.52279079955407,-0.922977213908751,-6.59981358564532,-7.52279079955407
-0.602928581136948,-7.20274619302084,-0.602929629466063,-6.59981656355478,-7.20274619302084
-0.219542699419508,-6.8193603113034,-0.219547350988692,-6.59981296031471,-6.8193603113034
