Total_energy,Adsorption_energy,Rigid_adsorption_energy,Deformation_energy,dEad/dNi
-1.35989134847806,-7.95970896036196,-1.35990036175805,-6.5998085986039,-7.95970896036196
-0.824617857531066,-7.42443546941496,-0.82461940520368,-6.59981606421128,-7.42443546941496
-0.478610468269922,-7.07842808015382,-0.478612932680849,-6.59981514747297,-7.07842808015382
