Total_energy,Adsorption_energy,Rigid_adsorption_energy,Deformation_energy,dEad/dNi
-1.36687834805005,-7.96669595993394,-1.3668926053696,-6.59980335456434,-7.96669595993394
-0.915488480013473,-7.51530609189737,-0.915492953826292,-6.59981313807108,-7.51530609189737
-0.597610917688496,-7.19742852957239,-0.59761349525901,-6.59981503431338,-7.19742852957239
