Total_energy,Adsorption_energy,Rigid_adsorption_energy,Deformation_energy,dEad/dNi
-1.36515745345805,-7.96497506534194,-1.36515883763641,-6.59981622770554,-7.96497506534194
-0.9010537502425,-7.5008713621264,-0.901057189693065,-6.59981417243333,-7.5008713621264
