Total_energy,Adsorption_energy,Rigid_adsorption_energy,Deformation_energy,dEad/dNi
-1.36439469625992,-7.96421230814381,-1.36439470795528,-6.59981760018853,-7.96421230814381
-0.907289266165116,-7.50710687804901,-0.907290720612149,-6.59981615743686,-7.50710687804901
-0.407249508018887,-7.00706711990278,-0.407251581881513,-6.59981553802127,-7.00706711990278
