Total_energy,Adsorption_energy,Rigid_adsorption_energy,Deformation_energy,dEad/dNi
-1.36927070043331,-7.9690883123172,-1.36927105301301,-6.59981725930419,-7.9690883123172
-0.941293529961342,-7.54111114184524,-0.94129690153082,-6.59981424031442,-7.54111114184524
