Total_energy,Adsorption_energy,Rigid_adsorption_energy,Deformation_energy,dEad/dNi
-1.36162059158239,-7.96143820346629,-1.36162750212685,-6.59981070133944,-7.96143820346629
-0.851977909262422,-7.45179552114632,-0.851984573130237,-6.59981094801608,-7.45179552114632
-0.195174096534992,-6.79499170841889,-0.195178482412338,-6.59981322600655,-6.79499170841889
