Total_energy,Adsorption_energy,Rigid_adsorption_energy,Deformation_energy,dEad/dNi
-1.36868517641874,-7.96850278830264,-1.36869136247582,-6.59981142582682,-7.96850278830264
-0.798252279183776,-7.39806989106767,-0.798255093272018,-6.59981479779565,-7.39806989106767
-0.247797722046885,-6.84761533393078,-0.247804321727332,-6.59981101220345,-6.84761533393078
