Total_energy,Adsorption_energy,Rigid_adsorption_energy,Deformation_energy,dEad/dNi
-1.37165945160123,-7.97147706348512,-1.37166675842189,-6.59981030506323,-7.97147706348512
-0.942424936857305,-7.5422425487412,-0.942425143088931,-6.59981740565227,-7.5422425487412
-0.666018677251651,-7.26583628913555,-0.66601949456783,-6.59981679456772,-7.26583628913555
