Total_energy,Adsorption_energy,Rigid_adsorption_energy,Deformation_energy,dEad/dNi
-1.35814772087912,-7.95796533276302,-1.35814776477984,-6.59981756798317,-7.95796533276302
-0.869283295170146,-7.46910090705404,-0.869283464810995,-6.59981744224305,-7.46910090705404
-0.234255781309718,-6.83407339319361,-0.234261448088182,-6.59981194510543,-6.83407339319361
