Total_energy,Adsorption_energy,Rigid_adsorption_energy,Deformation_energy,dEad/dNi
-1.37057491186423,-7.97039252374813,-1.37057711515329,-6.59981540859484,-7.97039252374813
-0.802210768620929,-7.40202838050482,-0.802212972396652,-6.59981540810817,-7.40202838050482
-0.579299971804149,-7.17911758368804,-0.579303578130414,-6.59981400555763,-7.17911758368804
