Total_energy,Adsorption_energy,Rigid_adsorption_energy,Deformation_energy,dEad/dNi
-1.37806397878478,-7.97788159066867,-1.37806429623944,-6.59981729442923,-7.97788159066867
-0.930741375057725,-7.53055898694162,-0.930745263936587,-6.59981372300503,-7.53055898694162
-0.367601648321959,-6.96741926020585,-0.367602004511917,-6.59981725569394,-6.96741926020585
