Total_energy,Adsorption_energy,Rigid_adsorption_energy,Deformation_energy,dEad/dNi
-1.35814786997253,-7.95796548185643,-1.35814837282119,-6.59981710903524,-7.95796548185643
-0.922902662591236,-7.52272027447513,-0.922906382216584,-6.59981389225855,-7.52272027447513
-0.265869560977113,-6.86568717286101,-0.265872953577311,-6.5998142192837,-6.86568717286101
