Total_energy,Adsorption_energy,Rigid_adsorption_energy,Deformation_energy,dEad/dNi
-1.37264033942528,-7.97245795130917,-1.37264097821857,-6.5998169730906,-7.97245795130917
-0.902729346961412,-7.50254695884531,-0.902730310711293,-6.59981664813401,-7.50254695884531
-0.410507720999855,-7.01032533288375,-0.410513338330172,-6.59981199455358,-7.01032533288375
