Total_energy,Adsorption_energy,Rigid_adsorption_energy,Deformation_energy,dEad/dNi
-1.35896294489305,-7.95878055677695,-1.35896316266185,-6.5998173941151,-7.95878055677695
-0.904373906940294,-7.50419151882419,-0.904374603591109,-6.59981691523308,-7.50419151882419
-0.281492785658189,-6.88131039754208,-0.281500006423839,-6.59981039111824,-6.88131039754208
