Total_energy,Adsorption_energy,Rigid_adsorption_energy,Deformation_energy,dEad/dNi
-1.35495343068375,-7.95477104256765,-1.35495361197507,-6.59981743059258,-7.95477104256765
-0.942654161255009,-7.5424717731389,-0.942654844233815,-6.59981692890509,-7.5424717731389
-0.37283936854994,-6.97265698043384,-0.372843098333403,-6.59981388210043,-6.97265698043384
