Total_energy,Adsorption_energy,Rigid_adsorption_energy,Deformation_energy,dEad/dNi
-1.38065355696029,-7.98047116884419,-1.38065812731849,-6.5998130415257,-7.98047116884419
-0.94032322072426,-7.54014083260816,-0.940323279996455,-6.5998175526117,-7.54014083260816
-0.237068857455264,-6.83688646933916,-0.237072257211626,-6.59981421212753,-6.83688646933916
