Total_energy,Adsorption_energy,Rigid_adsorption_energy,Deformation_energy,dEad/dNi
-1.36313761623332,-7.96295522811722,-1.36315586756944,-6.59979936054778,-7.96295522811722
-0.880454529573808,-7.4802721414577,-0.880456740677561,-6.59981540078014,-7.4802721414577
-0.406775560024258,-7.00659317190815,-0.406777076712575,-6.59981609519558,-7.00659317190815
