Total_energy,Adsorption_energy,Rigid_adsorption_energy,Deformation_energy,dEad/dNi
-1.38283750347657,-7.98265511536047,-1.38284244763883,-6.59981266772163,-7.98265511536047
-0.892185148077148,-7.49200275996104,-0.892186168303748,-6.5998165916573,-7.49200275996104
-0.356167383917639,-6.95598499580153,-0.356170881829225,-6.59981411397231,-6.95598499580153
