Total_energy,Adsorption_energy,Rigid_adsorption_energy,Deformation_energy,dEad/dNi
-1.34764254159652,-7.94746015348042,-1.34764274762748,-6.59981740585294,-7.94746015348042
-0.90376610882093,-7.50358372070483,-0.903769937373823,-6.599813783331,-7.50358372070483
-0.295504096193028,-6.89532170807692,-0.295505294515346,-6.59981641356158,-6.89532170807692
