Total_energy,Adsorption_energy,Rigid_adsorption_energy,Deformation_energy,dEad/dNi
-1.37079862686758,-7.97061623875147,-1.37079898904238,-6.59981724970909,-7.97061623875147
-0.880635058648824,-7.48045267053272,-0.880637672791345,-6.59981499774137,-7.48045267053272
-0.45139315745289,-7.05121076933679,-0.451395022193009,-6.59981574714378,-7.05121076933679
