Total_energy,Adsorption_energy,Rigid_adsorption_energy,Deformation_energy,dEad/dNi
-1.38171158118749,-7.98152919307139,-1.38171286483139,-6.59981632824,-7.98152919307139
-0.870240166532192,-7.47005777841609,-0.870242730243478,-6.59981504817261,-7.47005777841609
-0.239748316949061,-6.83956592883296,-0.239756585386645,-6.59980934344631,-6.83956592883296
