Total_energy,Adsorption_energy,Rigid_adsorption_energy,Deformation_energy,dEad/dNi
-1.37503883492288,-7.97485644680678,-1.37504016750066,-6.59981627930612,-7.97485644680678
-0.851030534396989,-7.45084814628088,-0.851030535524264,-6.59981761075662,-7.45084814628088
-0.56079012510325,-7.16060773698715,-0.56079014465804,-6.59981759232911,-7.16060773698715
