Total_energy,Adsorption_energy,Rigid_adsorption_energy,Deformation_energy,dEad/dNi
-1.38293357143571,-7.9827511833196,-1.38294053954475,-6.59981064377486,-7.9827511833196
-0.960625559729567,-7.56044317161346,-0.960625583176409,-6.59981758843705,-7.56044317161346
-0.251919568590673,-6.85173718047457,-0.251919659354097,-6.59981752112047,-6.85173718047457
