Total_energy,Adsorption_energy,Rigid_adsorption_energy,Deformation_energy,dEad/dNi
-1.34049027195969,-7.94030788384359,-1.34049073826541,-6.59981714557818,-7.94030788384359
-0.890637614327032,-7.49045522621093,-0.890643314252416,-6.59981191195851,-7.49045522621093
-0.287958375247858,-6.88777598713175,-0.287965969394468,-6.59981001773729,-6.88777598713175
