Total_energy,Adsorption_energy,Rigid_adsorption_energy,Deformation_energy,dEad/dNi
-1.33880475325809,-7.93862236514199,-1.33880483868485,-6.59981752645714,-7.93862236514199
-0.86747096679323,-7.46728857867713,-0.867475775141906,-6.59981280353522,-7.46728857867713
-0.264786492968815,-6.86460410485271,-0.264787859953958,-6.59981624489875,-6.86460410485271
