Total_energy,Adsorption_energy,Rigid_adsorption_energy,Deformation_energy,dEad/dNi
-1.75922591582548,-28.8798879700475,-2.06006535981708,-26.8198226102304,-28.8798879700475
-1.31507296445021,-28.4357350186722,-1.61632543075071,-26.8194095879215,-28.4357350186722
-0.719728696438009,-27.84039075066,-1.02046571311427,-26.8199250375458,-27.84039075066
-0.0379738105532854,-27.1586358647753,-2.01628627782564,-25.1423495869497,-27.1586358647753
0.810966509795753,-26.3096955444263,-1.16719779733766,-25.1424977470886,-26.3096955444263
