Total_energy,Adsorption_energy,Rigid_adsorption_energy,Deformation_energy,dEad/dNi
-1.38077535475021,-7.9805929666341,-1.38078199260311,-6.599810974031,-7.9805929666341
-0.922704681359222,-7.52252229324312,-0.922707812629295,-6.59981448061382,-7.52252229324312
-0.408603831418766,-7.00842144330266,-0.408606769187594,-6.59981467411507,-7.00842144330266
