Total_energy,Adsorption_energy,Rigid_adsorption_energy,Deformation_energy,dEad/dNi
-1.38773773431488,-7.98755534619878,-1.38774347592196,-6.59981187027681,-7.98755534619878
-0.83980533597558,-7.43962294785948,-0.83980939235398,-6.5998135555055,-7.43962294785948
-0.303609847401606,-6.9034274592855,-0.303616922863137,-6.59981053642236,-6.9034274592855
