Total_energy,Adsorption_energy,Rigid_adsorption_energy,Deformation_energy,dEad/dNi
-1.37564492266158,-7.97546253454547,-1.37564534206652,-6.59981719247895,-7.97546253454547
-0.849679657362736,-7.44949726924663,-0.849680957805014,-6.59981631144162,-7.44949726924663
