Total_energy,Adsorption_energy,Rigid_adsorption_energy,Deformation_energy,dEad/dNi
-1.37614215822092,-7.97595977010481,-1.37614814026859,-6.59981162983622,-7.97595977010481
-0.915752818392326,-7.51557043027622,-0.915762937109448,-6.59980749316677,-7.51557043027622
-0.665729545591002,-7.2655471574749,-0.665733729441687,-6.59981342803321,-7.2655471574749
