Total_energy,Adsorption_energy,Rigid_adsorption_energy,Deformation_energy,dEad/dNi
-1.38636537773173,-7.98618298961562,-1.38636560181994,-6.59981738779569,-7.98618298961562
-0.832451740668405,-7.4322693525523,-0.832451841551803,-6.5998175110005,-7.4322693525523
