Total_energy,Adsorption_energy,Rigid_adsorption_energy,Deformation_energy,dEad/dNi
-1.38221279960054,-7.98203041148443,-1.38221496620389,-6.59981544528054,-7.98203041148443
-0.791586822057757,-7.39140443394165,-0.791593177589632,-6.59981125635202,-7.39140443394165
-0.436730102857415,-7.03654771474131,-0.436733164990058,-6.59981454975125,-7.03654771474131
