Total_energy,Adsorption_energy,Rigid_adsorption_energy,Deformation_energy,dEad/dNi
-1.38706017301099,-7.98687778489488,-1.3870711158718,-6.59980666902308,-7.98687778489488
-0.938549389042039,-7.53836700092593,-0.938550736293488,-6.59981626463245,-7.53836700092593
-0.270801823906826,-6.87061943579072,-0.270807261863647,-6.59981217392707,-6.87061943579072
