Total_energy,Adsorption_energy,Rigid_adsorption_energy,Deformation_energy,dEad/dNi
-1.39266228068137,-7.99247989256526,-1.39266233360936,-6.59981755895591,-7.99247989256526
-0.968922495705454,-7.56874010758935,-0.968922663876643,-6.59981744371271,-7.56874010758935
-0.236968423725916,-6.83678603560981,-0.236974409667189,-6.59981162594262,-6.83678603560981
