Total_energy,Adsorption_energy,Rigid_adsorption_energy,Deformation_energy,dEad/dNi
-1.38850025811864,-7.98831787000253,-1.38851677920443,-6.59980109079811,-7.98831787000253
-0.929516198745562,-7.52933381062946,-0.929516207582472,-6.59981760304699,-7.52933381062946
-0.350189379293863,-6.95000699117776,-0.350192501983137,-6.59981448919462,-6.95000699117776
