Total_energy,Adsorption_energy,Rigid_adsorption_energy,Deformation_energy,dEad/dNi
-1.38023752898291,-7.98005514086681,-1.38023823849425,-6.59981690237256,-7.98005514086681
-0.798197716708619,-7.39801532859251,-0.798197848136504,-6.59981748045601,-7.39801532859251
-0.276326815785106,-6.876144427669,-0.276329978497272,-6.59981444917173,-6.876144427669
