Total_energy,Adsorption_energy,Rigid_adsorption_energy,Deformation_energy,dEad/dNi
-1.3968144218482,-7.9966320337321,-1.39682679467666,-6.59980523905544,-7.9966320337321
-0.93681811812716,-7.53663573001106,-0.936822588608978,-6.59981314140208,-7.53663573001106
-0.328844831265944,-6.92866244314984,-0.32884583881503,-6.59981660433481,-6.92866244314984
