Total_energy,Adsorption_energy,Rigid_adsorption_energy,Deformation_energy,dEad/dNi
-1.37455104501266,-7.97436865689656,-1.37456999035616,-6.59979866654039,-7.97436865689656
-0.945440244093323,-7.54525785597722,-0.94544070243425,-6.59981715354297,-7.54525785597722
-0.269928871281841,-6.86974648316574,-0.26993771939216,-6.59980876377358,-6.86974648316574
