Total_energy,Adsorption_energy,Rigid_adsorption_energy,Deformation_energy,dEad/dNi
-1.37694782658811,-7.97676543847201,-1.37694808127921,-6.5998173571928,-7.97676543847201
-0.939553126797308,-7.5393707386812,-0.939555619727847,-6.59981511895336,-7.5393707386812
-0.37371435531358,-6.97353196719748,-0.373715999292983,-6.59981596790449,-6.97353196719748
