Total_energy,Adsorption_energy,Rigid_adsorption_energy,Deformation_energy,dEad/dNi
-1.38510578778936,-7.98492339967325,-1.38510601958057,-6.59981738009269,-7.98492339967325
-0.882774096822206,-7.4825917087061,-0.882777023741724,-6.59981468496438,-7.4825917087061
-0.380358800529759,-6.98017641241365,-0.380361020626046,-6.59981539178761,-6.98017641241365
