Total_energy,Adsorption_energy,Rigid_adsorption_energy,Deformation_energy,dEad/dNi
-1.38834244939801,-7.9881600612819,-1.38834257623622,-6.59981748504568,-7.9881600612819
-0.977547901017998,-7.57736551290189,-0.977548341002557,-6.59981717189934,-7.57736551290189
-0.311149227114654,-6.91096683899855,-0.311151322466619,-6.59981551653193,-6.91096683899855
