Total_energy,Adsorption_energy,Rigid_adsorption_energy,Deformation_energy,dEad/dNi
-1.3763014624767,-7.9761190743606,-1.37630183695235,-6.59981723740825,-7.9761190743606
-0.932779563103882,-7.53259717498778,-0.932780271383085,-6.59981690360469,-7.53259717498778
-0.276604135226073,-6.87642174710997,-0.276606660559868,-6.5998150865501,-6.87642174710997
