Total_energy,Adsorption_energy,Rigid_adsorption_energy,Deformation_energy,dEad/dNi
-1.37694818932594,-7.97676580120983,-1.37694916961186,-6.59981663159797,-7.97676580120983
-0.848248390363277,-7.44806600224717,-0.848249278108339,-6.59981672413883,-7.44806600224717
-0.238360166192477,-6.83817777807637,-0.238365914138755,-6.59981186393762,-6.83817777807637
