Total_energy,Adsorption_energy,Rigid_adsorption_energy,Deformation_energy,dEad/dNi
-1.39107951747173,-7.99089712935562,-1.39108067539317,-6.59981645396245,-7.99089712935562
-0.926138762107599,-7.52595637399149,-0.926146670746098,-6.5998097032454,-7.52595637399149
-0.252213362673929,-6.85203097455782,-0.252217739498824,-6.599813235059,-6.85203097455782
