Total_energy,Adsorption_energy,Rigid_adsorption_energy,Deformation_energy,dEad/dNi
-1.38286953602133,-7.98268714790523,-1.38287663341965,-6.59981051448558,-7.98268714790523
-0.905582571577009,-7.5054001834609,-0.905583605420078,-6.59981657804083,-7.5054001834609
-0.249851545987199,-6.84966915787109,-0.249856482282217,-6.59981267558888,-6.84966915787109
