Total_energy,Adsorption_energy,Rigid_adsorption_energy,Deformation_energy,dEad/dNi
-1.37879410827438,-7.97861172015828,-1.37879434272703,-6.59981737743125,-7.97861172015828
-0.889266209847406,-7.4890838217313,-0.889266926290057,-6.59981689544125,-7.4890838217313
-0.267097596622146,-6.86691520850604,-0.267102973812162,-6.59981223469388,-6.86691520850604
