Total_energy,Adsorption_energy,Rigid_adsorption_energy,Deformation_energy,dEad/dNi
-1.3835259315429,-7.9833435434268,-1.38352595384891,-6.59981758957789,-7.9833435434268
-0.943350047626248,-7.54316765951014,-0.943350438625613,-6.59981722088453,-7.54316765951014
-0.265155539041861,-6.86497315092576,-0.265159671244818,-6.59981347968094,-6.86497315092576
