Total_energy,Adsorption_energy,Rigid_adsorption_energy,Deformation_energy,dEad/dNi
-1.3747602073393,-7.9745778192232,-1.37476040878898,-6.59981741043422,-7.9745778192232
-0.947366537810144,-7.54718414969404,-0.947366606655681,-6.59981754303836,-7.54718414969404
-0.247076029895313,-6.84689364177921,-0.247083609278011,-6.5998100325012,-6.84689364177921
