Total_energy,Adsorption_energy,Rigid_adsorption_energy,Deformation_energy,dEad/dNi
-1.37414847980978,-7.97396609169368,-1.37414848743806,-6.59981760425562,-7.97396609169368
-0.82760374015823,-7.42742135204213,-0.827605269056601,-6.59981608298552,-7.42742135204213
-0.409786268466427,-7.00960388035032,-0.409788447784309,-6.59981543256601,-7.00960388035032
