Total_energy,Adsorption_energy,Rigid_adsorption_energy,Deformation_energy,dEad/dNi
-1.36977731555152,-7.96959492743542,-1.36978204547725,-6.59981288195817,-7.96959492743542
-0.86627674900806,-7.46609436089195,-0.866277442262211,-6.59981691862974,-7.46609436089195
-0.46322767856767,-7.06304529045156,-0.463229352336982,-6.59981593811458,-7.06304529045156
