Total_energy,Adsorption_energy,Rigid_adsorption_energy,Deformation_energy,dEad/dNi
-1.37430538595921,-7.9741229978431,-1.37431699956594,-6.59980599827716,-7.9741229978431
-0.943229243969484,-7.54304685585338,-0.943232718568375,-6.599814137285,-7.54304685585338
-0.518139870122709,-7.1179574820066,-0.518139870657979,-6.59981761134862,-7.1179574820066
