Total_energy,Adsorption_energy,Rigid_adsorption_energy,Deformation_energy,dEad/dNi
-1.38879267487829,-7.98861028676219,-1.38879685635534,-6.59981343040685,-7.98861028676219
-0.885914235605493,-7.48573184748939,-0.885920598274393,-6.599811249215,-7.48573184748939
-0.521144768481752,-7.12096238036565,-0.521149269236475,-6.59981311112917,-7.12096238036565
