Total_energy,Adsorption_energy,Rigid_adsorption_energy,Deformation_energy,dEad/dNi
-1.37702715611572,-7.97684476799962,-1.37702904084714,-6.59981572715247,-7.97684476799962
-0.818203210176124,-7.41802082206002,-0.8182032138904,-6.59981760816962,-7.41802082206002
-0.492606542203886,-7.09242415408778,-0.492614683154686,-6.5998094709331,-7.09242415408778
