Total_energy,Adsorption_energy,Rigid_adsorption_energy,Deformation_energy,dEad/dNi
-1.38767870023126,-7.98749631211516,-1.38768268058956,-6.5998136315256,-7.98749631211516
-0.900787234287214,-7.50060484617111,-0.900788771644664,-6.59981607452645,-7.50060484617111
-0.52688032070124,-7.12669793258514,-0.526888945081882,-6.59980898750325,-7.12669793258514
