Total_energy,Adsorption_energy,Rigid_adsorption_energy,Deformation_energy,dEad/dNi
-1.37928327878794,-7.97910089067183,-1.37929721165362,-6.59980367901821,-7.97910089067183
-0.880698454472946,-7.48051606635684,-0.880698518350519,-6.59981754800632,-7.48051606635684
-0.287522584077998,-6.88734019596189,-0.287528059587173,-6.59981213637472,-6.88734019596189
