Total_energy,Adsorption_energy,Rigid_adsorption_energy,Deformation_energy,dEad/dNi
-1.37499930918061,-7.97481692106451,-1.37500160753478,-6.59981531352973,-7.97481692106451
-0.794944638215159,-7.39476225009905,-0.794949088057857,-6.5998131620412,-7.39476225009905
-0.251784067940921,-6.85160167982482,-0.251790738558872,-6.59981094126594,-6.85160167982482
