Total_energy,Adsorption_energy,Rigid_adsorption_energy,Deformation_energy,dEad/dNi
-1.38274738585234,-7.98256499773623,-1.3827475529426,-6.59981744479364,-7.98256499773623
-0.826757928866107,-7.42657554075,-0.82676067100986,-6.59981486974014,-7.42657554075
-0.574708695319015,-7.17452630720291,-0.574710424949625,-6.59981588225329,-7.17452630720291
