Total_energy,Adsorption_energy,Rigid_adsorption_energy,Deformation_energy,dEad/dNi
-1.37176863643038,-7.97158624831427,-1.37177014952849,-6.59981609878578,-7.97158624831427
-0.938274504608942,-7.53809211649284,-0.938274882122897,-6.59981723436994,-7.53809211649284
-0.433805925216404,-7.0336235371003,-0.433809566818978,-6.59981397028132,-7.0336235371003
