Total_energy,Adsorption_energy,Rigid_adsorption_energy,Deformation_energy,dEad/dNi
-1.36592892783435,-7.96574653971825,-1.36593500490199,-6.59981153481625,-7.96574653971825
-0.878680322621545,-7.47849793450544,-0.87868085229088,-6.59981708221456,-7.47849793450544
-0.506474644882664,-7.10629225676656,-0.506474773364421,-6.59981748340214,-7.10629225676656
