Total_energy,Adsorption_energy,Rigid_adsorption_energy,Deformation_energy,dEad/dNi
-1.37816657391765,-7.97798418580155,-1.37816668564794,-6.59981750015361,-7.97798418580155
-1.04119718140598,-7.64101479328987,-1.04119990140496,-6.59981489188491,-7.64101479328987
-0.438199287851754,-7.03801689973565,-0.438200183426151,-6.5998167163095,-7.03801689973565
