Total_energy,Adsorption_energy,Rigid_adsorption_energy,Deformation_energy,dEad/dNi
-1.37402950402166,-7.97384711590555,-1.37403004271625,-6.5998170731893,-7.97384711590555
-1.0286663489412,-7.6284839608251,-1.02867915643208,-6.59980480439302,-7.6284839608251
-0.515353698476582,-7.11517131036048,-0.51535604507956,-6.59981526528092,-7.11517131036048
