Total_energy,Adsorption_energy,Rigid_adsorption_energy,Deformation_energy,dEad/dNi
-1.3815354622603,-7.9813530741442,-1.38153568092931,-6.59981739321489,-7.9813530741442
-0.881209649920938,-7.48102726180483,-0.881215166101269,-6.59981209570357,-7.48102726180483
-0.2962578406743,-6.8960754525582,-0.296259766824176,-6.59981568573402,-6.8960754525582
