Total_energy,Adsorption_energy,Rigid_adsorption_energy,Deformation_energy,dEad/dNi
-1.39080690219844,-7.99062451408233,-1.39081207272795,-6.59981244135438,-7.99062451408233
-0.929490387189495,-7.52930799907339,-0.929492266650502,-6.59981573242289,-7.52930799907339
-0.426779107576724,-7.02659671946062,-0.426780033186767,-6.59981668627385,-7.02659671946062
