Total_energy,Adsorption_energy,Rigid_adsorption_energy,Deformation_energy,dEad/dNi
-1.39596575395493,-7.99578336583882,-1.39597260844191,-6.59981075739691,-7.99578336583882
-0.83042641410821,-7.4302440259921,-0.83043249215073,-6.59981153384137,-7.4302440259921
-0.475332994613902,-7.0751506064978,-0.475333917793133,-6.59981668870466,-7.0751506064978
