Total_energy,Adsorption_energy,Rigid_adsorption_energy,Deformation_energy,dEad/dNi
-1.37029701775287,-7.97011462963676,-1.37031608005558,-6.59979854958118,-7.97011462963676
-0.851898220342691,-7.45171583222659,-0.85189835867508,-6.59981747355151,-7.45171583222659
-0.630905182621717,-7.23072279450561,-0.630905799522258,-6.59981699498335,-7.23072279450561
-0.186195988436846,-6.78601360032074,-0.186197024669286,-6.59981657565146,-6.78601360032074
