Total_energy,Adsorption_energy,Rigid_adsorption_energy,Deformation_energy,dEad/dNi
-1.38114896204836,-7.98096657393225,-1.3811563723209,-6.59981020161136,-7.98096657393225
-0.903980833441136,-7.50379844532503,-0.9039808335236,-6.59981761180143,-7.50379844532503
-0.440848257937948,-7.04066586982184,-0.440851991233963,-6.59981387858788,-7.04066586982184
