Total_energy,Adsorption_energy,Rigid_adsorption_energy,Deformation_energy,dEad/dNi
-1.37039448858234,-7.97021210046623,-1.37041003804608,-6.59980206242015,-7.97021210046623
-0.927789712819843,-7.52760732470374,-0.927802123427121,-6.59980520127662,-7.52760732470374
-0.618202797409732,-7.21802040929363,-0.618202924712382,-6.59981748458125,-7.21802040929363
