Total_energy,Adsorption_energy,Rigid_adsorption_energy,Deformation_energy,dEad/dNi
-1.38725513185295,-7.98707274373685,-1.38726216189712,-6.59981058183973,-7.98707274373685
-0.937985545531029,-7.53780315741492,-0.937987171424261,-6.59981598599066,-7.53780315741492
-0.275776903082173,-6.87559451496607,-0.275780655588269,-6.5998138593778,-6.87559451496607
