Total_energy,Adsorption_energy,Rigid_adsorption_energy,Deformation_energy,dEad/dNi
-1.38061909153613,-7.98043670342003,-1.38061910179752,-6.59981760162251,-7.98043670342003
-0.924407497852815,-7.52422510973671,-0.924413910127016,-6.59981119960969,-7.52422510973671
-0.267201203823936,-6.86701881570783,-0.267206738536968,-6.59981207717086,-6.86701881570783
