Total_energy,Adsorption_energy,Rigid_adsorption_energy,Deformation_energy,dEad/dNi
-1.37090815655948,-7.97072576844338,-1.37091333680515,-6.59981243163823,-7.97072576844338
-0.974559032700487,-7.57437664458438,-0.974563068839505,-6.59981357574488,-7.57437664458438
-0.27387128020461,-6.87368889208851,-0.273876921449738,-6.59981197063877,-6.87368889208851
