Total_energy,Adsorption_energy,Rigid_adsorption_energy,Deformation_energy,dEad/dNi
-1.38573403076291,-7.9855516426468,-1.38575355231597,-6.59979809033083,-7.9855516426468
-1.05486349029007,-7.65468110217396,-1.05486357074859,-6.59981753142537,-7.65468110217396
-0.633035697325306,-7.2328533092092,-0.63303695551381,-6.59981635369539,-7.2328533092092
-0.25152139591576,-6.85133900779966,-0.251526078587301,-6.59981292921235,-6.85133900779966
