Total_energy,Adsorption_energy,Rigid_adsorption_energy,Deformation_energy,dEad/dNi
-1.38647270991619,-7.98629032180008,-1.3864728062831,-6.59981751551699,-7.98629032180008
-0.94340456660459,-7.54322217848848,-0.943404599127474,-6.59981757936101,-7.54322217848848
-0.439112320408858,-7.03892993229275,-0.439115050728414,-6.59981488156434,-7.03892993229275
