Total_energy,Adsorption_energy,Rigid_adsorption_energy,Deformation_energy,dEad/dNi
-1.373640511222,-7.9734581231059,-1.37365606120337,-6.59980206190253,-7.9734581231059
-0.852142012955318,-7.45195962483921,-0.852148180718221,-6.59981144412099,-7.45195962483921
-0.268563145050952,-6.86838075693485,-0.26856376100779,-6.59981699592706,-6.86838075693485
