Total_energy,Adsorption_energy,Rigid_adsorption_energy,Deformation_energy,dEad/dNi
-1.37776979348479,-7.97758740536868,-1.3777698474689,-6.59981755789979,-7.97758740536868
-0.927188899501969,-7.52700651138586,-0.927189568400076,-6.59981694298579,-7.52700651138586
-0.255773488079483,-6.85559109996338,-0.255774070829569,-6.59981702913381,-6.85559109996338
