Total_energy,Adsorption_energy,Rigid_adsorption_energy,Deformation_energy,dEad/dNi
-1.37898225859481,-7.9787998704787,-1.37899533790241,-6.5998045325763,-7.9787998704787
-0.939159809514419,-7.53897742139831,-0.939162774718281,-6.59981464668003,-7.53897742139831
-0.458707145465497,-7.05852475734939,-0.458707327920557,-6.59981742942884,-7.05852475734939
