Total_energy,Adsorption_energy,Rigid_adsorption_energy,Deformation_energy,dEad/dNi
-1.37882727587681,-7.97864488776071,-1.37882781187274,-6.59981707588797,-7.97864488776071
-0.894205620429722,-7.49402323231362,-0.89462975108274,-6.59939348123088,-7.49402323231362
-0.348432630956916,-6.94825024284081,-0.34843278112775,-6.59981746171306,-6.94825024284081
