Total_energy,Adsorption_energy,Rigid_adsorption_energy,Deformation_energy,dEad/dNi
-1.38576967979373,-7.98558729167763,-1.38577306862401,-6.59981422305362,-7.98558729167763
-0.914276773363335,-7.51409438524723,-0.914276905246716,-6.59981748000051,-7.51409438524723
-0.278856143537639,-6.87867375542154,-0.27885915191693,-6.5998146035046,-6.87867375542154
