Total_energy,Adsorption_energy,Rigid_adsorption_energy,Deformation_energy,dEad/dNi
-1.37905812450426,-7.97887573638816,-1.37905812621201,-6.59981761017615,-7.97887573638816
-0.88736129823312,-7.48717891011701,-0.887364924077133,-6.59981398603988,-7.48717891011701
-0.234456400493667,-6.83427401237756,-0.234459487204191,-6.59981452517337,-6.83427401237756
