Total_energy,Adsorption_energy,Rigid_adsorption_energy,Deformation_energy,dEad/dNi
-1.38393683853312,-7.98375445041701,-1.38395133689599,-6.59980311352103,-7.98375445041701
-0.882317736994875,-7.48213534887877,-0.882325588394323,-6.59980976048445,-7.48213534887877
-0.456569198451005,-7.0563868103349,-0.456571275749039,-6.59981553458586,-7.0563868103349
