Total_energy,Adsorption_energy,Rigid_adsorption_energy,Deformation_energy,dEad/dNi
-1.39417091821237,-7.99398853009626,-1.39418651694959,-6.59980201314667,-7.99398853009626
-0.938491544041272,-7.53830915592517,-0.938492175555913,-6.59981698036925,-7.53830915592517
-0.48155283743218,-7.08137044931608,-0.481553989934504,-6.59981645938157,-7.08137044931608
