Total_energy,Adsorption_energy,Rigid_adsorption_energy,Deformation_energy,dEad/dNi
-1.3859288635849,-7.98574647546879,-1.3859293041798,-6.599817171289,-7.98574647546879
-0.933589861130584,-7.53340747301448,-0.933590094764085,-6.59981737825039,-7.53340747301448
-0.332475802620312,-6.93229341450421,-0.332478125890153,-6.59981528861405,-6.93229341450421
