Total_energy,Adsorption_energy,Rigid_adsorption_energy,Deformation_energy,dEad/dNi
-1.37424028969318,-7.97405790157708,-1.37424029528063,-6.59981760629645,-7.97405790157708
-0.915198480865026,-7.51501609274892,-0.915198730001202,-6.59981736274772,-7.51501609274892
