Total_energy,Adsorption_energy,Rigid_adsorption_energy,Deformation_energy,dEad/dNi
-1.38287885018346,-7.98269646206736,-1.38289275267588,-6.59980370939148,-7.98269646206736
-0.904044746161691,-7.50386235804559,-0.904045969408804,-6.59981638863678,-7.50386235804559
-0.43289418564154,-7.03271179752544,-0.432897016914169,-6.59981478061127,-7.03271179752544
