Total_energy,Adsorption_energy,Rigid_adsorption_energy,Deformation_energy,dEad/dNi
-1.38144008709053,-7.98125769897443,-1.38144518829787,-6.59981251067656,-7.98125769897443
-0.970738725912616,-7.57055633779651,-0.970739013575149,-6.59981732422136,-7.57055633779651
-0.498020968698049,-7.09783858058194,-0.498027849602913,-6.59981073097903,-7.09783858058194
