Total_energy,Adsorption_energy,Rigid_adsorption_energy,Deformation_energy,dEad/dNi
-1.37667021320918,-7.97648782509307,-1.37667107620707,-6.599816748886,-7.97648782509307
-0.812027036694114,-7.41184464857801,-0.81202913446049,-6.59981551411752,-7.41184464857801
-0.230847835991618,-6.83066544787551,-0.230852334048362,-6.59981311382715,-6.83066544787551
