Total_energy,Adsorption_energy,Rigid_adsorption_energy,Deformation_energy,dEad/dNi
-1.38309711387844,-7.98291472576234,-1.38309885730172,-6.59981586846062,-7.98291472576234
-0.86485503897445,-7.46467265085835,-0.867599220888355,-6.59707342996999,-7.46467265085835
-0.277968816396049,-6.87778642827994,-0.277974968661371,-6.59981145961857,-6.87778642827994
