Total_energy,Adsorption_energy,Rigid_adsorption_energy,Deformation_energy,dEad/dNi
-1.38900064790762,-7.98881825979152,-1.38900858129861,-6.59980967849291,-7.98881825979152
-0.827007374875648,-7.42682498675954,-0.827008842122427,-6.59981614463712,-7.42682498675954
-0.276232027368283,-6.87604963925218,-0.276236711511466,-6.59981292774071,-6.87604963925218
