Total_energy,Adsorption_energy,Rigid_adsorption_energy,Deformation_energy,dEad/dNi
-1.38399131417661,-7.98380892606051,-1.38399168681098,-6.59981723924953,-7.98380892606051
-0.979430695848353,-7.57924830773225,-0.979430718082629,-6.59981758964962,-7.57924830773225
-0.415890748413726,-7.01570836029762,-0.415898886577696,-6.59980947371993,-7.01570836029762
