Total_energy,Adsorption_energy,Rigid_adsorption_energy,Deformation_energy,dEad/dNi
-1.38511767330504,-7.98493528518894,-1.38511777951893,-6.59981750567001,-7.98493528518894
-0.866518494174897,-7.46633610605879,-0.866522720302637,-6.59981338575616,-7.46633610605879
-0.448123604501769,-7.04794121638566,-0.448134983027956,-6.59980623335771,-7.04794121638566
