Total_energy,Adsorption_energy,Rigid_adsorption_energy,Deformation_energy,dEad/dNi
-1.38406454715571,-7.98388215903961,-1.3840677353655,-6.59981442367411,-7.98388215903961
-0.963181734816869,-7.56299934670077,-0.96318985869771,-6.59980948800306,-7.56299934670077
-0.55283087260279,-7.15264848448669,-0.552832558633447,-6.59981592585324,-7.15264848448669
-0.251595462414408,-6.8514130742983,-0.251599058342551,-6.59981401595575,-6.8514130742983
