Total_energy,Adsorption_energy,Rigid_adsorption_energy,Deformation_energy,dEad/dNi
-1.3740259491421,-7.97384356102599,-1.37403703842753,-6.59980652259846,-7.97384356102599
-0.917507445788609,-7.5173250576725,-0.917507461942883,-6.59981759572962,-7.5173250576725
-0.413567159115771,-7.01338477099967,-0.413568548332657,-6.59981622266701,-7.01338477099967
