Total_energy,Adsorption_energy,Rigid_adsorption_energy,Deformation_energy,dEad/dNi
-1.3749686337499,-7.97478624563379,-1.37497385301501,-6.59981239261878,-7.97478624563379
-0.888346660999577,-7.48816427288347,-0.888346719445182,-6.59981755343829,-7.48816427288347
-0.237912941249078,-6.83773055313297,-0.237915100778411,-6.59981545235456,-6.83773055313297
