Total_energy,Adsorption_energy,Rigid_adsorption_energy,Deformation_energy,dEad/dNi
-1.37877956331271,-7.9785971751966,-1.37877957251077,-6.59981760268583,-7.9785971751966
-0.949856047268842,-7.54967365915274,-0.949856102471507,-6.59981755668123,-7.54967365915274
-0.451750027288115,-7.05156763917201,-0.451752565689528,-6.59981507348248,-7.05156763917201
