Total_energy,Adsorption_energy,Rigid_adsorption_energy,Deformation_energy,dEad/dNi
-1.39427703244238,-7.99409464432627,-1.39428867213801,-6.59980597218827,-7.99409464432627
-0.931126433411336,-7.53094404529523,-0.931127027805426,-6.59981701748981,-7.53094404529523
-0.373884863956345,-6.97370247584024,-0.373888411662069,-6.59981406417817,-6.97370247584024
