Total_energy,Adsorption_energy,Rigid_adsorption_energy,Deformation_energy,dEad/dNi
-1.37509786328095,-7.97491547516485,-1.37510648160095,-6.5998089935639,-7.97491547516485
-0.927172739079491,-7.52699035096339,-0.927178293265528,-6.59981205769786,-7.52699035096339
-0.362593442389161,-6.96241105427306,-0.362598874518776,-6.59981217975428,-6.96241105427306
