Total_energy,Adsorption_energy,Rigid_adsorption_energy,Deformation_energy,dEad/dNi
-1.37257179177313,-7.97238940365702,-1.37257179266311,-6.59981761099392,-7.97238940365702
-0.723692404987414,-7.32351001687131,-0.723914054051827,-6.59959596281948,-7.32351001687131
-0.248660759547304,-6.8484783714312,-0.248665993917284,-6.59981237751392,-6.8484783714312
