Total_energy,Adsorption_energy,Rigid_adsorption_energy,Deformation_energy,dEad/dNi
-1.37172952682373,-7.97154713870762,-1.37174786648225,-6.59979927222537,-7.97154713870762
-0.941514228425055,-7.54133184030895,-0.941518628177999,-6.59981321213095,-7.54133184030895
