Total_energy,Adsorption_energy,Rigid_adsorption_energy,Deformation_energy,dEad/dNi
-1.37859833122919,-7.97841594311308,-1.37860134809302,-6.59981459502007,-7.97841594311308
-0.853600336128626,-7.45341794801252,-0.85402547772897,-6.59939247028355,-7.45341794801252
-0.35762729797102,-6.95744490985492,-0.357630631344825,-6.59981427851009,-6.95744490985492
