Total_energy,Adsorption_energy,Rigid_adsorption_energy,Deformation_energy,dEad/dNi
-1.37285043712147,-7.97266804900536,-1.372861947725,-6.59980610128036,-7.97266804900536
-0.903046642291561,-7.50286425417546,-0.903062312783573,-6.59980194139188,-7.50286425417546
-0.500437511618085,-7.10025512350198,-0.500439291744951,-6.59981583175703,-7.10025512350198
-0.178329762268697,-6.77814737415259,-0.178331004776784,-6.59981636937581,-6.77814737415259
