Total_energy,Adsorption_energy,Rigid_adsorption_energy,Deformation_energy,dEad/dNi
-1.3729877140002,-7.97280532588409,-1.37298863350442,-6.59981669237967,-7.97280532588409
-0.958954117292919,-7.55877172917681,-0.958955676948262,-6.59981605222855,-7.55877172917681
-0.365218584620392,-6.96503619650429,-0.36522345138532,-6.59981274511897,-6.96503619650429
