Total_energy,Adsorption_energy,Rigid_adsorption_energy,Deformation_energy,dEad/dNi
-1.34054508122135,-7.94036269310524,-1.34054953694633,-6.59981315615891,-7.94036269310524
-0.887242796002373,-7.48706040788627,-0.887243237835148,-6.59981717005112,-7.48706040788627
-0.247732737577873,-6.84755034946177,-0.247736560035692,-6.59981378942608,-6.84755034946177
