Total_energy,Adsorption_energy,Rigid_adsorption_energy,Deformation_energy,dEad/dNi
-1.39352480610003,-7.99334241798393,-1.39352576139674,-6.59981665658719,-7.99334241798393
-0.937087977531433,-7.53690558941533,-0.937088680046032,-6.5998169093693,-7.53690558941533
-0.528284862053688,-7.12810247393758,-0.528285952601918,-6.59981652133566,-7.12810247393758
