Total_energy,Adsorption_energy,Rigid_adsorption_energy,Deformation_energy,dEad/dNi
-1.37344568785079,-7.97326329973468,-1.37345569531744,-6.59980760441724,-7.97326329973468
-0.925317799225979,-7.52513541110987,-0.925320009049382,-6.59981540206049,-7.52513541110987
-0.224726419379925,-6.82454403126382,-0.224731603915844,-6.59981242734798,-6.82454403126382
