Total_energy,Adsorption_energy,Rigid_adsorption_energy,Deformation_energy,dEad/dNi
-1.36875378722529,-7.96857139910918,-1.36875400674021,-6.59981739236897,-7.96857139910918
-0.809293189168722,-7.40911080105262,-0.809296328066618,-6.599814472986,-7.40911080105262
-0.275212188858987,-6.87502980074288,-0.275214942392686,-6.5998148583502,-6.87502980074288
