Total_energy,Adsorption_energy,Rigid_adsorption_energy,Deformation_energy,dEad/dNi
-1.36839436627274,-7.96821197815663,-1.36840242950656,-6.59980954865008,-7.96821197815663
-0.897678584753738,-7.49749619663763,-0.898226447358748,-6.59926974927889,-7.49749619663763
-0.280220737385239,-6.88003834926913,-0.280227471956166,-6.59981087731297,-6.88003834926913
