Total_energy,Adsorption_energy,Rigid_adsorption_energy,Deformation_energy,dEad/dNi
-1.3826936320868,-7.9825112439707,-1.38269402468075,-6.59981721928995,-7.9825112439707
-0.915334040136127,-7.51515165202002,-0.915334241205708,-6.59981741081431,-7.51515165202002
-0.482605478204015,-7.08242309008791,-0.482606281761383,-6.59981680832653,-7.08242309008791
