Total_energy,Adsorption_energy,Rigid_adsorption_energy,Deformation_energy,dEad/dNi
-1.37215385177239,-7.97197146365628,-1.37215786142064,-6.59981360223564,-7.97197146365628
-0.943658160463917,-7.54347577234781,-0.943663732615961,-6.59981203973185,-7.54347577234781
-0.224722850320293,-6.82454046220419,-0.224728355820374,-6.59981210638382,-6.82454046220419
