Total_energy,Adsorption_energy,Rigid_adsorption_energy,Deformation_energy,dEad/dNi
-1.37757111225881,-7.97738872414271,-1.37757115166911,-6.5998175724736,-7.97738872414271
-0.896470787605729,-7.49628839948962,-0.896470845573482,-6.59981755391614,-7.49628839948962
-0.251801708865445,-6.85161932074934,-0.2518037661145,-6.59981555463484,-6.85161932074934
