Total_energy,Adsorption_energy,Rigid_adsorption_energy,Deformation_energy,dEad/dNi
-1.36917353582321,-7.96899114770711,-1.36918619229332,-6.59980495541379,-7.96899114770711
-0.901532300346018,-7.50134991222991,-0.901536084112835,-6.59981382811708,-7.50134991222991
-0.549073020036094,-7.14889063191999,-0.549080506560908,-6.59981012535908,-7.14889063191999
-0.251638297021381,-6.85145590890528,-0.251643133207537,-6.59981277569774,-6.85145590890528
