Total_energy,Adsorption_energy,Rigid_adsorption_energy,Deformation_energy,dEad/dNi
-1.38014247379321,-7.97996008567711,-1.38015187859718,-6.59980820707992,-7.97996008567711
-0.893872455320288,-7.49369006720418,-0.893873358598908,-6.59981670860528,-7.49369006720418
-0.426425055861308,-7.0262426677452,-0.426429293568082,-6.59981337417712,-7.0262426677452
