Total_energy,Adsorption_energy,Rigid_adsorption_energy,Deformation_energy,dEad/dNi
-1.36800095020036,-7.96781856208425,-1.36800165269073,-6.59981690939352,-7.96781856208425
-1.0537829689576,-7.65360058084149,-1.05378376565451,-6.59981681518698,-7.65360058084149
-0.237313514476971,-6.83713112636087,-0.237320823556976,-6.59981030280389,-6.83713112636087
