Total_energy,Adsorption_energy,Rigid_adsorption_energy,Deformation_energy,dEad/dNi
-1.3874520877565,-7.9872696996404,-1.38746020723802,-6.59980949240237,-7.9872696996404
-0.935396170956004,-7.5352137828399,-0.935396757140499,-6.5998170256994,-7.5352137828399
-0.250306282364884,-6.85012389424878,-0.250313706730493,-6.59981018751829,-6.85012389424878
