Total_energy,Adsorption_energy,Rigid_adsorption_energy,Deformation_energy,dEad/dNi
-1.38071894046349,-7.98053655234739,-1.38071895023138,-6.599817602116,-7.98053655234739
-0.944414718660761,-7.54423233054466,-0.944423557681498,-6.59980877286316,-7.54423233054466
-0.286818697422709,-6.8866363093066,-0.286821118566306,-6.5998151907403,-6.8866363093066
