Total_energy,Adsorption_energy,Rigid_adsorption_energy,Deformation_energy,dEad/dNi
-1.3845367078104,-7.9843543196943,-1.38455493126789,-6.59979938842641,-7.9843543196943
-0.81284454477272,-7.41266215665662,-0.81284957573492,-6.5998125809217,-7.41266215665662
-0.237057844507802,-6.8368754563917,-0.237061679825844,-6.59981377656585,-6.8368754563917
