Total_energy,Adsorption_energy,Rigid_adsorption_energy,Deformation_energy,dEad/dNi
-1.37470928261585,-7.97452689449975,-1.37470942327074,-6.59981747122901,-7.97452689449975
-0.824810914763815,-7.42462852664771,-0.82481111865054,-6.59981740799717,-7.42462852664771
-0.217594634752794,-6.81741224663669,-0.21759968071352,-6.59981256592317,-6.81741224663669
