Total_energy,Adsorption_energy,Rigid_adsorption_energy,Deformation_energy,dEad/dNi
-1.75131922047712,-28.8719812746992,-2.05231363518373,-26.8196676395154,-28.8719812746992
-1.53212207572491,-28.6527841299469,-1.83365400338418,-26.8191301265628,-28.6527841299469
-0.859210193741465,-27.9798722479635,-1.16115140973026,-26.8187208382332,-27.9798722479635
-0.424598710645488,-27.5452607648675,-0.725621949345845,-26.8196388155217,-27.5452607648675
-0.00658373337578949,-27.1272457875978,-0.307373830841144,-26.8198719567567,-27.1272457875978
