Total_energy,Adsorption_energy,Rigid_adsorption_energy,Deformation_energy,dEad/dNi
-1.75043943040901,-28.871101484631,-2.0515652521582,-26.8195362324728,-28.871101484631
-1.33201920693744,-28.4526812611595,-1.63282373589008,-26.8198575252694,-28.4526812611595
-0.655918796180576,-27.7765808504026,-0.956718492784203,-26.8198623576184,-27.7765808504026
0.589011344601077,-26.531650709621,-1.38908971401826,-25.1425609956027,-26.531650709621
1.17219256672833,-25.9484694874937,-0.805719160734968,-25.1427503267587,-25.9484694874937
