Total_energy,Adsorption_energy,Rigid_adsorption_energy,Deformation_energy,dEad/dNi
-1.79136399286015,-28.9120260470822,-2.09221313119913,-26.8198129158831,-28.9120260470822
-1.18006562011541,-28.3007276743374,-1.48100493317071,-26.8197227411667,-28.3007276743374
-0.74908512792037,-27.8697471821424,-1.05017942774685,-26.8195677543955,-27.8697471821424
-0.0642257054289881,-27.184887759651,-2.04249022970996,-25.1423975299411,-27.184887759651
1.40012141041801,-25.720540643804,-0.578184592637636,-25.1423560511664,-25.720540643804
