Total_energy,Adsorption_energy,Rigid_adsorption_energy,Deformation_energy,dEad/dNi
-1.81506056771683,-28.9357226219389,-2.11588090611643,-26.8198417158224,-28.9357226219389
-1.27627055369451,-28.3969326079165,-1.57708483353821,-26.8198477743783,-28.3969326079165
-1.0248968741193,-28.1455589283413,-1.32574181881428,-26.8198171095271,-28.1455589283413
-0.491889347897855,-27.6125514021199,-0.793061487780807,-26.8194899143391,-27.6125514021199
1.26202358247943,-25.8586384717426,-0.716256382798486,-25.1423820889441,-25.8586384717426
