Total_energy,Adsorption_energy,Rigid_adsorption_energy,Deformation_energy,dEad/dNi
-1.8078782212029,-28.9285402754249,-2.10870389553075,-26.8198363798942,-28.9285402754249
-1.34041531021866,-28.4610773644407,-1.64227812842817,-26.8187992360125,-28.4610773644407
-0.788690496571253,-27.9093525507933,-1.09065427173296,-26.8186982790603,-27.9093525507933
-0.111116791677916,-27.2317788458999,-2.08885641344209,-25.1429224324579,-27.2317788458999
0.790254568647416,-26.3304074855746,-1.18798273467906,-25.1424247508956,-26.3304074855746
