File_name,Total_energy,Adsorption_energy,Rigid_adsorption_energy,Deformation_energy,dEad/dNi
op_0 (3 1 1).std.csv,-1.53212,-28.6528,-1.83365,-26.8191,-28.6528
op_1 (3 1 1).std.csv,-1.33202,-28.4527,-1.63282,-26.8199,-28.4527
op_2 (3 1 1).std.csv,-1.25454,-28.3752,-1.55589,-26.8193,-28.3752
op_3 (3 1 1).std.csv,-1.18007,-28.3007,-1.481,-26.8197,-28.3007
op_4 (3 1 1).std.csv,-1.27627,-28.3969,-1.57708,-26.8198,-28.3969
op_5 (3 1 1).std.csv,-1.34042,-28.4611,-1.64228,-26.8188,-28.4611
