Total_energy,Adsorption_energy,Rigid_adsorption_energy,Deformation_energy,dEad/dNi
-1.83233755947565,-28.9529996136977,-2.13326052306453,-26.8197390906332,-28.9529996136977
-1.13438817574207,-28.2550502299641,-1.43638187256722,-26.8186683573969,-28.2550502299641
-0.541755133909483,-27.6624171881315,-0.842639764746652,-26.8197774233849,-27.6624171881315
-0.0269478553508147,-27.1476099095728,-2.00527139124223,-25.1423385183306,-27.1476099095728
1.53562551042514,-25.5850365437969,-0.442695331435932,-25.142341212361,-25.5850365437969
