Total_energy,Adsorption_energy,Rigid_adsorption_energy,Deformation_energy,dEad/dNi
-1.7907107208071,-28.9113727750291,-2.09155346180853,-26.8198193132206,-28.9113727750291
-1.1831599374911,-28.3038219917131,-1.48420544736692,-26.8196165443462,-28.3038219917131
-0.684449806203658,-27.8051118604257,-0.985411745138145,-26.8197001152875,-27.8051118604257
-0.367084598904017,-27.4877466531261,-0.668647220638284,-26.8190994324878,-27.4877466531261
0.961955980908818,-26.1587060733132,-1.01633032920426,-25.142375744109,-26.1587060733132
