Total_energy,Adsorption_energy,Rigid_adsorption_energy,Deformation_energy,dEad/dNi
-1.82915382758363,-28.9498158818057,-2.12994219435777,-26.8198736874479,-28.9498158818057
-1.39629384218803,-28.5169558964101,-1.69723583037323,-26.8197200660368,-28.5169558964101
-0.796187114646058,-27.9168491688681,-1.0969532292408,-26.8198959396273,-27.9168491688681
-0.0955439719171236,-27.2162060261392,-2.07357414100026,-25.1426318851389,-27.2162060261392
1.17188717321071,-25.9487748810113,-0.806073178804369,-25.142701702207,-25.9487748810113
