Total_energy,Adsorption_energy,Rigid_adsorption_energy,Deformation_energy,dEad/dNi
-1.77682066942991,-28.8974827236519,-2.07771900657909,-26.8197637170729,-28.8974827236519
-1.29214263691478,-28.4128046911368,-1.59326500204747,-26.8195396890893,-28.4128046911368
-0.729681895063389,-27.8503439492854,-1.03168552666928,-26.8186584226161,-27.8503439492854
-0.0805757710585893,-27.2012378252806,-2.05851145177741,-25.1427263735032,-27.2012378252806
0.849309459840621,-26.2713525943814,-1.12859800121663,-25.1427545931648,-26.2713525943814
