Total_energy,Adsorption_energy,Rigid_adsorption_energy,Deformation_energy,dEad/dNi
-1.79069417194365,-28.9113562261657,-2.09173364372727,-26.8196225824384,-28.9113562261657
-1.27753781655501,-28.398199870777,-1.5783399842456,-26.8198598865314,-28.398199870777
-0.74826967740386,-27.8689317316259,-1.04905174965172,-26.8198799819742,-27.8689317316259
0.191640326793667,-26.9290217274284,-1.78661738618165,-25.1424043412467,-26.9290217274284
1.00348622503489,-26.1171758291872,-0.974809486398609,-25.1423663427885,-26.1171758291872
