File_name,Total_energy,Adsorption_energy,Rigid_adsorption_energy,Deformation_energy,dEad/dNi
op_00 (3 1 1).std.csv,-1.39629,-28.517,-1.69724,-26.8197,-28.517
op_02 (3 1 1).std.csv,-1.13439,-28.2551,-1.43638,-26.8187,-28.2551
op_05 (3 1 1).std.csv,-1.18316,-28.3038,-1.48421,-26.8196,-28.3038
op_06 (3 1 1).std.csv,-1.14203,-28.2627,-1.4435,-26.8192,-28.2627
op_09 (3 1 1).std.csv,-1.29214,-28.4128,-1.59327,-26.8195,-28.4128
op_10 (3 1 1).std.csv,-1.27754,-28.3982,-1.57834,-26.8199,-28.3982
