Total_energy,Adsorption_energy,Rigid_adsorption_energy,Deformation_energy,dEad/dNi
-1.76838872495878,-28.8890507791808,-2.06917818855311,-26.8198725906277,-28.8890507791808
-1.32386563308448,-28.4445276873065,-1.62606904812834,-26.8184586391782,-28.4445276873065
-0.57469620357183,-27.6953582577939,-0.877015447454213,-26.8183428103397,-27.6953582577939
-0.0272685520153662,-27.1479306062374,-2.00556145801934,-25.1423691482181,-27.1479306062374
1.22728791986456,-25.8933741343575,-0.750862884551487,-25.142511249806,-25.8933741343575
