Total_energy,Adsorption_energy,Rigid_adsorption_energy,Deformation_energy,dEad/dNi
-1.77048903804618,-28.8911510922682,-2.07129069126804,-26.8198604010002,-28.8911510922682
-1.29170292732049,-28.4123649815425,-1.59336490572475,-26.8190000758178,-28.4123649815425
-0.763901503202192,-27.8845635574242,-1.06469161504442,-26.8198719423798,-27.8845635574242
0.277693194372574,-26.8429688598495,-1.70060210122326,-25.1423667586262,-26.8429688598495
0.795548658807725,-26.3251133954143,-1.18247292835681,-25.1426404670575,-26.3251133954143
