Total_energy,Adsorption_energy,Rigid_adsorption_energy,Deformation_energy,dEad/dNi
-1.79259170053664,-28.9132537547587,-2.0934989664343,-26.8197547883244,-28.9132537547587
-1.35094505504273,-28.4716071092648,-1.65175042849104,-26.8198566807737,-28.4716071092648
-0.441418673888429,-27.5620807281105,-0.742844333892111,-26.8192363942184,-27.5620807281105
0.337907995241632,-26.7827540589804,-1.63990629467168,-25.1428477643087,-26.7827540589804
