Total_energy,Adsorption_energy,Rigid_adsorption_energy,Deformation_energy,dEad/dNi
-1.76448683610839,-28.8851488903304,-2.06530097672191,-26.8198479136085,-28.8851488903304
-1.20615420221271,-28.3268162564347,-1.50767640057168,-26.8191398558631,-28.3268162564347
-0.564580642309915,-27.685242696532,-0.866670742439726,-26.8185719540922,-27.685242696532
0.540975391134225,-26.5796866630878,-1.43710801086144,-25.1425786522264,-26.5796866630878
1.54155755491771,-25.5791044993043,-0.436746851847866,-25.1423576474565,-25.5791044993043
