Total_energy,Adsorption_energy,Rigid_adsorption_energy,Deformation_energy,dEad/dNi
-1.74015324409611,-28.8608152983181,-2.04099243541751,-26.8198228629006,-28.8608152983181
-1.11097652048238,-28.2316385747044,-1.41251396757096,-26.8191246071335,-28.2316385747044
-0.608315486413821,-27.7289775406359,-0.909066692411128,-26.8199108482247,-27.7289775406359
-0.0617540543346011,-27.1824161085566,-2.03980896336549,-25.1426071451911,-27.1824161085566
0.749323842286892,-26.3713382119351,-1.22891477604907,-25.1424234358861,-26.3713382119351
