Total_energy,Adsorption_energy,Rigid_adsorption_energy,Deformation_energy,dEad/dNi
-1.78786816354326,-28.9085302177653,-2.08874498037997,-26.8197852373853,-28.9085302177653
-1.22123901966205,-28.3419010738841,-1.52205378896728,-26.8198472849168,-28.3419010738841
-0.653851297998163,-27.7745133522202,-0.955102388530073,-26.8194109636901,-27.7745133522202
0.398900075180891,-26.7217619790411,-1.57924033854065,-25.1425216405005,-26.7217619790411
1.05759277907551,-26.0630692751465,-0.920799292669838,-25.1422699824767,-26.0630692751465
