Total_energy,Adsorption_energy,Rigid_adsorption_energy,Deformation_energy,dEad/dNi
-1.79205188220442,-28.9127139364264,-2.09295315048321,-26.8197607859432,-28.9127139364264
-1.34823761014696,-28.468899664369,-1.64907833176683,-26.8198213326022,-28.468899664369
-0.551296534689393,-27.6719585889114,-0.852030946599169,-26.8199276423123,-27.6719585889114
0.381061398449136,-26.7396006557729,-1.59662757995168,-25.1429730758212,-26.7396006557729
1.22092136481588,-25.8997406894062,-0.757275176394346,-25.1424655130118,-25.8997406894062
