Total_energy,Adsorption_energy,Rigid_adsorption_energy,Deformation_energy,dEad/dNi
-1.77528688181831,-28.8959489360403,-2.076089710976,-26.8198592250643,-28.8959489360403
-1.27161387396286,-28.3922759281849,-1.57263292177316,-26.8196430064117,-28.3922759281849
-0.696102284682719,-27.8167643389048,-0.997029448310244,-26.8197348905945,-27.8167643389048
0.730264788722978,-26.3903972654991,-1.24799255218225,-25.1424047133168,-26.3903972654991
1.56937048325393,-25.5512915709681,-0.408930342591721,-25.1423612283764,-25.5512915709681
