Total_energy,Adsorption_energy,Rigid_adsorption_energy,Deformation_energy,dEad/dNi
-1.77394053081065,-28.8946025850327,-2.07498586254745,-26.8196167224852,-28.8946025850327
-1.31058732561522,-28.4312493798373,-1.61410004873914,-26.8171493310981,-28.4312493798373
-0.74898479093008,-27.8696468451521,-1.05060413478609,-26.819042710366,-27.8696468451521
-0.0471221653563034,-27.1677842195783,-2.02540292839439,-25.1423812911839,-27.1677842195783
1.24841707141797,-25.8722449828041,-0.72986765498524,-25.1423773278188,-25.8722449828041
