Total_energy,Adsorption_energy,Rigid_adsorption_energy,Deformation_energy,dEad/dNi
-1.77755383189686,-28.8982158861189,-2.07831542282883,-26.8199004632901,-28.8982158861189
-1.33165718391396,-28.452319238136,-1.63266311695693,-26.8196561211791,-28.452319238136
-0.879071167970991,-27.999733222193,-1.18003154609028,-26.8197016761027,-27.999733222193
-0.06891392836031,-27.1895759825823,-2.04687771994501,-25.1426982626373,-27.1895759825823
0.529252320741717,-26.5914097334803,-1.44903343652759,-25.1423762969527,-26.5914097334803
