Total_energy,Adsorption_energy,Rigid_adsorption_energy,Deformation_energy,dEad/dNi
-1.7895956183571,-28.9102576725791,-2.09052953915429,-26.8197281334248,-28.9102576725791
-1.35264005832658,-28.4733021125486,-1.65360541691524,-26.8196966956334,-28.4733021125486
-0.764811688193713,-27.8854737424157,-1.06557586509729,-26.8198978773185,-27.8854737424157
-0.0584868470297488,-27.1791489012518,-2.03670379184001,-25.1424451094118,-27.1791489012518
1.22416877358452,-25.8964932806375,-0.754133932774508,-25.142359347863,-25.8964932806375
