Total_energy,Adsorption_energy,Rigid_adsorption_energy,Deformation_energy,dEad/dNi
-1.77427087060175,-28.8949329248238,-2.07504217617565,-26.8198907486481,-28.8949329248238
-1.33741575784024,-28.4580778120623,-1.6391379395478,-26.8189398725145,-28.4580778120623
-0.799676148568823,-27.9203382027909,-1.10105113104911,-26.8192870717418,-27.9203382027909
0.464084887187313,-26.6565771670347,-1.51371819294859,-25.1428589740861,-26.6565771670347
1.5459762424972,-25.5746858117248,-0.432355562021554,-25.1423302497033,-25.5746858117248
