Total_energy,Adsorption_energy,Rigid_adsorption_energy,Deformation_energy,dEad/dNi
-1.74465204400947,-28.8653140982315,-2.04561251512757,-26.8197015831039,-28.8653140982315
-1.25128810660219,-28.3719501608242,-1.55213580406988,-26.8198143567543,-28.3719501608242
-0.61897501725202,-27.7396370714741,-0.919918691202711,-26.8197183802713,-27.7396370714741
0.321705217107054,-26.798956837115,-1.65645623419587,-25.1425006029191,-26.798956837115
1.21852815554173,-25.9021338986803,-0.759636908840799,-25.1424969898395,-25.9021338986803
