Total_energy,Adsorption_energy,Rigid_adsorption_energy,Deformation_energy,dEad/dNi
-1.78180347720622,-28.9024655314282,-2.08260571806818,-26.8198598133601,-28.9024655314282
-1.31514363135182,-28.4358056855739,-1.61600008941398,-26.8198055961599,-28.4358056855739
-0.726959703928425,-27.8476217581505,-1.02811773502608,-26.8195040231244,-27.8476217581505
0.559618982841753,-26.5610430713803,-1.41854372343352,-25.1424993479468,-26.5610430713803
1.12916393096552,-25.9914981232565,-0.84908223301399,-25.1424158902425,-25.9914981232565
