Total_energy,Adsorption_energy,Rigid_adsorption_energy,Deformation_energy,dEad/dNi
-1.77993130739981,-28.9005933616218,-2.08178042502283,-26.818812936599,-28.9005933616218
-1.22253494475153,-28.3431969989736,-1.52421219565055,-26.818984803323,-28.3431969989736
-0.755430881517626,-27.8760929357397,-1.05672256282654,-26.8193703729131,-27.8760929357397
-0.28094198881472,-27.4016040430368,-0.581698351411918,-26.8199056916248,-27.4016040430368
1.10536280058779,-26.0152992536342,-0.872912751648053,-25.1423865019862,-26.0152992536342
