Total_energy,Adsorption_energy,Rigid_adsorption_energy,Deformation_energy,dEad/dNi
-1.741995632353,-28.862657686575,-2.04363938095686,-26.8190183056182,-28.862657686575
-1.30646982392953,-28.4271318781516,-1.60837639229168,-26.8187554858599,-28.4271318781516
-0.539822783860947,-27.660484838083,-0.840571458016947,-26.819913380066,-27.660484838083
0.16136458083898,-26.9592974733831,-1.81695386974973,-25.1423436036333,-26.9592974733831
1.53011844267691,-25.5905436115451,-0.44818915715521,-25.1423544543899,-25.5905436115451
