Total_energy,Adsorption_energy,Rigid_adsorption_energy,Deformation_energy,dEad/dNi
-1.71952431676992,-28.840186370992,-2.02050786105087,-26.8196785099411,-28.840186370992
-1.20688463732944,-28.3275466915515,-1.50841490279826,-26.8191317887532,-28.3275466915515
-0.741509049683719,-27.8621711039058,-1.0422549605442,-26.8199161433616,-27.8621711039058
-0.0793430811321409,-27.2000051353542,-2.05746584846219,-25.142539286892,-27.2000051353542
1.17038721966833,-25.9502748345537,-0.807482405442447,-25.1427924291113,-25.9502748345537
