Total_energy,Adsorption_energy,Rigid_adsorption_energy,Deformation_energy,dEad/dNi
-1.76534073516757,-28.8860027893896,-2.06641939506325,-26.8195833943264,-28.8860027893896
-1.21834006672666,-28.3390021209487,-1.52131334651019,-26.8176887744385,-28.3390021209487
-0.521796813490945,-27.642458867713,-0.822600733910201,-26.8198581338028,-27.642458867713
0.0453223390313945,-27.0753397151906,-0.255421756306023,-26.8199179588846,-27.0753397151906
1.27406532349685,-25.8465967307252,-0.704209545546221,-25.142387185179,-25.8465967307252
