Total_energy,Adsorption_energy,Rigid_adsorption_energy,Deformation_energy,dEad/dNi
-1.73466773548639,-28.8553297897084,-2.03545327078019,-26.8198765189282,-28.8553297897084
-1.15784236760351,-28.2785044218255,-1.45867228005649,-26.8198321417691,-28.2785044218255
-0.518105703315847,-27.6387677575379,-0.821272141009367,-26.8174956165285,-27.6387677575379
0.303672904055608,-26.8169891501664,-1.67419957096568,-25.1427895792007,-26.8169891501664
1.05297480038514,-26.0676872538369,-0.925227686392585,-25.1424595674443,-26.0676872538369
