Total_energy,Adsorption_energy,Rigid_adsorption_energy,Deformation_energy,dEad/dNi
-1.80549147500743,-28.9261535292295,-2.10644775539005,-26.8197057738394,-28.9261535292295
-1.36070932448197,-28.481371378704,-1.66157953231832,-26.8197918463857,-28.481371378704
-0.917609463544557,-28.0382715177666,-1.21837709041531,-26.8198944273513,-28.0382715177666
-0.453807655980906,-27.5744697102029,-0.754710369777531,-26.8197593404254,-27.5744697102029
-0.0745681265970508,-27.1952301808191,-2.05265355500707,-25.142576625812,-27.1952301808191
