Total_energy,Adsorption_energy,Rigid_adsorption_energy,Deformation_energy,dEad/dNi
-1.78217739715521,-28.9028394513772,-2.08296598082487,-26.8198734705524,-28.9028394513772
-1.29965509779518,-28.4203171520172,-1.60151667321113,-26.8188004788061,-28.4203171520172
-0.52213169118616,-27.6427937454082,-0.823190175292278,-26.8196035701159,-27.6427937454082
0.668520420528158,-26.4521416336939,-1.30977152474372,-25.1423701089502,-26.4521416336939
1.60595360661173,-25.5147084476103,-0.372372420672304,-25.142336026938,-25.5147084476103
