Total_energy,Adsorption_energy,Rigid_adsorption_energy,Deformation_energy,dEad/dNi
-1.71539374631125,-28.8360558005333,-2.01689525556985,-26.8191605449634,-28.8360558005333
-1.26881990456852,-28.3894819587906,-1.57010288470432,-26.8193790740862,-28.3894819587906
-0.263922416643734,-27.3845844708658,-0.564690009953335,-26.8198944609124,-27.3845844708658
0.42719409234868,-26.6934679618734,-1.55088266320706,-25.1425852986663,-26.6934679618734
1.53517364604719,-25.5854884081748,-0.443126703188477,-25.1423617049864,-25.5854884081748
