Total_energy,Adsorption_energy,Rigid_adsorption_energy,Deformation_energy,dEad/dNi
-1.74830553575799,-28.86896758998,-2.04982276047476,-26.8191448295053,-28.86896758998
-1.33696013406344,-28.4576221882855,-1.63794526886724,-26.8196769194182,-28.4576221882855
-0.642626802891101,-27.7632888571131,-0.943513649236594,-26.8197752078765,-27.7632888571131
-0.0469867466061902,-27.1676488008282,-2.02534623040545,-25.1423025704228,-27.1676488008282
0.9372867562682,-26.1833752979538,-1.04092627211709,-25.1424490258367,-26.1833752979538
