Total_energy,Adsorption_energy,Rigid_adsorption_energy,Deformation_energy,dEad/dNi
-1.786008708205,-28.906670762427,-2.08679354223507,-26.819877220192,-28.906670762427
-1.35662688729251,-28.4772889415146,-1.65775307916458,-26.81953586235,-28.4772889415146
-0.909591759973843,-28.0302538141959,-1.21035867085153,-26.8198951433443,-28.0302538141959
-0.409508908071136,-27.5301709622932,-0.710393194986208,-26.819777767307,-27.5301709622932
0.721469055249784,-26.3991929989723,-1.25679511386492,-25.1423978851073,-26.3991929989723
