Total_energy,Adsorption_energy,Rigid_adsorption_energy,Deformation_energy,dEad/dNi
-1.74582980952916,-28.8664918637512,-2.04702071909556,-26.8194711446556,-28.8664918637512
-1.32339994132437,-28.4440619955464,-1.62558376325481,-26.8184782322916,-28.4440619955464
-0.74326378109998,-27.863925835322,-1.04402168845769,-26.8199041468643,-27.863925835322
0.350604971212549,-26.7700570830095,-1.62749166444465,-25.1425654185648,-26.7700570830095
1.52167758081196,-25.5989844734101,-0.456556090303427,-25.1424283831066,-25.5989844734101
