Total_energy,Adsorption_energy,Rigid_adsorption_energy,Deformation_energy,dEad/dNi
-1.788789097047,-28.909451151269,-2.08958153592437,-26.8198696153447,-28.909451151269
-1.34019804077984,-28.4608600950019,-1.64174726614275,-26.8191128288591,-28.4608600950019
-0.60650405994572,-27.7271661141678,-0.907786001553466,-26.8193801126143,-27.7271661141678
1.01689671654338,-26.1037653376786,-0.960351636110864,-25.1434137015678,-26.1037653376786
1.58053337231057,-25.5401286819115,-0.397777863055868,-25.1423508188556,-25.5401286819115
