Total_energy,Adsorption_energy,Rigid_adsorption_energy,Deformation_energy,dEad/dNi
-1.76920667983419,-28.8898687340562,-2.07018526163881,-26.8196834724174,-28.8898687340562
-1.30894968724538,-28.4296117414674,-1.61082786076033,-26.8187838807071,-28.4296117414674
-0.848033137581316,-27.9686951918033,-1.14883642440826,-26.8198587673951,-27.9686951918033
-0.0319589551349233,-27.152621009357,-2.01018638386899,-25.142434625488,-27.152621009357
0.992288690968166,-26.1283733632539,-0.986014519911721,-25.1423588433421,-26.1283733632539
