Total_energy,Adsorption_energy,Rigid_adsorption_energy,Deformation_energy,dEad/dNi
-1.78220294335598,-28.902864997578,-2.08296845973213,-26.8198965378459,-28.902864997578
-1.18434672477004,-28.3050087789921,-1.4857031025018,-26.8193056764903,-28.3050087789921
-0.463707260182125,-27.5843693144042,-0.765071944347117,-26.819297370057,-27.5843693144042
0.499487363237201,-26.6211746909848,-1.47880633804686,-25.142368352938,-26.6211746909848
1.55932344651698,-25.5613386077051,-0.418926555645677,-25.1424120520594,-25.5613386077051
