Total_energy,Adsorption_energy,Rigid_adsorption_energy,Deformation_energy,dEad/dNi
-1.79464050421525,-28.9153025584373,-2.09541183828491,-26.8198907201524,-28.9153025584373
-1.37976603677382,-28.5004280909959,-1.68057386461871,-26.8198542263771,-28.5004280909959
-0.679834767342105,-27.8004968215641,-0.981379224040483,-26.8191175975237,-27.8004968215641
0.605459197964593,-26.5152028562574,-1.37286007550953,-25.1423427807479,-26.5152028562574
1.57125749305012,-25.5494045611719,-0.407144835337922,-25.142259725834,-25.5494045611719
