Total_energy,Adsorption_energy,Rigid_adsorption_energy,Deformation_energy,dEad/dNi
-1.75771278778364,-28.8783748420057,-2.05851002530397,-26.8198648167017,-28.8783748420057
-1.26696437888558,-28.3876264331076,-1.56985831549703,-26.8177681176106,-28.3876264331076
-0.694724543076192,-27.8153865972982,-0.995482071291068,-26.8199045260072,-27.8153865972982
-0.389689204888813,-27.5103512591108,-0.690584210425653,-26.8197670486852,-27.5103512591108
0.835311732533603,-26.2853503216884,-1.14299358104924,-25.1423567406392,-26.2853503216884
