Total_energy,Adsorption_energy,Rigid_adsorption_energy,Deformation_energy,dEad/dNi
-1.77512797767803,-28.8957900319001,-2.07623296841697,-26.8195570634831,-28.8957900319001
-1.31437767791347,-28.4350397321355,-1.61583400419881,-26.8192057279367,-28.4350397321355
-0.741640091177992,-27.8623021454,-1.04276059269855,-26.8195415527015,-27.8623021454
-0.079201949387667,-27.1998640036097,-2.05726065893171,-25.142603344678,-27.1998640036097
0.811050278730345,-26.3096117754917,-1.16705959895048,-25.1425521765412,-26.3096117754917
