Total_energy,Adsorption_energy,Rigid_adsorption_energy,Deformation_energy,dEad/dNi
-1.7335005324217,-28.8541625866437,-2.03450975426287,-26.8196528323809,-28.8541625866437
-1.24870004709405,-28.3693621013161,-1.54951568020363,-26.8198464211124,-28.3693621013161
-0.54948944825286,-27.6701515024749,-0.85023048269618,-26.8199210197787,-27.6701515024749
-0.0858707001720398,-27.2065327543941,-0.386676174258235,-26.8198565801358,-27.2065327543941
0.188327204336711,-26.9323348498853,-1.7898427225043,-25.142492127381,-26.9323348498853
