Total_energy,Adsorption_energy,Rigid_adsorption_energy,Deformation_energy,dEad/dNi
-1.72022726752536,-28.8408893217474,-2.02153119300026,-26.8193581287471,-28.8408893217474
-1.28063631194829,-28.4012983661703,-1.58183241386855,-26.8194659523018,-28.4012983661703
-0.628644387988809,-27.7493064422108,-0.929679675346335,-26.8196267668645,-27.7493064422108
0.284281352656797,-26.8363807015652,-1.6940010897417,-25.1423796118235,-26.8363807015652
1.12586601834463,-25.9947960358774,-0.852341149805871,-25.1424548860715,-25.9947960358774
