Total_energy,Adsorption_energy,Rigid_adsorption_energy,Deformation_energy,dEad/dNi
-1.77395592701044,-28.8946179812325,-2.07491837764444,-26.819699603588,-28.8946179812325
-1.29297684400918,-28.4136388982312,-1.59436613372313,-26.8192727645081,-28.4136388982312
-0.80404822455821,-27.9247102787802,-1.10768008896963,-26.8170301898106,-27.9247102787802
-0.0293334686574438,-27.1499955228795,-2.00745510854704,-25.1425404143324,-27.1499955228795
1.51350199472695,-25.6071600594951,-0.464799080018152,-25.1423609794769,-25.6071600594951
