Total_energy,Adsorption_energy,Rigid_adsorption_energy,Deformation_energy,dEad/dNi
-1.75444754465544,-28.8751095988775,-2.05577613531222,-26.8193334635653,-28.8751095988775
-1.2341380924534,-28.3548001466754,-1.53504108286317,-26.8197590638123,-28.3548001466754
-0.600023902893608,-27.7206859571156,-0.901171780355912,-26.8195141767597,-27.7206859571156
-0.0471154578696784,-27.1677775120917,-2.02508541317679,-25.1426920989149,-27.1677775120917
1.0234940149569,-26.0971680392651,-0.95481442449265,-25.1423536147725,-26.0971680392651
