Total_energy,Adsorption_energy,Rigid_adsorption_energy,Deformation_energy,dEad/dNi
-1.78052944994147,-28.9011915041635,-2.08144630722935,-26.8197451969342,-28.9011915041635
-1.25856925606521,-28.3792313102872,-1.55960484790869,-26.8196264623786,-28.3792313102872
-0.968402118011717,-28.0890641722338,-1.26947754140299,-26.8195866308308,-28.0890641722338
-0.5995585931671,-27.7202206473891,-0.900401750932564,-26.8198188964566,-27.7202206473891
-0.0332731050361841,-27.1539351592582,-2.01156879610529,-25.1423663631529,-27.1539351592582
