Total_energy,Adsorption_energy,Rigid_adsorption_energy,Deformation_energy,dEad/dNi
-1.7715990739485,-28.8922611281705,-2.07248190967641,-26.8197792184941,-28.8922611281705
-1.108825883481,-28.229487937703,-1.40964876951551,-26.8198391681875,-28.229487937703
-0.602243377803853,-27.7229054320259,-0.903148460090939,-26.819756971935,-27.7229054320259
1.06993763331046,-26.0507244209116,-0.90806962603959,-25.142654794872,-26.0507244209116
1.64278158543688,-25.4778804687852,-0.335520150059106,-25.142360318726,-25.4778804687852
