Total_energy,Adsorption_energy,Rigid_adsorption_energy,Deformation_energy,dEad/dNi
-1.80415839184015,-28.9248204460622,-2.10523762108849,-26.8195828249737,-28.9248204460622
-1.13171197964935,-28.2523740338714,-1.43397745390291,-26.8183965799685,-28.2523740338714
-0.391570695338687,-27.5122327495607,-0.692474316357117,-26.8197584332036,-27.5122327495607
0.180428187763336,-26.9402338664587,-1.7978701199617,-25.142363746497,-26.9402338664587
1.04928055515595,-26.0713814990661,-0.928896043195597,-25.1424854558705,-26.0713814990661
