Total_energy,Adsorption_energy,Rigid_adsorption_energy,Deformation_energy,dEad/dNi
-1.77150338682464,-28.8921654410467,-2.07230088808889,-26.8198645529578,-28.8921654410467
-1.36113705982016,-28.4817991140422,-1.66332840941063,-26.8184707046316,-28.4817991140422
-0.720092571511097,-27.8407546257331,-1.02160054848381,-26.8191540772493,-27.8407546257331
0.367128620087065,-26.753533434135,-1.61113837639032,-25.1423950577447,-26.753533434135
1.20534719670881,-25.9153148575132,-0.77296482230123,-25.142350035212,-25.9153148575132
