Total_energy,Adsorption_energy,Rigid_adsorption_energy,Deformation_energy,dEad/dNi
-1.74885989959147,-28.8695219538135,-2.04966211931594,-26.8198598344976,-28.8695219538135
-1.17892705081139,-28.2995891050334,-1.48024304314514,-26.8193460618883,-28.2995891050334
-0.700221689286502,-27.8208837435085,-1.00099106425277,-26.8198926792558,-27.8208837435085
-0.306653839178643,-27.4273158934007,-0.607396056379502,-26.8199198370212,-27.4273158934007
-0.0313445490432436,-27.1520066032653,-2.0096582404573,-25.142348362808,-27.1520066032653
