Total_energy,Adsorption_energy,Rigid_adsorption_energy,Deformation_energy,dEad/dNi
-1.78505806202666,-28.9057201162487,-2.08584666201324,-26.8198734542355,-28.9057201162487
-1.11200502097941,-28.2326670752014,-1.41277379790646,-26.819893277295,-28.2326670752014
-0.552528724507182,-27.6731907787292,-0.854395856286264,-26.818794922443,-27.6731907787292
0.957427700202359,-26.1632343540197,-1.02087228570138,-25.1423620683183,-26.1632343540197
1.52846501919303,-25.592197035029,-0.44985241201639,-25.1423446230126,-25.592197035029
