Total_energy,Adsorption_energy,Rigid_adsorption_energy,Deformation_energy,dEad/dNi
-1.77129172846339,-28.8919537826854,-2.0721344624666,-26.8198193202188,-28.8919537826854
-1.33668225424681,-28.4573443084688,-1.63749753485982,-26.819846773609,-28.4573443084688
-0.669393202425631,-27.7900552566477,-0.970404268581027,-26.8196509880666,-27.7900552566477
-0.288526529233711,-27.4091885834557,-0.589766077332979,-26.8194225061228,-27.4091885834557
0.343305428033384,-26.7773566261887,-1.63499875628738,-25.1423578699013,-26.7773566261887
