Total_energy,Adsorption_energy,Rigid_adsorption_energy,Deformation_energy,dEad/dNi
-1.80301282917859,-28.9236748834006,-2.10377891824526,-26.8198959651554,-28.9236748834006
-1.22672620772408,-28.3473882619461,-1.52752691875633,-26.8198613431898,-28.3473882619461
-0.728269186317652,-27.8489312405397,-1.02917562783001,-26.8197556127097,-27.8489312405397
-0.0422103896160817,-27.1628724438381,-2.02050163738047,-25.1423708064576,-27.1628724438381
1.17256570695578,-25.9480963472663,-0.805687913552737,-25.1424084337135,-25.9480963472663
