Total_energy,Adsorption_energy,Rigid_adsorption_energy,Deformation_energy,dEad/dNi
-1.76185876421566,-28.8825208184377,-2.0626853924174,-26.8198354260203,-28.8825208184377
-1.23054241849914,-28.3512044727212,-1.53218056824477,-26.8190239044764,-28.3512044727212
-0.753055114113616,-27.8737171683356,-1.05443817238314,-26.8192789959525,-27.8737171683356
0.528591988037089,-26.5920700661849,-1.44939316764231,-25.1426768985426,-26.5920700661849
1.06367224441217,-26.0569898098099,-0.914619074868477,-25.1423707349414,-26.0569898098099
