Total_energy,Adsorption_energy,Rigid_adsorption_energy,Deformation_energy,dEad/dNi
-1.7965072731856,-28.9171693274076,-2.09732546444331,-26.8198438629643,-28.9171693274076
-1.17335935324781,-28.2940214074698,-1.47424341034456,-26.8197779971253,-28.2940214074698
-0.743990890011413,-27.8646529442334,-1.0457750364656,-26.8188779077678,-27.8646529442334
-0.0772221523582683,-27.1978842065803,-2.05527981422152,-25.1426043923588,-27.1978842065803
1.63628013147059,-25.4843819227514,-0.342018186172121,-25.1423637365793,-25.4843819227514
