Total_energy,Adsorption_energy,Rigid_adsorption_energy,Deformation_energy,dEad/dNi
-1.78123269922548,-28.9018947534475,-2.08222303336953,-26.819671720078,-28.9018947534475
-1.22496125764791,-28.34562331187,-1.52583766052625,-26.8197856513437,-28.34562331187
-0.797487551727321,-27.9181496059494,-1.09837330230003,-26.8197763036493,-27.9181496059494
-0.0514819738310763,-27.1721440280531,-2.02961727995228,-25.1425267481008,-27.1721440280531
1.18729226595032,-25.9333697882717,-0.79060309858457,-25.1427666896872,-25.9333697882717
