Total_energy,Adsorption_energy,Rigid_adsorption_energy,Deformation_energy,dEad/dNi
-1.77823109427063,-28.8988931484927,-2.07903765978108,-26.8198554887116,-28.8988931484927
-1.20933327836253,-28.3299953325846,-1.51025997203383,-26.8197353605507,-28.3299953325846
-0.68773602061658,-27.8083980748386,-0.98848532737873,-26.8199127474599,-27.8083980748386
0.190325185516652,-26.9303368687054,-1.78797784663186,-25.1423590220735,-26.9303368687054
1.52799722850307,-25.592664825719,-0.450298248006674,-25.1423665777123,-25.592664825719
