Total_energy,Adsorption_energy,Rigid_adsorption_energy,Deformation_energy,dEad/dNi
-1.73671045008929,-28.8573725043113,-2.03760305832381,-26.8197694459875,-28.8573725043113
-1.32901705161166,-28.4496791058337,-1.62996785500747,-26.8197112508262,-28.4496791058337
-0.801843087892081,-27.9225051421141,-1.1027010000405,-26.8198041420736,-27.9225051421141
0.104799948917855,-27.0158621053042,-1.87350150836002,-25.1423605969442,-27.0158621053042
1.04770065100488,-26.0729614032172,-0.930599932184858,-25.1423614710323,-26.0729614032172
