Total_energy,Adsorption_energy,Rigid_adsorption_energy,Deformation_energy,dEad/dNi
-1.73330750163651,-28.8539695558585,-2.03409169210389,-26.8198778637547,-28.8539695558585
-1.31717909125495,-28.437841145477,-1.61864454466203,-26.819196600815,-28.437841145477
-0.715530872618755,-27.8361929268408,-1.01664298012659,-26.8195499467142,-27.8361929268408
0.328594096864727,-26.7920679573573,-1.64971627833612,-25.1423516790212,-26.7920679573573
1.55701716515127,-25.5636448890708,-0.421287303024533,-25.1423575860462,-25.5636448890708
