Total_energy,Adsorption_energy,Rigid_adsorption_energy,Deformation_energy,dEad/dNi
-1.75991091441021,-28.8805729686322,-2.06075210816695,-26.8198208604653,-28.8805729686322
-1.24009353376154,-28.3607555879836,-1.54213776694196,-26.8186178210416,-28.3607555879836
-0.800510657651542,-27.9211727118736,-1.1057896894615,-26.8153830224121,-27.9211727118736
0.00840480377733632,-27.1122572504447,-1.9699257696111,-25.1423314808336,-27.1122572504447
1.32422396966029,-25.7964380845617,-0.65406389569977,-25.142374188862,-25.7964380845617
