Total_energy,Adsorption_energy,Rigid_adsorption_energy,Deformation_energy,dEad/dNi
-1.74486163781046,-28.8655236920325,-2.04664470028285,-26.8188789917496,-28.8655236920325
-1.31013632878644,-28.4307983830085,-1.61090444697365,-26.8198939360348,-28.4307983830085
-0.843894892336666,-27.9645569465587,-1.14484484455764,-26.8197121020011,-27.9645569465587
0.139884119847109,-26.9807779343749,-1.83812599466675,-25.1426519397082,-26.9807779343749
1.20213234247307,-25.918529711749,-0.775727229150266,-25.1428024825987,-25.918529711749
