Total_energy,Adsorption_energy,Rigid_adsorption_energy,Deformation_energy,dEad/dNi
-1.76322684172442,-28.8838888959465,-2.06541939029599,-26.8184695056505,-28.8838888959465
-1.22833836636731,-28.3490004205893,-1.5293237804842,-26.8196766401051,-28.3490004205893
-0.796211342264818,-27.9168733964869,-1.09813018133076,-26.8187432151561,-27.9168733964869
-0.0329178412751852,-27.1535798954972,-2.01114666452866,-25.1424332309686,-27.1535798954972
0.895841850986513,-26.2248202032355,-1.0820555385461,-25.1427646646894,-26.2248202032355
