Total_energy,Adsorption_energy,Rigid_adsorption_energy,Deformation_energy,dEad/dNi
-1.80173768112985,-28.9223997353519,-2.10263212637608,-26.8197676089758,-28.9223997353519
-1.31236130826242,-28.4330233624845,-1.61398742166142,-26.819035940823,-28.4330233624845
-0.761726865231901,-27.8823889194539,-1.06262907416446,-26.8197598452895,-27.8823889194539
-0.0228330219879331,-27.14349507621,-2.00116192941059,-25.1423331467994,-27.14349507621
1.28787357892201,-25.8327884753,-0.69033774071946,-25.1424507345806,-25.8327884753
