Total_energy,Adsorption_energy,Rigid_adsorption_energy,Deformation_energy,dEad/dNi
-1.7229711777356,-28.8436332319576,-2.02424808289522,-26.8193851490624,-28.8436332319576
-1.25934594188878,-28.3800079961108,-1.56071164076417,-26.8192963553466,-28.3800079961108
-0.759674863866519,-27.8803369180886,-1.0604727229806,-26.819864195108,-27.8803369180886
-0.299067218359954,-27.419729272582,-0.599840599641774,-26.8198886729402,-27.419729272582
1.0832847251351,-26.0373773290869,-0.895012828222729,-25.1423645008642,-26.0373773290869
