Total_energy,Adsorption_energy,Rigid_adsorption_energy,Deformation_energy,dEad/dNi
-1.77336133337838,-28.8940233876004,-2.074111069472,-26.8199123181284,-28.8940233876004
-1.25434157375123,-28.3750036279733,-1.55539867038119,-26.8196049575921,-28.3750036279733
-0.686492396022202,-27.8071544502442,-0.987266829459783,-26.8198876207845,-27.8071544502442
0.20492569361321,-26.9157363606088,-1.77321776701256,-25.1425185935963,-26.9157363606088
1.08268171171168,-26.0379803425104,-0.895236650008095,-25.1427436925023,-26.0379803425104
