Total_energy,Adsorption_energy,Rigid_adsorption_energy,Deformation_energy,dEad/dNi
-1.78848003642049,-28.9091420906425,-2.08921799257655,-26.819924098066,-28.9091420906425
-1.2161548682199,-28.3368169224419,-1.51863045043374,-26.8181864720082,-28.3368169224419
-0.424631581021435,-27.5452936352435,-0.725369028347014,-26.8199246068965,-27.5452936352435
0.264533281100353,-26.8561287731217,-1.71375236879266,-25.142376404329,-26.8561287731217
1.48999618792761,-25.6306658662944,-0.488329521007787,-25.1423363452866,-25.6306658662944
