Total_energy,Adsorption_energy,Rigid_adsorption_energy,Deformation_energy,dEad/dNi
-1.77612569773118,-28.8967877519532,-2.0769815773463,-26.8198061746069,-28.8967877519532
-1.33965225896247,-28.4603143131845,-1.64296486317274,-26.8173494500118,-28.4603143131845
-0.712208600770741,-27.8328706549928,-1.01307550707106,-26.8197951479217,-27.8328706549928
-0.309775311867523,-27.4304373660896,-0.610573972698648,-26.8198633933909,-27.4304373660896
0.294872998304265,-26.8257890559178,-1.68253878299078,-25.143250272927,-26.8257890559178
