Total_energy,Adsorption_energy,Rigid_adsorption_energy,Deformation_energy,dEad/dNi
-1.75306076808434,-28.8737228223064,-2.05407175989998,-26.8196510624064,-28.8737228223064
-1.27969679319724,-28.4003588474193,-1.58312192959498,-26.8172369178243,-28.4003588474193
-0.842613310403015,-27.963275364625,-1.14376245951895,-26.8195129051061,-27.963275364625
0.497783978057722,-26.6228780761643,-1.48008144938014,-25.1427966267842,-26.6228780761643
1.54099535967886,-25.5796666945432,-0.437303475329466,-25.1423632192137,-25.5796666945432
