Total_energy,Adsorption_energy,Rigid_adsorption_energy,Deformation_energy,dEad/dNi
-1.79425965086255,-28.9149217050846,-2.09509391383198,-26.8198277912526,-28.9149217050846
-1.3776575727762,-28.4983196269982,-1.67848784940162,-26.8198317775966,-28.4983196269982
-0.823103543107172,-27.9437655973292,-1.12419985203645,-26.8195657452928,-27.9437655973292
-0.0606007961631121,-27.1812628503851,-2.03879711041483,-25.1424657399703,-27.1812628503851
1.02597058431264,-26.0946914699094,-0.952261673517874,-25.1424297963915,-26.0946914699094
