Total_energy,Adsorption_energy,Rigid_adsorption_energy,Deformation_energy,dEad/dNi
-1.79292055293215,-28.9135826071542,-2.09379026182424,-26.8197923453299,-28.9135826071542
-1.32239173150526,-28.4430537857273,-1.62532929315257,-26.8177244925747,-28.4430537857273
-0.973145895088687,-28.0938079493107,-1.27455519211761,-26.8192527571931,-28.0938079493107
-0.60512030722951,-27.7257823614515,-0.906212952848413,-26.8195694086031,-27.7257823614515
0.0146469000046787,-27.1060151542174,-1.96352517392236,-25.142489980295,-27.1060151542174
