Total_energy,Adsorption_energy,Rigid_adsorption_energy,Deformation_energy,dEad/dNi
-1.71748832796364,-28.8381503821857,-2.01846392108523,-26.8196864611004,-28.8381503821857
-1.29015543628766,-28.4108174905097,-1.59104568782737,-26.8197718026823,-28.4108174905097
-0.797810421432369,-27.9184724756544,-1.09990380496936,-26.818568670685,-27.9184724756544
0.106027131156302,-27.0146349230657,-1.87182621834198,-25.1428087047238,-27.0146349230657
1.08058366638412,-26.0400783878379,-0.897326919530686,-25.1427514683072,-26.0400783878379
