Total_energy,Adsorption_energy,Rigid_adsorption_energy,Deformation_energy,dEad/dNi
-1.78468747424702,-28.9053495284691,-2.08550531493759,-26.8198442135315,-28.9053495284691
-1.21280522241351,-28.3334672766355,-1.51432330183902,-26.8191439747965,-28.3334672766355
-0.0498417264812743,-27.1705037807033,-2.02825097694311,-25.1422528037602,-27.1705037807033
0.927454273627904,-26.1932077805941,-1.05080651414383,-25.1424012664503,-26.1932077805941
