Total_energy,Adsorption_energy,Rigid_adsorption_energy,Deformation_energy,dEad/dNi
-1.78883173519662,-28.9094937894187,-2.08961678480787,-26.8198770046108,-28.9094937894187
-1.24466773908596,-28.365329793308,-1.54552198475971,-26.8198078085483,-28.365329793308
-0.775503261377159,-27.8961653155992,-1.07727691789287,-26.8188883977063,-27.8961653155992
-0.0377915412454164,-27.1584535954674,-2.01591160767157,-25.1425419877959,-27.1584535954674
1.06683327632521,-26.0538287778968,-0.911469214330079,-25.1423595635667,-26.0538287778968
