Total_energy,Adsorption_energy,Rigid_adsorption_energy,Deformation_energy,dEad/dNi
-1.77716796058726,-28.8978300148093,-2.07800010658666,-26.8198299082226,-28.8978300148093
-1.17812477686218,-28.2987868310842,-1.47901989294909,-26.8197669381351,-28.2987868310842
-0.723381325132703,-27.8440433793547,-1.02415980961093,-26.8198835697438,-27.8440433793547
-0.0679679916377498,-27.1886300458598,-2.04606271015632,-25.1425673357035,-27.1886300458598
0.453385884003306,-26.6672761702187,-1.52481268109686,-25.1424634891219,-26.6672761702187
