Total_energy,Adsorption_energy,Rigid_adsorption_energy,Deformation_energy,dEad/dNi
-1.79289921045933,-28.9135612646814,-2.0939474122035,-26.8196138524779,-28.9135612646814
-1.27342958720954,-28.3940916414316,-1.5750665289474,-26.8190251124842,-28.3940916414316
-0.768665551944794,-27.8893276061668,-1.07009978776622,-26.8192278184006,-27.8893276061668
-0.307844160363086,-27.4285062145851,-0.60858079277343,-26.8199254218117,-27.4285062145851
0.32076934290441,-26.7998927113176,-1.65706765230591,-25.1428250590117,-26.7998927113176
