Total_energy,Adsorption_energy,Rigid_adsorption_energy,Deformation_energy,dEad/dNi
-1.80220312959457,-28.9228651838166,-2.10298319155018,-26.8198819922664,-28.9228651838166
-1.36865798857465,-28.4893200427967,-1.66961150482475,-26.8197085379719,-28.4893200427967
-0.658493082220843,-27.7791551364429,-0.959450020183784,-26.8197051162591,-27.7791551364429
-0.0691013243691103,-27.1897633785911,-2.04747197139604,-25.1422914071951,-27.1897633785911
1.08117906234414,-26.0394829918779,-0.896673808732295,-25.1428091831456,-26.0394829918779
