Total_energy,Adsorption_energy,Rigid_adsorption_energy,Deformation_energy,dEad/dNi
-1.78185337550818,-28.9025154297302,-2.08270842478739,-26.8198070049428,-28.9025154297302
-1.36990593473182,-28.4905679889539,-1.67089810289698,-26.8196698860569,-28.4905679889539
-0.951656506286414,-28.0723185605084,-1.25268721169896,-26.8196313488095,-28.0723185605084
-0.55945272321088,-27.6801147774329,-0.860200412062578,-26.8199143653703,-27.6801147774329
0.814583549056289,-26.3060785051657,-1.16369954591092,-25.1423789592548,-26.3060785051657
