Total_energy,Adsorption_energy,Rigid_adsorption_energy,Deformation_energy,dEad/dNi
-1.78392870575242,-28.9045907599745,-2.08481161609529,-26.8197791438792,-28.9045907599745
-1.2927818427856,-28.4134438970076,-1.59359691467523,-26.8198469823324,-28.4134438970076
-0.68980180502235,-27.8104638592444,-0.99064416036048,-26.8198196988839,-27.8104638592444
-0.0763019632776318,-27.1969640174997,-2.05450012267146,-25.1424638948282,-27.1969640174997
0.874854046373068,-26.245808007849,-1.10344290290311,-25.1423651049459,-26.245808007849
