Total_energy,Adsorption_energy,Rigid_adsorption_energy,Deformation_energy,dEad/dNi
-1.78643400409168,-28.9070960583137,-2.08722658399023,-26.8198694743235,-28.9070960583137
-1.32425043829082,-28.4449124925128,-1.62522162605543,-26.8196908664574,-28.4449124925128
-0.890512722921652,-28.0111747771437,-1.19124516296274,-26.8199296141809,-28.0111747771437
-0.309884099877396,-27.4305461540994,-0.610627638560258,-26.8199185155392,-27.4305461540994
0.0730164103603486,-27.0476456438617,-1.90496015885243,-25.1426854850093,-27.0476456438617
