Total_energy,Adsorption_energy,Rigid_adsorption_energy,Deformation_energy,dEad/dNi
-1.78655460054423,-28.9072166547663,-2.08764151401368,-26.8195751407526,-28.9072166547663
-1.05556495847042,-28.1762270126925,-1.35700423059502,-26.8192227820974,-28.1762270126925
-0.613278130468223,-27.7339401846903,-0.914436934696399,-26.8195032499939,-27.7339401846903
-0.0481911364559406,-27.168853190678,-0.348946310488277,-26.8199068801897,-27.168853190678
1.04457831973722,-26.0760837344848,-0.933667804362663,-25.1424159301221,-26.0760837344848
