Total_energy,Adsorption_energy,Rigid_adsorption_energy,Deformation_energy,dEad/dNi
-1.787892163418,-28.90855421764,-2.08889365696272,-26.8196605606773,-28.90855421764
-1.32787389544851,-28.4485359496705,-1.62917682012165,-26.8193591295489,-28.4485359496705
-0.726882349813417,-27.8475444040354,-1.02771105924058,-26.8198333447949,-27.8475444040354
-0.481000206246902,-27.6016622604689,-0.782087433195649,-26.8195748272733,-27.6016622604689
0.427933932615833,-26.6927281216062,-1.54987239340294,-25.1428557282033,-26.6927281216062
