Total_energy,Adsorption_energy,Rigid_adsorption_energy,Deformation_energy,dEad/dNi
-1.72232488636587,-28.8429869405879,-2.02375049348963,-26.8192364470983,-28.8429869405879
-1.1518694529468,-28.2725315071688,-1.45418446361319,-26.8183470435556,-28.2725315071688
-0.691862371929152,-27.8125244261512,-0.992856563934705,-26.8196678622165,-27.8125244261512
-0.0692131273539909,-27.189875181576,-2.04727460618775,-25.1426005753883,-27.189875181576
1.55682469879829,-25.5638373554237,-0.42149235788357,-25.1423449975402,-25.5638373554237
