Total_energy,Adsorption_energy,Rigid_adsorption_energy,Deformation_energy,dEad/dNi
-1.70371603397097,-28.824378088193,-2.00450563072273,-26.8198724574703,-28.824378088193
-1.23647032889443,-28.3571323831165,-1.54079712284828,-26.8163352602682,-28.3571323831165
-0.804333480491564,-27.9249955347136,-1.10601236178553,-26.8189831729281,-27.9249955347136
-0.317140158315528,-27.4378022125376,-0.61883593780887,-26.8189662747287,-27.4378022125376
0.375733361712094,-26.7449286925099,-1.60250451007968,-25.1424241824303,-26.7449286925099
