Total_energy,Adsorption_energy,Rigid_adsorption_energy,Deformation_energy,dEad/dNi
-1.6754788030532,-28.7961408572752,-1.97727442260691,-26.8188664346683,-28.7961408572752
-1.25192751576344,-28.3725895699855,-1.55311513583423,-26.8194744341512,-28.3725895699855
-0.654187863968632,-27.7748499181907,-0.954924506229769,-26.8199254119609,-27.7748499181907
0.16810424753486,-26.9525578066872,-1.8099737434936,-25.1425840631936,-26.9525578066872
1.02547443395463,-26.0951876202674,-0.952820256792619,-25.1423673634748,-26.0951876202674
