Total_energy,Adsorption_energy,Rigid_adsorption_energy,Deformation_energy,dEad/dNi
-1.74718308003361,-28.8678451342556,-2.04806976690468,-26.819775367351,-28.8678451342556
-1.29736673623617,-28.4180287904582,-1.59812184912943,-26.8199069413288,-28.4180287904582
-0.712569447001455,-27.8332315012235,-1.01350378373224,-26.8197277174913,-27.8332315012235
1.28751865643825,-25.8331433977838,-0.690784094934341,-25.1423593028494,-25.8331433977838
