Total_energy,Adsorption_energy,Rigid_adsorption_energy,Deformation_energy,dEad/dNi
-1.78260089059666,-28.9032629448187,-2.08341807779002,-26.8198448670287,-28.9032629448187
-1.2175772075453,-28.3382392617673,-1.52266163684494,-26.8155776249224,-28.3382392617673
-0.598246748764265,-27.7189088029863,-0.899250234866933,-26.8196585681194,-27.7189088029863
0.0323279435536585,-27.0883341106684,-0.268414283063969,-26.8199198276044,-27.0883341106684
1.03811314057581,-26.0825489136462,-0.940130152335425,-25.1424187613108,-26.0825489136462
