Total_energy,Adsorption_energy,Rigid_adsorption_energy,Deformation_energy,dEad/dNi
-1.80478735238071,-28.9254494066027,-2.1055891193942,-26.8198602872085,-28.9254494066027
-1.31891277256875,-28.4395748267908,-1.62088032190658,-26.8186945048842,-28.4395748267908
-0.805578486064404,-27.9262405402864,-1.10663349703406,-26.8196070432524,-27.9262405402864
-0.269419777090831,-27.3900818313129,-0.570291373792003,-26.8197904575209,-27.3900818313129
0.216777010025503,-26.9038850441965,-1.76152434572929,-25.1423606984672,-26.9038850441965
