Total_energy,Adsorption_energy,Rigid_adsorption_energy,Deformation_energy,dEad/dNi
-1.78387470588489,-28.9045367601069,-2.08486088325335,-26.8196758768536,-28.9045367601069
-1.37061566966393,-28.491277723886,-1.671981246513,-26.819296477373,-28.491277723886
-0.641612737583138,-27.7622747918052,-0.942491688122924,-26.8197831036822,-27.7622747918052
-0.0898333084036005,-27.2104953626256,-2.0677825636178,-25.1427127990078,-27.2104953626256
1.32988168410843,-25.7907803701136,-0.648225589442115,-25.1425547806715,-25.7907803701136
