Total_energy,Adsorption_energy,Rigid_adsorption_energy,Deformation_energy,dEad/dNi
-1.80132833347767,-28.9219903876997,-2.10260063700142,-26.8193897506983,-28.9219903876997
-1.13982561952844,-28.2604876737505,-1.44080625123877,-26.8196814225117,-28.2604876737505
-0.817717319706832,-27.9383793739289,-1.11891511985364,-26.8194642540752,-27.9383793739289
-0.0905570255780905,-27.2112190798001,-2.06712849310905,-25.1440905866911,-27.2112190798001
1.07671680245174,-26.0439452517703,-0.901069994495731,-25.1428752572746,-26.0439452517703
