Total_energy,Adsorption_energy,Rigid_adsorption_energy,Deformation_energy,dEad/dNi
-1.79524339879611,-28.9159054530181,-2.09605071534788,-26.8198547376703,-28.9159054530181
-1.31856266420371,-28.4392247184257,-1.61950603093561,-26.8197186874901,-28.4392247184257
-0.687119186991855,-27.8077812412139,-0.987891762895429,-26.8198894783185,-27.8077812412139
-0.0567377211798563,-27.1773997754019,-2.03455319645327,-25.1428465789486,-27.1773997754019
1.19463126836532,-25.9260307858567,-0.783616439033862,-25.1424143468229,-25.9260307858567
