Total_energy,Adsorption_energy,Rigid_adsorption_energy,Deformation_energy,dEad/dNi
-1.7935264674872,-28.9141885217092,-2.09427658362369,-26.8199119380855,-28.9141885217092
-1.38073022565929,-28.5013922798813,-1.68236953068598,-26.8190227491954,-28.5013922798813
-0.874223403978514,-27.9948854582005,-1.17586858764264,-26.8190168705579,-27.9948854582005
-0.0203345552192249,-27.1409966094413,-1.99861162364066,-25.1423849858006,-27.1409966094413
0.862921181218859,-26.2577408730032,-1.11532515282607,-25.1424157201771,-26.2577408730032
