Total_energy,Adsorption_energy,Rigid_adsorption_energy,Deformation_energy,dEad/dNi
-1.80024363694281,-28.9209056911648,-2.10158211520977,-26.8193235759551,-28.9209056911648
-1.39530914297566,-28.5159711971977,-1.69616261260446,-26.8198085845932,-28.5159711971977
-0.826356962119898,-27.9470190163419,-1.12724489309739,-26.8197741232445,-27.9470190163419
-0.0403767488695661,-27.1610388030916,-2.01867410866175,-25.1423646944298,-27.1610388030916
1.05799629293907,-26.062665761283,-0.920259315671632,-25.1424064456113,-26.062665761283
