Total_energy,Adsorption_energy,Rigid_adsorption_energy,Deformation_energy,dEad/dNi
-1.73453524453949,-28.8551972987615,-2.03584932264483,-26.8193479761167,-28.8551972987615
-1.21419536080574,-28.3348574150278,-1.51609796218388,-26.8187594528439,-28.3348574150278
-0.762413606251683,-27.8830756604737,-1.06377759508926,-26.8192980653845,-27.8830756604737
0.0815380261434697,-27.0391240280786,-1.89674224876606,-25.1423817793125,-27.0391240280786
1.15164635662384,-25.9690156975982,-0.82660404561797,-25.1424116519802,-25.9690156975982
