Total_energy,Adsorption_energy,Rigid_adsorption_energy,Deformation_energy,dEad/dNi
-1.79155220377398,-28.912214257996,-2.0924015314182,-26.8198127265778,-28.912214257996
-1.36171364442356,-28.4823756986456,-1.663864974344,-26.8185107243016,-28.4823756986456
-0.647465513104227,-27.7681275673263,-0.948228503274998,-26.8198990640513,-27.7681275673263
-0.0762037183786199,-27.1968657726007,-2.05393974120557,-25.1429260313951,-27.1968657726007
0.986668423838411,-26.1339936303836,-0.991457106066109,-25.1425365243175,-26.1339936303836
