Total_energy,Adsorption_energy,Rigid_adsorption_energy,Deformation_energy,dEad/dNi
-1.78653638977323,-28.9071984439953,-2.08730775002697,-26.8198906939683,-28.9071984439953
-1.2337308085084,-28.3543928627304,-1.53456538554105,-26.8198274771894,-28.3543928627304
-0.672689245203243,-27.7933512994253,-0.973607057817552,-26.8197442416077,-27.7933512994253
-0.0438772111215179,-27.1645392653436,-0.344750964529776,-26.8197883008138,-27.1645392653436
0.769386772398457,-26.3512752818236,-1.2086809538336,-25.14259432799,-26.3512752818236
