Total_energy,Adsorption_energy,Rigid_adsorption_energy,Deformation_energy,dEad/dNi
-1.77887027933427,-28.8995323335563,-2.07966064845783,-26.8198716850985,-28.8995323335563
-1.20834495531468,-28.3290070095367,-1.5092326156797,-26.819774393857,-28.3290070095367
-0.781933637153446,-27.9025956913755,-1.08293803804348,-26.819657653332,-27.9025956913755
-0.0639534521420333,-27.1846155063641,-2.04208480145283,-25.1425307049112,-27.1846155063641
1.4364914124615,-25.6841706417605,-0.541702083516455,-25.1424685582441,-25.6841706417605
