Total_energy,Adsorption_energy,Rigid_adsorption_energy,Deformation_energy,dEad/dNi
-1.7763928467994,-28.8970549010214,-2.07727351382147,-26.8197813872,-28.8970549010214
-1.29003045781986,-28.4106925120419,-1.59132523445937,-26.8193672775825,-28.4106925120419
-0.729219358982894,-27.8498814132049,-1.03087700935824,-26.8190044038467,-27.8498814132049
-0.0289804424311148,-27.1496424966531,-0.329753404213361,-26.8198890924398,-27.1496424966531
1.15140127819828,-25.9692607760238,-0.826896093825082,-25.1423646821987,-25.9692607760238
