Total_energy,Adsorption_energy,Rigid_adsorption_energy,Deformation_energy,dEad/dNi
-1.79052112716298,-28.911183181385,-2.0912876412301,-26.8198955401549,-28.911183181385
-1.27202133525036,-28.3926833894724,-1.57472328134173,-26.8179601081307,-28.3926833894724
-0.669192505505587,-27.7898545597276,-0.970170116834417,-26.8196844428932,-27.7898545597276
-0.0691889381806488,-27.1898509924027,-2.04729027655388,-25.1425607158488,-27.1898509924027
0.81746920192168,-26.3031928523004,-1.16082173196267,-25.1423711203377,-26.3031928523004
