Total_energy,Adsorption_energy,Rigid_adsorption_energy,Deformation_energy,dEad/dNi
-1.68985932910028,-28.8105213833223,-1.99064676523105,-26.8198746180913,-28.8105213833223
-1.22876462192001,-28.349426676142,-1.52955401718913,-26.8198726589529,-28.349426676142
-0.794115001674485,-27.9147770558965,-1.09507440404261,-26.8197026518539,-27.9147770558965
0.921770588429936,-26.1988914657921,-1.05651019647458,-25.1423812693175,-26.1988914657921
1.54514251735363,-25.5755195368684,-0.433169710354719,-25.1423498265137,-25.5755195368684
