Total_energy,Adsorption_energy,Rigid_adsorption_energy,Deformation_energy,dEad/dNi
-1.79750991396374,-28.9181719681858,-2.09835535822721,-26.8198166099586,-28.9181719681858
-1.39257008769495,-28.513232141917,-1.69335283035281,-26.8198793115642,-28.513232141917
-0.828466191517576,-27.9491282457396,-1.13007776138727,-26.8190504843523,-27.9491282457396
0.0938611654664665,-27.0268008887556,-1.8844307024258,-25.1423701863298,-27.0268008887556
1.21090397696709,-25.9097580772549,-0.767351086356174,-25.1424069908988,-25.9097580772549
