Total_energy,Adsorption_energy,Rigid_adsorption_energy,Deformation_energy,dEad/dNi
-1.77528323104806,-28.8959452852701,-2.07607815564577,-26.8198671296243,-28.8959452852701
-1.32995048049668,-28.4506125347187,-1.63221145987656,-26.8184010748422,-28.4506125347187
-0.529304665180024,-27.6499667194021,-0.830124157097125,-26.8198425623049,-27.6499667194021
0.205654692229094,-26.9150073619929,-1.77266942561849,-25.1423379363744,-26.9150073619929
0.972706846075283,-26.1479552081468,-1.0055539125952,-25.1424012955515,-26.1479552081468
