Total_energy,Adsorption_energy,Rigid_adsorption_energy,Deformation_energy,dEad/dNi
-1.72826632415409,-28.8489283783761,-2.02956601539911,-26.819362362977,-28.8489283783761
-1.31996906215139,-28.4406311163734,-1.62087022893164,-26.8197608874418,-28.4406311163734
-0.845376749851652,-27.9660388040737,-1.14860121894046,-26.8174375851332,-27.9660388040737
-0.0370749717424836,-27.1577370259645,-2.01541599854087,-25.1423210274236,-27.1577370259645
0.990893283064254,-26.1297687711578,-0.987401675960768,-25.142367095197,-26.1297687711578
