Total_energy,Adsorption_energy,Rigid_adsorption_energy,Deformation_energy,dEad/dNi
-1.77325807444705,-28.8939201286691,-2.07447558213077,-26.8194445465383,-28.8939201286691
-1.19954682696771,-28.3202088811897,-1.50069004667082,-26.8195188345189,-28.3202088811897
-0.73652975412527,-27.8571918083473,-1.03729152278287,-26.8199002855644,-27.8571918083473
-0.36764695375465,-27.4883090079767,-0.668391127798203,-26.8199178801785,-27.4883090079767
1.01682990962969,-26.1038321445923,-0.961443954144261,-25.1423881904481,-26.1038321445923
