Total_energy,Adsorption_energy,Rigid_adsorption_energy,Deformation_energy,dEad/dNi
-1.80231827324736,-28.9229803274694,-2.10317568623615,-26.8198046412332,-28.9229803274694
-1.23518911888164,-28.3558511731037,-1.53603484257497,-26.8198163305287,-28.3558511731037
-0.569335838941653,-27.6899978931637,-0.870305769404972,-26.8196921237587,-27.6899978931637
0.537026451865789,-26.5836356023562,-1.44071120616088,-25.1429243961954,-26.5836356023562
1.62113740838661,-25.4995246458354,-0.357083991629198,-25.1424406542062,-25.4995246458354
