Total_energy,Adsorption_energy,Rigid_adsorption_energy,Deformation_energy,dEad/dNi
-1.8117474159242,-28.9324094701462,-2.11261416382663,-26.8197953063196,-28.9324094701462
-1.23908635001338,-28.3597484042354,-1.54015274763922,-26.8195956565962,-28.3597484042354
-0.0269126143490259,-27.1475746685711,-2.00521783485693,-25.1423568337141,-27.1475746685711
0.827915739429643,-26.2927463147924,-1.15034467797645,-25.1424016368159,-26.2927463147924
1.41188033509131,-25.7087817191307,-0.566426478270014,-25.1423552408607,-25.7087817191307
