Total_energy,Adsorption_energy,Rigid_adsorption_energy,Deformation_energy,dEad/dNi
-1.73699626664472,-28.8576583208668,-2.0383939241521,-26.8192643967147,-28.8576583208668
-1.29706082962703,-28.4177228838491,-1.59885144680478,-26.8188714370443,-28.4177228838491
-0.801842556319934,-27.922504610542,-1.10277452057218,-26.8197300899698,-27.922504610542
-0.0351168481233131,-27.1557789023453,-2.01314549383069,-25.1426334085147,-27.1557789023453
0.435980661095746,-26.6846813931263,-1.54175223059479,-25.1429291625315,-26.6846813931263
