Total_energy,Adsorption_energy,Rigid_adsorption_energy,Deformation_energy,dEad/dNi
-1.78681965082926,-28.9074817050513,-2.08763951061367,-26.8198421944376,-28.9074817050513
-1.34616658192128,-28.4668286361433,-1.64727504504596,-26.8195535910974,-28.4668286361433
-0.88121918483405,-28.0018812390561,-1.18240870540841,-26.8194725336477,-28.0018812390561
-0.0185755061735782,-27.1392375603956,-1.99685201418307,-25.1423855462125,-27.1392375603956
0.843499907699041,-26.277162146523,-1.134553428531,-25.142608717992,-26.277162146523
