Total_energy,Adsorption_energy,Rigid_adsorption_energy,Deformation_energy,dEad/dNi
-1.7999560800207,-28.9206181342427,-2.10110026224255,-26.8195178720002,-28.9206181342427
-1.37175974883663,-28.4924218030587,-1.67422094265777,-26.8182008604009,-28.4924218030587
-0.666459781760539,-27.7871218359826,-0.967233952022465,-26.8198878839601,-27.7871218359826
-0.0662777803898733,-27.1869398346119,-2.04440743468448,-25.1425323999274,-27.1869398346119
0.438121599645223,-26.6825404545768,-1.53996586452854,-25.1425745900483,-26.6825404545768
