Total_energy,Adsorption_energy,Rigid_adsorption_energy,Deformation_energy,dEad/dNi
-1.79498262297338,-28.9156446771954,-2.09581777007873,-26.8198269071167,-28.9156446771954
-1.38909928719048,-28.5097613414125,-1.68983775345751,-26.819923587955,-28.5097613414125
-0.77295385664159,-27.8936159108636,-1.07369494568994,-26.8199209651737,-27.8936159108636
0.0690145817936878,-27.0516474724283,-1.90743478373545,-25.1442126886929,-27.0516474724283
1.60379583705598,-25.5168662171661,-0.374550593895363,-25.1423156232707,-25.5168662171661
