Total_energy,Adsorption_energy,Rigid_adsorption_energy,Deformation_energy,dEad/dNi
-1.77350219027077,-28.8941642444928,-2.07436849783735,-26.8197957466555,-28.8941642444928
-1.16064983389207,-28.2813118881141,-1.4614324050244,-26.8198794830897,-28.2813118881141
-0.475636537632935,-27.596298591855,-0.77643548936103,-26.8198631024939,-27.596298591855
0.873074800261777,-26.2475872539603,-1.10496901687112,-25.1426182370891,-26.2475872539603
1.41387100161981,-25.7067910526022,-0.564267104594738,-25.1425239480075,-25.7067910526022
