Total_energy,Adsorption_energy,Rigid_adsorption_energy,Deformation_energy,dEad/dNi
-1.77781043376013,-28.8984724879822,-2.07949851449765,-26.8189739734845,-28.8984724879822
-1.29183739040708,-28.4124994446291,-1.59390956450335,-26.8185898801258,-28.4124994446291
-0.805623837671774,-27.9262858918938,-1.10642832919086,-26.8198575627029,-27.9262858918938
0.18066211294046,-26.9399999412816,-1.79768426913746,-25.1423156721441,-26.9399999412816
0.810913127727097,-26.3097489264949,-1.16738535863685,-25.1423635678581,-26.3097489264949
