Total_energy,Adsorption_energy,Rigid_adsorption_energy,Deformation_energy,dEad/dNi
-1.79352159701694,-28.914183651239,-2.09450612990865,-26.8196775213303,-28.914183651239
-1.30459676555022,-28.4252588197723,-1.60561468555652,-26.8196441342157,-28.4252588197723
-0.620640745418099,-27.7413027996401,-0.921823988169311,-26.8194788114708,-27.7413027996401
0.674997949508763,-26.4456641047133,-1.30306953281576,-25.1425945718975,-26.4456641047133
1.44773958952528,-25.6729224646968,-0.530477598463271,-25.1424448662335,-25.6729224646968
