Total_energy,Adsorption_energy,Rigid_adsorption_energy,Deformation_energy,dEad/dNi
-1.72458795472169,-28.8452500089437,-2.02555484851265,-26.8196951604311,-28.8452500089437
-1.30861428944929,-28.4292763436713,-1.61177128385516,-26.8175050598162,-28.4292763436713
-0.772002952778749,-27.8926650070008,-1.07281023867032,-26.8198547683305,-27.8926650070008
-0.0554268120806939,-27.1760888663027,-0.356390214915326,-26.8196986513874,-27.1760888663027
0.168955265017189,-26.9517067892048,-1.80919721654831,-25.1425095726565,-26.9517067892048
