Total_energy,Adsorption_energy,Rigid_adsorption_energy,Deformation_energy,dEad/dNi
-1.76637628562196,-28.887038339844,-2.06720941978005,-26.8198289200639,-28.887038339844
-1.35005187085488,-28.4707139250769,-1.65129927451825,-26.8194146505587,-28.4707139250769
-0.766321364428602,-27.8869834186506,-1.06760712000475,-26.8193762986459,-27.8869834186506
0.849999187659954,-26.2706628665621,-1.1282608481219,-25.1424020184402,-26.2706628665621
1.58945828410741,-25.5312037701146,-0.388748160980743,-25.1424556091339,-25.5312037701146
