Total_energy,Adsorption_energy,Rigid_adsorption_energy,Deformation_energy,dEad/dNi
-1.78125243914933,-28.9019144933714,-2.08205918571957,-26.8198553076518,-28.9019144933714
-1.17241916834989,-28.2930812225719,-1.47420626181332,-26.8188749607586,-28.2930812225719
-0.606579823341642,-27.7272418775637,-0.907352164364701,-26.819889713199,-27.7272418775637
-0.0567063642916159,-27.1773684185136,-2.0348691706616,-25.142499247852,-27.1773684185136
0.660163939678277,-26.4604981145438,-1.31813745619988,-25.1423606583439,-26.4604981145438
