Total_energy,Adsorption_energy,Rigid_adsorption_energy,Deformation_energy,dEad/dNi
-1.79741252964854,-28.9180745838706,-2.09822891396125,-26.8198456699093,-28.9180745838706
-1.37620071117043,-28.4968627653925,-1.67736113797585,-26.8195016274166,-28.4968627653925
-0.706416661765714,-27.8270787159877,-1.00723132272744,-26.8198473932603,-27.8270787159877
-0.0462212040690821,-27.1668832582911,-2.02443079537173,-25.1424524629194,-27.1668832582911
1.5513700123673,-25.5692920418547,-0.426938212132249,-25.1423538297225,-25.5692920418547
