Total_energy,Adsorption_energy,Rigid_adsorption_energy,Deformation_energy,dEad/dNi
-1.8033446487958,-28.9240067030178,-2.10462061250628,-26.8193860905116,-28.9240067030178
-1.35057458025573,-28.4712366344778,-1.65342723796393,-26.8178093965138,-28.4712366344778
-0.857335177372772,-27.9779972315948,-1.15809218390156,-26.8199050476933,-27.9779972315948
0.0707258925346619,-27.0499361616874,-1.90757252675853,-25.1423636349288,-27.0499361616874
1.24105105150414,-25.8796110027179,-0.737258551432414,-25.1423524512855,-25.8796110027179
