Total_energy,Adsorption_energy,Rigid_adsorption_energy,Deformation_energy,dEad/dNi
-1.79142708329627,-28.9120891375183,-2.09225476352876,-26.8198343739895,-28.9120891375183
-1.32598336868944,-28.4466454229115,-1.62831137346775,-26.8183340494437,-28.4466454229115
-0.770752573201145,-27.8914146274232,-1.07197231588123,-26.8194423115419,-27.8914146274232
-0.0423254153596243,-27.1629874695817,-0.343059786624715,-26.8199276829569,-27.1629874695817
1.11761907808973,-26.0030429761323,-0.860540818845312,-25.142502157287,-26.0030429761323
