Total_energy,Adsorption_energy,Rigid_adsorption_energy,Deformation_energy,dEad/dNi
-1.73242888125487,-28.8530909354769,-2.03328539497459,-26.8198055405023,-28.8530909354769
-1.26204816221092,-28.382710216433,-1.56312605969092,-26.819584156742,-28.382710216433
-0.716328488187336,-27.8369905424094,-1.01726283433114,-26.8197277080782,-27.8369905424094
-0.0770654266597794,-27.1977274808818,-2.05459295181832,-25.1431345290635,-27.1977274808818
0.701216646735995,-26.419445407486,-1.27705062348812,-25.1423947839979,-26.419445407486
