Total_energy,Adsorption_energy,Rigid_adsorption_energy,Deformation_energy,dEad/dNi
-1.78897553904449,-28.9096375932665,-2.08974153449783,-26.8198960587687,-28.9096375932665
-1.24923277634583,-28.3698948305679,-1.55005657555871,-26.8198382550092,-28.3698948305679
-0.676052046562659,-27.7967141007847,-0.977520390700284,-26.8191937100844,-27.7967141007847
1.03601910093919,-26.0846429532828,-0.942274313273857,-25.142368640009,-26.0846429532828
1.59385762900322,-25.5268044252188,-0.384381582634333,-25.1424228425845,-25.5268044252188
