Total_energy,Adsorption_energy,Rigid_adsorption_energy,Deformation_energy,dEad/dNi
-1.7721441822118,-28.8928062364338,-2.07292443177379,-26.81988180466,-28.8928062364338
-1.26039122308655,-28.3810532773086,-1.56181853959719,-26.8192347377114,-28.3810532773086
-0.650658201972582,-27.7713202561946,-0.95215329207808,-26.8191669641165,-27.7713202561946
0.111943878885027,-27.008718175337,-1.86624001312378,-25.1424781622132,-27.008718175337
1.57988868917881,-25.5407733650432,-0.39841258329316,-25.1423607817501,-25.5407733650432
