Total_energy,Adsorption_energy,Rigid_adsorption_energy,Deformation_energy,dEad/dNi
-1.68558097506809,-28.8062430292901,-1.98639697823019,-26.8198460510599,-28.8062430292901
-1.22010038491086,-28.3407624391329,-1.52110692959419,-26.8196555095387,-28.3407624391329
-0.751538319861136,-27.8722003740832,-1.05246677950382,-26.8197335945793,-27.8722003740832
0.404043255618149,-26.7166187986039,-1.5736871844258,-25.1429316141781,-26.7166187986039
1.11226751192216,-26.0083945422999,-0.866032505482855,-25.142362036817,-26.0083945422999
