Total_energy,Adsorption_energy,Rigid_adsorption_energy,Deformation_energy,dEad/dNi
-1.80317169744761,-28.9238337516696,-2.10396119945676,-26.8198725522129,-28.9238337516696
-1.28572286206238,-28.4063849162844,-1.58867336344748,-26.8177115528369,-28.4063849162844
-0.783796118717226,-27.9044581729393,-1.08462910972667,-26.8198290632126,-27.9044581729393
-0.0816991539263996,-27.2023612081484,-2.05940242196358,-25.1429587861849,-27.2023612081484
0.832830863646861,-26.2878311905752,-1.14530925342822,-25.142521937147,-26.2878311905752
