Total_energy,Adsorption_energy,Rigid_adsorption_energy,Deformation_energy,dEad/dNi
-1.78338282411618,-28.9040448783382,-2.08419955576507,-26.8198453225731,-28.9040448783382
-1.28716675091067,-28.4078288051327,-1.58806478037367,-26.819764024759,-28.4078288051327
-0.867578911474141,-27.9882409656962,-1.16835901727901,-26.8198819484172,-27.9882409656962
-0.0663201793430301,-27.1869822335651,-2.0444986850828,-25.1424835484823,-27.1869822335651
0.882998565940893,-26.2376634882811,-1.09514609066278,-25.1425173976184,-26.2376634882811
