Total_energy,Adsorption_energy,Rigid_adsorption_energy,Deformation_energy,dEad/dNi
-1.76878306844242,-28.8894451226645,-2.06990813250748,-26.819536990157,-28.8894451226645
-1.20747838842699,-28.328140442649,-1.50852693085792,-26.8196135117911,-28.328140442649
-0.658436256999663,-27.7790983112217,-0.960995792000384,-26.8181025192213,-27.7790983112217
0.0144342075974335,-27.1062278466246,-1.96371158350016,-25.1425162631244,-27.1062278466246
1.30329764334634,-25.8173644108757,-0.674983211182787,-25.1423811996929,-25.8173644108757
