Total_energy,Adsorption_energy,Rigid_adsorption_energy,Deformation_energy,dEad/dNi
-1.81270337716708,-28.9333654313891,-2.11353882195236,-26.8198266094368,-28.9333654313891
-1.17145743335872,-28.2921194875808,-1.47246023756261,-26.8196592500181,-28.2921194875808
-0.657957859698735,-27.7786199139208,-0.959766005022353,-26.8188539088984,-27.7786199139208
1.11323088459368,-26.0074311696284,-0.865051033817278,-25.1423801358111,-26.0074311696284
1.58349803983783,-25.5371640143842,-0.394760027212443,-25.1424039871718,-25.5371640143842
