Total_energy,Adsorption_energy,Rigid_adsorption_energy,Deformation_energy,dEad/dNi
-1.77484422120404,-28.8955062754261,-2.07596189528312,-26.819544380143,-28.8955062754261
-1.25363778673483,-28.3742998409569,-1.55513635848734,-26.8191634824695,-28.3742998409569
-0.917943211171278,-28.0386052653933,-1.21892832033308,-26.8196769450602,-28.0386052653933
-0.050408386394583,-27.1710704406166,-2.02868230423196,-25.1423881363847,-27.1710704406166
0.932622901673012,-26.188039152549,-1.04551156103132,-25.1425275915177,-26.188039152549
