Total_energy,Adsorption_energy,Rigid_adsorption_energy,Deformation_energy,dEad/dNi
-1.79347073700894,-28.914132791231,-2.09422978727524,-26.8199030039557,-28.914132791231
-1.32028001170057,-28.4409420659226,-1.62172730459889,-26.8192147613237,-28.4409420659226
-0.730602595370253,-27.8512646495923,-1.03158457164877,-26.8196800779435,-27.8512646495923
0.0138044607352164,-27.1068575934868,-1.96195696825096,-25.1449006252359,-27.1068575934868
1.17406875245083,-25.9465933017712,-0.804230149960468,-25.1423631518107,-25.9465933017712
