Total_energy,Adsorption_energy,Rigid_adsorption_energy,Deformation_energy,dEad/dNi
-1.78490075511233,-28.9055628093344,-2.08669800068213,-26.8188648086522,-28.9055628093344
-1.24406671896763,-28.3647287731897,-1.54606970764524,-26.8186590655444,-28.3647287731897
-0.762214017504919,-27.882876071727,-1.0634412659547,-26.8194348057723,-27.882876071727
-0.120924188591357,-27.2415862428134,-0.421856298836225,-26.8197299439772,-27.2415862428134
1.00474211026589,-26.1159199439561,-0.973417761971146,-25.142502181985,-26.1159199439561
