Total_energy,Adsorption_energy,Rigid_adsorption_energy,Deformation_energy,dEad/dNi
-1.79656449803232,-28.9172265522544,-2.09754467593428,-26.8196818763201,-28.9172265522544
-1.24497326506471,-28.3656353192867,-1.54590413421216,-26.8197311850746,-28.3656353192867
-0.753116424233705,-27.8737784784557,-1.05390795670927,-26.8198705217465,-27.8737784784557
0.481410823076469,-26.6392512311456,-1.49634434721508,-25.1429068839305,-26.6392512311456
1.37790516214822,-25.7427568920738,-0.600498791246962,-25.1422581008268,-25.7427568920738
