File_name,Total_energy,Adsorption_energy,Rigid_adsorption_energy,Deformation_energy,dEad/dNi
op_0 (3 1 1).std.csv,-1.20748,-28.3281,-1.50853,-26.8196,-28.3281
op_1 (3 1 1).std.csv,-1.17146,-28.2921,-1.47246,-26.8197,-28.2921
op_2 (3 1 1).std.csv,-1.25364,-28.3743,-1.55514,-26.8192,-28.3743
op_3 (3 1 1).std.csv,-1.32028,-28.4409,-1.62173,-26.8192,-28.4409
op_4 (3 1 1).std.csv,-1.24407,-28.3647,-1.54607,-26.8187,-28.3647
op_5 (3 1 1).std.csv,-1.24497,-28.3656,-1.5459,-26.8197,-28.3656
