Total_energy,Adsorption_energy,Rigid_adsorption_energy,Deformation_energy,dEad/dNi
-1.80399253241777,-28.9246545866398,-2.10500055478115,-26.8196540318587,-28.9246545866398
-1.33563620715001,-28.456298261372,-1.6373663809654,-26.8189318804066,-28.456298261372
-1.08653841271471,-28.2072004669367,-1.38740911509635,-26.8197913518404,-28.2072004669367
-0.831679537453587,-27.9523415916756,-1.13465913665656,-26.8176824550191,-27.9523415916756
0.269988802493983,-26.8506732517281,-1.70798806253619,-25.1426851891919,-26.8506732517281
