Total_energy,Adsorption_energy,Rigid_adsorption_energy,Deformation_energy,dEad/dNi
-1.78870466066143,-28.9093667148835,-2.08949335932763,-26.8198733555558,-28.9093667148835
-1.17045505549904,-28.2911171097211,-1.47148009786915,-26.8196370118519,-28.2911171097211
-0.807158512558858,-27.9278205667809,-1.10789357372819,-26.8199269930527,-27.9278205667809
-0.0903211371313029,-27.2109831913533,-2.06810289093936,-25.142880300414,-27.2109831913533
1.05698363158789,-26.0636784226341,-0.921316303896069,-25.1423621187381,-26.0636784226341
