Total_energy,Adsorption_energy,Rigid_adsorption_energy,Deformation_energy,dEad/dNi
-1.78840299021349,-28.9090650444355,-2.08920226648878,-26.8198627779467,-28.9090650444355
-1.33323653367771,-28.4538985878998,-1.63409947553514,-26.8197991123646,-28.4538985878998
-0.871114623170349,-27.9917766773924,-1.17331020551441,-26.818466471878,-27.9917766773924
-0.490841269772605,-27.6115033239946,-0.792386087276139,-26.8191172367185,-27.6115033239946
-0.0570330972688973,-27.1776951514909,-2.03525115031033,-25.1424440011806,-27.1776951514909
