Total_energy,Adsorption_energy,Rigid_adsorption_energy,Deformation_energy,dEad/dNi
-1.79605466697291,-28.9167167211949,-2.09702508685316,-26.8196916343418,-28.9167167211949
-1.36828934170979,-28.4889513959318,-1.6692178260897,-26.8197335698421,-28.4889513959318
-0.810248762342778,-27.9309108165648,-1.11122961771761,-26.8196811988472,-27.9309108165648
-0.0563642666573065,-27.1770263208793,-2.03451631371247,-25.1425100071669,-27.1770263208793
0.694822547225527,-26.4258395069965,-1.28344503421609,-25.1423944727804,-26.4258395069965
