Total_energy,Adsorption_energy,Rigid_adsorption_energy,Deformation_energy,dEad/dNi
-1.7751881519233,-28.8958502061453,-2.0759694116343,-26.819880794511,-28.8958502061453
-1.16258224566652,-28.2832442998886,-1.4674936453621,-26.8157506545265,-28.2832442998886
-0.768363820585049,-27.8890258748071,-1.07033699749169,-26.8186888773154,-27.8890258748071
-0.196511388746925,-27.317173442969,-0.49756001454037,-26.8196134284286,-27.317173442969
0.301610152218561,-26.8190519020035,-1.67636460228688,-25.1426872997166,-26.8190519020035
