Total_energy,Adsorption_energy,Rigid_adsorption_energy,Deformation_energy,dEad/dNi
-1.80961513205351,-28.9302771862755,-2.11104295783429,-26.8192342284413,-28.9302771862755
-1.28144611630812,-28.4021081705302,-1.58304482222252,-26.8190633483076,-28.4021081705302
-0.774353950543791,-27.8950160047658,-1.07554369306966,-26.8194723116962,-27.8950160047658
-0.0829342953343244,-27.2035963495564,-2.06082255273838,-25.142773796818,-27.2035963495564
1.62751653280716,-25.4931455214149,-0.35078677859082,-25.1423587428241,-25.4931455214149
