Total_energy,Adsorption_energy,Rigid_adsorption_energy,Deformation_energy,dEad/dNi
-1.71531135737325,-28.8359734115953,-2.01619355695893,-26.8197798546364,-28.8359734115953
-1.16584653584787,-28.2865085900699,-1.46661288879877,-26.8198957012711,-28.2865085900699
-0.516427886488188,-27.6370899407102,-0.81882429414951,-26.8182656465607,-27.6370899407102
0.403190430901901,-26.7174716233201,-1.57469073279749,-25.1427808905226,-26.7174716233201
1.1381353994557,-25.9825266547663,-0.83992918110224,-25.1425974736641,-25.9825266547663
