Total_energy,Adsorption_energy,Rigid_adsorption_energy,Deformation_energy,dEad/dNi
-1.81080285152514,-28.9314649057472,-2.11170360443643,-26.8197613013107,-28.9314649057472
-1.38120200517815,-28.5018640594002,-1.6825718196568,-26.8192922397434,-28.5018640594002
-0.770119714821843,-27.8907817690439,-1.07131395814659,-26.8194678108973,-27.8907817690439
-0.114042504373441,-27.2347045585955,-2.09181180395738,-25.1428927546381,-27.2347045585955
0.929515394599264,-26.1911466596228,-1.04858813381607,-25.1425585258067,-26.1911466596228
