Total_energy,Adsorption_energy,Rigid_adsorption_energy,Deformation_energy,dEad/dNi
-1.79610132571345,-28.9167633799355,-2.09715260421182,-26.8196107757237,-28.9167633799355
-1.34019947819612,-28.4608615324182,-1.64164649949317,-26.819215032925,-28.4608615324182
-0.831644451330865,-27.9523065055529,-1.13260457139117,-26.8197019341617,-27.9523065055529
0.313748258294064,-26.806913795928,-1.66418372189774,-25.1427300740302,-26.806913795928
0.816142875839916,-26.3045191783821,-1.16216135346668,-25.1423578249154,-26.3045191783821
