Total_energy,Adsorption_energy,Rigid_adsorption_energy,Deformation_energy,dEad/dNi
-1.77395734277405,-28.8946193969961,-2.07490805126051,-26.8197113457356,-28.8946193969961
-1.13639648555185,-28.2570585397739,-1.43722059442218,-26.8198379453517,-28.2570585397739
-0.459362118916242,-27.5800241731383,-0.760195762948464,-26.8198284101898,-27.5800241731383
0.781359006889921,-26.3393030473321,-1.19690254201603,-25.1424005053161,-26.3393030473321
1.25795218989348,-25.8627098643286,-0.720343598751712,-25.1423662655768,-25.8627098643286
