Total_energy,Adsorption_energy,Rigid_adsorption_energy,Deformation_energy,dEad/dNi
-1.360398124891,-7.9602157367749,-1.36040224426961,-6.59981349250529,-7.9602157367749
-0.939487255888083,-7.53930486777198,-0.939489931195683,-6.5998149365763,-7.53930486777198
-0.330135842539617,-6.92995345442351,-0.330141866560983,-6.59981158786253,-6.92995345442351
