Total_energy,Adsorption_energy,Rigid_adsorption_energy,Deformation_energy,dEad/dNi
-1.39038767061385,-7.99020528249775,-1.39039037947512,-6.59981490302262,-7.99020528249775
-0.971554469705308,-7.5713720815892,-0.971555673079989,-6.59981640850921,-7.5713720815892
-0.694859507947141,-7.29467711983104,-0.694860283423793,-6.59981683640724,-7.29467711983104
