Total_energy,Adsorption_energy,Rigid_adsorption_energy,Deformation_energy,dEad/dNi
-1.37089955363142,-7.97071716551531,-1.37090342378754,-6.59981374172778,-7.97071716551531
-0.840114179502353,-7.43993179138625,-0.840115463502604,-6.59981632788364,-7.43993179138625
