File_name,Total_energy,Adsorption_energy,Rigid_adsorption_energy,Deformation_energy,dEad/dNi
op_00 (3 1 1).std.csv,-0.97155,-7.5714,-0.97156,-6.5998,-7.5714
op_02 (3 1 1).std.csv,-0.90856,-7.5084,-0.90856,-6.5998,-7.5084
op_05 (3 1 1).std.csv,-0.93705,-7.5369,-0.93705,-6.5998,-7.5369
op_06 (3 1 1).std.csv,-0.93295,-7.5328,-0.93295,-6.5998,-7.5328
op_09 (3 1 1).std.csv,-0.93949,-7.5393,-0.93949,-6.5998,-7.5393
op_10 (3 1 1).std.csv,-0.84011,-7.4399,-0.84012,-6.5998,-7.4399
