Total_energy,Adsorption_energy,Rigid_adsorption_energy,Deformation_energy,dEad/dNi
-1.76915283315071,-28.8898148873727,-2.07041624277539,-26.8193986445973,-28.8898148873727
-1.26993797445463,-28.3906000286767,-1.5714830571772,-26.8191169714995,-28.3906000286767
-0.628624443806518,-27.7492864980285,-0.9294341911925,-26.8198523068361,-27.7492864980285
-0.0743261539590436,-27.1949882081811,-2.05267490900151,-25.1423132991796,-27.1949882081811
0.311669086626564,-26.8089929675955,-1.66627568779936,-25.1427172797961,-26.8089929675955
