Total_energy,Adsorption_energy,Rigid_adsorption_energy,Deformation_energy,dEad/dNi
-1.77773934051631,-28.8984013947383,-2.07854008756742,-26.8198613071709,-28.8984013947383
-1.30050298865508,-28.4211650428771,-1.60155590238018,-26.8196091404969,-28.4211650428771
-0.773914632339492,-27.8945766865615,-1.07509722271449,-26.819479463847,-27.8945766865615
-0.0641758050793988,-27.1848378593014,-2.04232347289142,-25.14251438641,-27.1848378593014
0.764076029132295,-26.3565860250897,-1.21404954734062,-25.1425364777491,-26.3565860250897
