Total_energy,Adsorption_energy,Rigid_adsorption_energy,Deformation_energy,dEad/dNi
-1.79391082544617,-28.9145728796682,-2.09489722644431,-26.8196756532239,-28.9145728796682
-1.34738496017477,-28.4680470143968,-1.6498160244933,-26.8182309899035,-28.4680470143968
-0.803451240335286,-27.9241132945573,-1.10437565598631,-26.819737638571,-27.9241132945573
1.10329553829272,-26.0173665159293,-0.874757523554531,-25.1426089923748,-26.0173665159293
