Total_energy,Adsorption_energy,Rigid_adsorption_energy,Deformation_energy,dEad/dNi
-1.81638757551658,-28.9370496297386,-2.11722079575062,-26.819828833988,-28.9370496297386
-1.40168549926658,-28.5223475534886,-1.70489670411707,-26.8174508493716,-28.5223475534886
-0.822409817418737,-27.9430718716408,-1.12350862237571,-26.8195632492651,-27.9430718716408
-0.105697965753277,-27.2263600199753,-2.08390373483443,-25.1424562851409,-27.2263600199753
0.932563514311819,-26.1880985399102,-1.04548358803707,-25.1426149518731,-26.1880985399102
