Total_energy,Adsorption_energy,Rigid_adsorption_energy,Deformation_energy,dEad/dNi
-1.80139069615033,-28.9220527503724,-2.10217837393253,-26.8198743764398,-28.9220527503724
-1.22979896235587,-28.3504610165779,-1.5314376594365,-26.8190233571414,-28.3504610165779
-0.776761635273503,-27.8974236894955,-1.07861409343931,-26.8188095960562,-27.8974236894955
-0.0911014411175568,-27.2117634953396,-2.06938359749484,-25.1423798978448,-27.2117634953396
1.09478652895236,-26.0258755252697,-0.883456830189176,-25.1424186950805,-26.0258755252697
