Total_energy,Adsorption_energy,Rigid_adsorption_energy,Deformation_energy,dEad/dNi
-1.81479911450119,-28.9354611687232,-2.11556710439724,-26.819894064326,-28.9354611687232
-1.28261974986384,-28.4032818040859,-1.5835703288348,-26.8197114752511,-28.4032818040859
-0.786321843143505,-27.9069838973655,-1.08706313460797,-26.8199207627576,-27.9069838973655
-0.0668245686583371,-27.1874866228804,-2.04504275930692,-25.1424438635735,-27.1874866228804
0.923525728101619,-26.1971363261204,-1.054549384768,-25.1425869413524,-26.1971363261204
