Total_energy,Adsorption_energy,Rigid_adsorption_energy,Deformation_energy,dEad/dNi
-1.80298897869375,-28.9236510329158,-2.10379396040629,-26.8198570725095,-28.9236510329158
-1.36342052497093,-28.484082579193,-1.66445822177177,-26.8196243574212,-28.484082579193
-0.777189812927807,-27.8978518671498,-1.07839975334077,-26.8194521138091,-27.8978518671498
0.549202849311795,-26.5714592049102,-1.42895423087269,-25.1425049740376,-26.5714592049102
1.69014972029818,-25.4305123339239,-0.288133894190325,-25.1423784397335,-25.4305123339239
