Total_energy,Adsorption_energy,Rigid_adsorption_energy,Deformation_energy,dEad/dNi
-1.806563397923,-28.927225452145,-2.10759070366289,-26.8196347484821,-28.927225452145
-1.16608974304917,-28.2867517972712,-1.46683943751472,-26.8199123597565,-28.2867517972712
-0.682785666079576,-27.8034477203016,-0.983811572472856,-26.8196361478288,-27.8034477203016
-0.0959288107329472,-27.216590864955,-2.07406019042922,-25.1425306745258,-27.216590864955
1.07864125939414,-26.0420207948279,-0.899684957613872,-25.142335837214,-26.0420207948279
