Total_energy,Adsorption_energy,Rigid_adsorption_energy,Deformation_energy,dEad/dNi
-1.8038243560744,-28.9244864102964,-2.10463881572046,-26.819847594576,-28.9244864102964
-1.20616679402231,-28.3268288482443,-1.50689933874058,-26.8199295095038,-28.3268288482443
-0.725755456828297,-27.8464175110503,-1.02674524499709,-26.8196722660532,-27.8464175110503
-0.0987220990390985,-27.2193841532611,-2.07652864757253,-25.1428555056886,-27.2193841532611
1.320825867762,-25.79983618646,-0.657390673001087,-25.1424455134589,-25.79983618646
