Total_energy,Adsorption_energy,Rigid_adsorption_energy,Deformation_energy,dEad/dNi
-1.81864139670192,-28.939303450924,-2.11943115248207,-26.8198722984419,-28.939303450924
-1.27509497413469,-28.3957570283567,-1.57592021242077,-26.819836815936,-28.3957570283567
-0.890639223568556,-28.0113012777906,-1.19420432568113,-26.8170969521095,-28.0113012777906
-0.0815594267179041,-27.2022214809399,-2.05980887829781,-25.1424126026421,-27.2022214809399
1.19723655686583,-25.9234254973562,-0.780987373526614,-25.1424381238296,-25.9234254973562
