Total_energy,Adsorption_energy,Rigid_adsorption_energy,Deformation_energy,dEad/dNi
-1.80018545377681,-28.9208475079988,-2.10096688127535,-26.8198806267235,-28.9208475079988
-1.1773096016627,-28.2979716558847,-1.47814275546842,-26.8198289004163,-28.2979716558847
-0.813649099964056,-27.9343111541861,-1.11454744572788,-26.8197637084582,-27.9343111541861
-0.0179493848832353,-27.1386114391053,-1.99625594474586,-25.1423554943594,-27.1386114391053
0.933753151208133,-26.1869089030139,-1.04450224985547,-25.1424066531584,-26.1869089030139
