Total_energy,Adsorption_energy,Rigid_adsorption_energy,Deformation_energy,dEad/dNi
-1.82353668930353,-28.9441987435256,-2.12454367071292,-26.8196550728126,-28.9441987435256
-1.31179801894537,-28.4324600731674,-1.61386757728531,-26.8185924958821,-28.4324600731674
-0.714127995817052,-27.8347900500391,-1.01584439213922,-26.8189456578999,-27.8347900500391
-0.112843120226637,-27.2335051744487,-2.09084531504755,-25.1426598594011,-27.2335051744487
1.19835635416137,-25.9223057000607,-0.779834644881031,-25.1424710551796,-25.9223057000607
