Total_energy,Adsorption_energy,Rigid_adsorption_energy,Deformation_energy,dEad/dNi
-1.81638618471859,-28.9370482389406,-2.11718963624295,-26.8198586026977,-28.9370482389406
-1.32923605265371,-28.4498981068757,-1.630545401509,-26.8193527053667,-28.4498981068757
-0.811611205814319,-27.9322732600364,-1.11238085114406,-26.8198924088923,-27.9322732600364
-0.281168570139963,-27.401830624362,-0.582386920397691,-26.8194437039643,-27.401830624362
-0.110532360360841,-27.2311944145829,-2.08831611155976,-25.1428783030231,-27.2311944145829
