Total_energy,Adsorption_energy,Rigid_adsorption_energy,Deformation_energy,dEad/dNi
-1.8060611790846,-28.9267232333066,-2.10714031363567,-26.819582919671,-28.9267232333066
-1.32894759208273,-28.4496096463048,-1.63033192025724,-26.8192777260475,-28.4496096463048
-0.810082381346793,-27.9307444355688,-1.11294951165588,-26.8177949239129,-27.9307444355688
-0.257121218832942,-27.377783273055,-0.558765091949739,-26.8190181811052,-27.377783273055
0.418735842684598,-26.7019262115374,-1.55955264567324,-25.1423735658642,-26.7019262115374
