Total_energy,Adsorption_energy,Rigid_adsorption_energy,Deformation_energy,dEad/dNi
-1.75712786497835,-28.8777899192004,-2.05879462184843,-26.818995297352,-28.8777899192004
-1.26160622263312,-28.3822682768552,-1.56325019179497,-26.8190180850602,-28.3822682768552
-0.833763578570079,-27.9544256327921,-1.13550797345495,-26.8189176593372,-27.9544256327921
-0.125632741360791,-27.2462947955828,-2.10364994941147,-25.1426448461714,-27.2462947955828
0.654172593972812,-26.4664894602492,-1.32396241380469,-25.1425270464445,-26.4664894602492
