Total_energy,Adsorption_energy,Rigid_adsorption_energy,Deformation_energy,dEad/dNi
-1.82865060227813,-28.9493126565002,-2.13003223816117,-26.819280418339,-28.9493126565002
-1.30856136411954,-28.4292234183416,-1.61011593126864,-26.8191074870729,-28.4292234183416
-0.952008949645099,-28.0726710038671,-1.25276714899525,-26.8199038548719,-28.0726710038671
-0.55550909995671,-27.6761711541787,-0.856940554812307,-26.8192305993664,-27.6761711541787
-0.147882515528754,-27.2685445697508,-2.1261714192526,-25.1423731504982,-27.2685445697508
