Total_energy,Adsorption_energy,Rigid_adsorption_energy,Deformation_energy,dEad/dNi
-1.81164524801349,-28.9323073022355,-2.11281324362359,-26.8194940586119,-28.9323073022355
-1.23771326636887,-28.3583753205909,-1.54129927224612,-26.8170760483448,-28.3583753205909
-0.676451037282916,-27.797113091505,-0.977231882488722,-26.8198812090162,-27.797113091505
0.890225946771364,-26.2304361074507,-1.08808207336918,-25.1423540340815,-26.2304361074507
1.54900594333306,-25.571656110889,-0.429288917665923,-25.142367193223,-25.571656110889
