Total_energy,Adsorption_energy,Rigid_adsorption_energy,Deformation_energy,dEad/dNi
-1.72274995626963,-28.8434120104917,-2.02400995129576,-26.8194020591959,-28.8434120104917
-1.25368340414211,-28.3743454583641,-1.55444828822141,-26.8198971701427,-28.3743454583641
-0.588057601725977,-27.708719655948,-0.88899119193405,-26.819728464014,-27.708719655948
0.42982540297282,-26.6908366512492,-1.5481200043066,-25.1427166469426,-26.6908366512492
1.55610344845179,-25.5645586057702,-0.422208072786634,-25.1423505329836,-25.5645586057702
