Total_energy,Adsorption_energy,Rigid_adsorption_energy,Deformation_energy,dEad/dNi
-1.79602577895525,-28.9166878331773,-2.09687804422667,-26.8198097889506,-28.9166878331773
-1.3646852752215,-28.4853473294435,-1.66543364643265,-26.8199136830109,-28.4853473294435
-0.909743771070175,-28.0304058252922,-1.21113334919348,-26.8192724760987,-28.0304058252922
-0.598789622544372,-27.7194516767664,-0.899546799722295,-26.8199048770441,-27.7194516767664
-0.374180243279405,-27.4948422975014,-0.674964989578166,-26.8198773079233,-27.4948422975014
