Total_energy,Adsorption_energy,Rigid_adsorption_energy,Deformation_energy,dEad/dNi
-1.7977701451629,-28.9184321993849,-2.0985848005639,-26.819847398821,-28.9184321993849
-1.29172227675102,-28.412384330973,-1.59455033928451,-26.8178339916885,-28.412384330973
-0.73744269596057,-27.8581047501826,-1.03846260670437,-26.8196421434782,-27.8581047501826
0.0204538503664771,-27.1002082038556,-1.95752160516168,-25.1426865986939,-27.1002082038556
1.35422908255585,-25.7664329716662,-0.624072908144947,-25.1423600635212,-25.7664329716662
