Total_energy,Adsorption_energy,Rigid_adsorption_energy,Deformation_energy,dEad/dNi
-1.78582376729145,-28.9064858215135,-2.08668928841794,-26.8197965330955,-28.9064858215135
-1.34063871726452,-28.4613007714866,-1.64151752125019,-26.8197832502364,-28.4613007714866
-0.894614748384209,-28.0152768026062,-1.19631574854148,-26.8189610540648,-28.0152768026062
-0.470531079155801,-27.5911931333778,-0.771315747314982,-26.8198773860629,-27.5911931333778
1.25664143297729,-25.8640206212447,-0.721650447572415,-25.1423701736723,-25.8640206212447
