Total_energy,Adsorption_energy,Rigid_adsorption_energy,Deformation_energy,dEad/dNi
-1.79126917574639,-28.9119312299684,-2.0922329137685,-26.8196983161999,-28.9119312299684
-1.37862336772185,-28.4992854219439,-1.68193915497148,-26.8173462669724,-28.4992854219439
-0.751244105571991,-27.871906159794,-1.05203210848822,-26.8198740513058,-27.871906159794
-0.530827315493192,-27.6514893697152,-0.831562962302289,-26.8199264074129,-27.6514893697152
0.234382945047734,-26.8862791091743,-1.74369727599608,-25.1425818331782,-26.8862791091743
