Total_energy,Adsorption_energy,Rigid_adsorption_energy,Deformation_energy,dEad/dNi
-1.80762731481256,-28.9282893690346,-2.10851696700426,-26.8197724020303,-28.9282893690346
-1.32239538259253,-28.4430574368146,-1.62438695349225,-26.8186704833223,-28.4430574368146
-0.871433998596474,-27.9920960528185,-1.17372138928608,-26.8183746635324,-27.9920960528185
-0.649516780448708,-27.7701788346707,-0.950518084082942,-26.8196607505878,-27.7701788346707
0.702818351062143,-26.4178437031599,-1.27550360210473,-25.1423401010552,-26.4178437031599
