Total_energy,Adsorption_energy,Rigid_adsorption_energy,Deformation_energy,dEad/dNi
-1.82507116423262,-28.9457332184547,-2.12586591442101,-26.8198673040336,-28.9457332184547
-1.34589878739271,-28.4665608416147,-1.64684534457358,-26.8197154970412,-28.4665608416147
-0.789495451726854,-27.9101575059489,-1.09045688715778,-26.8197006187911,-27.9101575059489
-0.0923791565181691,-27.2130412107402,-2.07051251284622,-25.142528697894,-27.2130412107402
1.27581164370052,-25.8448504105215,-0.70244266572546,-25.142407744796,-25.8448504105215
