Total_energy,Adsorption_energy,Rigid_adsorption_energy,Deformation_energy,dEad/dNi
-1.80206662087728,-28.9227286750993,-2.10284437393121,-26.8198843011681,-28.9227286750993
-1.29501685480986,-28.4156789090319,-1.59604849994253,-26.8196304090894,-28.4156789090319
-0.805565008933913,-27.9262270631559,-1.10633154001314,-26.8198955231428,-27.9262270631559
-0.304968842335537,-27.4256308965576,-0.605715772163367,-26.8199151243942,-27.4256308965576
0.63690887598079,-26.4837531782412,-1.34124583889453,-25.1425073393467,-26.4837531782412
