Total_energy,Adsorption_energy,Rigid_adsorption_energy,Deformation_energy,dEad/dNi
-1.79026927189636,-28.9109313261184,-2.09107772639383,-26.8198535997246,-28.9109313261184
-1.09068269716806,-28.2113447513901,-1.3919524773933,-26.8193922739968,-28.2113447513901
-0.439573866477609,-27.5602359206996,-0.740676775892139,-26.8195591448075,-27.5602359206996
-0.0258046248382416,-27.1464666790603,-0.327082043344493,-26.8193846357158,-27.1464666790603
1.56595047384612,-25.5547115803759,-0.412353190245017,-25.1423583901309,-25.5547115803759
