Total_energy,Adsorption_energy,Rigid_adsorption_energy,Deformation_energy,dEad/dNi
-1.79112396810302,-28.9117860223251,-2.09198823207597,-26.8197977902491,-28.9117860223251
-1.35865029230346,-28.4793123465255,-1.65963127053653,-26.819681075989,-28.4793123465255
-0.806779788626936,-27.927441842849,-1.10769055457679,-26.8197512882722,-27.927441842849
-0.0991186650521689,-27.2197807192742,-2.07729932520152,-25.1424813940727,-27.2197807192742
1.52329278786331,-25.5973692663587,-0.455007828078392,-25.1423614382803,-25.5973692663587
