Total_energy,Adsorption_energy,Rigid_adsorption_energy,Deformation_energy,dEad/dNi
-1.81779975975664,-28.9384618139787,-2.11896160457349,-26.8195002094052,-28.9384618139787
-1.32823247965606,-28.4488945338781,-1.62937327887123,-26.8195212550069,-28.4488945338781
-0.854901435709307,-27.9755634899313,-1.15567564468197,-26.8198878452494,-27.9755634899313
-0.1274332641972,-27.2480953184192,-2.10554523138484,-25.1425500870344,-27.2480953184192
0.760300556219031,-26.360361498003,-1.2177013160934,-25.1426601819096,-26.360361498003
