Total_energy,Adsorption_energy,Rigid_adsorption_energy,Deformation_energy,dEad/dNi
-1.78289244165122,-28.9035544958733,-2.08437098577773,-26.8191835100955,-28.9035544958733
-1.33493469516153,-28.4555967493836,-1.63696577032487,-26.8186309790587,-28.4555967493836
-0.860084790111301,-27.9807468443333,-1.16225821012045,-26.8184886342129,-27.9807468443333
0.0519833129951139,-27.0686787412269,-1.92609911728924,-25.1425796239377,-27.0686787412269
1.20694642258426,-25.9137156316378,-0.771353992062572,-25.1423616395752,-25.9137156316378
