Total_energy,Adsorption_energy,Rigid_adsorption_energy,Deformation_energy,dEad/dNi
-1.73911594772223,-28.8597780019443,-2.04002797645451,-26.8197500254898,-28.8597780019443
-1.32052031269099,-28.441182366913,-1.62175380047541,-26.8194285664376,-28.441182366913
-0.67351629850749,-27.7941783527295,-0.974345348461803,-26.8198330042677,-27.7941783527295
-0.106943238150224,-27.2276052923723,-2.08517673331417,-25.1424285590581,-27.2276052923723
0.362644413643272,-26.7580176405788,-1.61522982187403,-25.1427878187047,-26.7580176405788
