Total_energy,Adsorption_energy,Rigid_adsorption_energy,Deformation_energy,dEad/dNi
-1.80495099082286,-28.9256130450449,-2.10583600682366,-26.8197770382212,-28.9256130450449
-1.37097521127372,-28.4916372654958,-1.67178063057725,-26.8198566349185,-28.4916372654958
-0.786150210775183,-27.9068122649972,-1.08709806442639,-26.8197142005708,-27.9068122649972
-0.105682318660477,-27.2263443728825,-2.08399197835495,-25.1423523945276,-27.2263443728825
0.983174413486495,-26.1374876407355,-0.995103198522051,-25.1423844422135,-26.1374876407355
