Total_energy,Adsorption_energy,Rigid_adsorption_energy,Deformation_energy,dEad/dNi
-1.81663942382483,-28.9373014780469,-2.11739939881263,-26.8199020792342,-28.9373014780469
-1.39635577533916,-28.5170178295612,-1.6979857895028,-26.8190320400584,-28.5170178295612
-0.617201538091473,-27.7378635923135,-0.917940994893531,-26.81992259742,-27.7378635923135
-0.0938581572994266,-27.2145202115215,-2.072005223214,-25.1425149883075,-27.2145202115215
0.859812990170141,-26.2608490640519,-1.11845012103106,-25.1423989430208,-26.2608490640519
