Total_energy,Adsorption_energy,Rigid_adsorption_energy,Deformation_energy,dEad/dNi
-1.77043110857582,-28.8910931627979,-2.07153260180496,-26.8195605609929,-28.8910931627979
-1.29591978237557,-28.4165818365976,-1.59690657567591,-26.8196752609217,-28.4165818365976
-0.812589393228079,-27.9332514474501,-1.1136093136706,-26.8196421337795,-27.9332514474501
-0.253503090767056,-27.3741651449891,-0.554267423544454,-26.8198977214446,-27.3741651449891
1.5519366245615,-25.5687254296605,-0.426347417266444,-25.1423780123941,-25.5687254296605
