Total_energy,Adsorption_energy,Rigid_adsorption_energy,Deformation_energy,dEad/dNi
-1.81023159525247,-28.9308936494745,-2.11102694456374,-26.8198667049108,-28.9308936494745
-1.32641631824972,-28.4470783724718,-1.62745762012551,-26.8196207523462,-28.4470783724718
-0.666818775465998,-27.787480829688,-0.967874000524853,-26.8196068291632,-27.787480829688
0.435973275785382,-26.6846887784367,-1.54218818169598,-25.1425005967407,-26.6846887784367
1.29198415167438,-25.8286779025477,-0.686291303687207,-25.1423865988605,-25.8286779025477
