Total_energy,Adsorption_energy,Rigid_adsorption_energy,Deformation_energy,dEad/dNi
-1.79237702382935,-28.9130390780514,-2.09369639633585,-26.8193426817155,-28.9130390780514
-1.31860317814159,-28.4392652323636,-1.61976813203888,-26.8194971003247,-28.4392652323636
-0.61143839774378,-27.7321004519658,-0.912281600605209,-26.8198188513606,-27.7321004519658
-0.0258917431985797,-27.1465537974206,-2.00387733367254,-25.1426764637481,-27.1465537974206
1.40935968638799,-25.711302367834,-0.568946189935157,-25.1423561778989,-25.711302367834
