Total_energy,Adsorption_energy,Rigid_adsorption_energy,Deformation_energy,dEad/dNi
-1.81758226958657,-28.9382443238086,-2.1183900314222,-26.8198542923864,-28.9382443238086
-1.25840622778898,-28.379068282011,-1.56089543166274,-26.8181728503483,-28.379068282011
-0.817036475451162,-27.9376985296732,-1.11780465438638,-26.8198938752868,-27.9376985296732
-0.100533464183589,-27.2211955184056,-2.07883887595398,-25.1423566424516,-27.2211955184056
0.954744810323511,-26.1659172438985,-1.02354567098984,-25.1423715729087,-26.1659172438985
