Total_energy,Adsorption_energy,Rigid_adsorption_energy,Deformation_energy,dEad/dNi
-1.77314728562823,-28.8938093398503,-2.07396723626613,-26.8198421035841,-28.8938093398503
-1.25448216162845,-28.3751442158505,-1.55532428258279,-26.8198199332677,-28.3751442158505
-0.646831171204067,-27.7674932254261,-0.947710807543481,-26.8197824178826,-27.7674932254261
-0.139902143169304,-27.2605641973913,-2.1182881386978,-25.1422760586935,-27.2605641973913
0.691752826881726,-26.4289092273403,-1.28246700950066,-25.1464422178396,-26.4289092273403
