Total_energy,Adsorption_energy,Rigid_adsorption_energy,Deformation_energy,dEad/dNi
-1.82738406934899,-28.948046123571,-2.12844289607237,-26.8196032274987,-28.948046123571
-1.20471916710474,-28.3253812213268,-1.50600936207807,-26.8193718592487,-28.3253812213268
-0.750505327058512,-27.8711673812805,-1.05125375660511,-26.8199136246754,-27.8711673812805
-0.11010884738232,-27.2307709016044,-2.08827453218649,-25.1424963694179,-27.2307709016044
1.2590978275721,-25.8615642266499,-0.719158672892747,-25.1424055537572,-25.8615642266499
