Total_energy,Adsorption_energy,Rigid_adsorption_energy,Deformation_energy,dEad/dNi
-1.77582143224666,-28.8964834864687,-2.07660620178052,-26.8198772846882,-28.8964834864687
-1.30226167524463,-28.4229237294667,-1.60327502803299,-26.8196487014337,-28.4229237294667
-0.431585951050062,-27.5522480052721,-0.732805419030917,-26.8194425862412,-27.5522480052721
0.454256085918825,-26.6664059683032,-1.52403747941098,-25.1423684888922,-26.6664059683032
1.65415066379635,-25.4665113904257,-0.324066800421832,-25.1424445900039,-25.4665113904257
