Total_energy,Adsorption_energy,Rigid_adsorption_energy,Deformation_energy,dEad/dNi
-1.81534499320665,-28.9360070474287,-2.11617558817046,-26.8198314592582,-28.9360070474287
-1.1946851273423,-28.3153471815643,-1.49544973226725,-26.8198974492971,-28.3153471815643
-0.748476174321168,-27.8691382285432,-1.0499775320645,-26.8191606964787,-27.8691382285432
0.0455972938223144,-27.0750647603997,-1.93264202370311,-25.1424227366966,-27.0750647603997
1.08059337245632,-26.0400686817657,-0.897678498721371,-25.1423901830443,-26.0400686817657
