Total_energy,Adsorption_energy,Rigid_adsorption_energy,Deformation_energy,dEad/dNi
-1.82009812497033,-28.9407601791924,-2.12096313078347,-26.8197970484089,-28.9407601791924
-1.21817638403775,-28.3388384382598,-1.52020180944225,-26.8186366288175,-28.3388384382598
-0.668630567953707,-27.7892926221757,-0.96938490904491,-26.8199077131308,-27.7892926221757
-0.0152598166731504,-27.1359218708952,-0.316007388881018,-26.8199144820142,-27.1359218708952
0.453383594703322,-26.6672784595187,-1.52476070118366,-25.142517758335,-26.6672784595187
