Total_energy,Adsorption_energy,Rigid_adsorption_energy,Deformation_energy,dEad/dNi
-1.8284225137173,-28.9490845679393,-2.12948151278789,-26.8196030551514,-28.9490845679393
-1.38016415263941,-28.5008262068614,-1.68236038167309,-26.8184658251884,-28.5008262068614
-0.426599487583961,-27.547261541806,-0.727386748420909,-26.8198747933851,-27.547261541806
1.0222533104209,-26.0984087438011,-0.956113430311423,-25.1422953134897,-26.0984087438011
1.56162122857441,-25.5590408256476,-0.416678620048708,-25.1423622055989,-25.5590408256476
