Total_energy,Adsorption_energy,Rigid_adsorption_energy,Deformation_energy,dEad/dNi
-1.78820229027039,-28.9088643444924,-2.08913677639508,-26.8197275680973,-28.9088643444924
-1.23558587370843,-28.3562479279305,-1.5366181336432,-26.8196297942873,-28.3562479279305
-0.746278716533526,-27.8669407707556,-1.04744978741856,-26.819490983337,-27.8669407707556
-0.556322051648783,-27.6769841058708,-0.857416689787239,-26.8195674160836,-27.6769841058708
0.667314161316117,-26.4533478929059,-1.31087632530693,-25.142471567599,-26.4533478929059
