Total_energy,Adsorption_energy,Rigid_adsorption_energy,Deformation_energy,dEad/dNi
-1.79152858728807,-28.9121906415101,-2.09233945635048,-26.8198511851596,-28.9121906415101
-1.23287861273653,-28.3535406669586,-1.53726067554473,-26.8162799914138,-28.3535406669586
-0.614334755484285,-27.7349968097063,-0.915105767765476,-26.8198910419408,-27.7349968097063
1.08485547252104,-26.035806581701,-0.893316866188907,-25.1424897155121,-26.035806581701
