Total_energy,Adsorption_energy,Rigid_adsorption_energy,Deformation_energy,dEad/dNi
-1.79740388908375,-28.9180659433058,-2.09830361896542,-26.8197623243404,-28.9180659433058
-1.2284136180753,-28.3490756722973,-1.53099996416295,-26.8180757081344,-28.3490756722973
-0.576180165183934,-27.696842219406,-0.876929299033377,-26.8199129203726,-27.696842219406
-0.0447029134991215,-27.1653649677212,-2.02288791358795,-25.1424770541332,-27.1653649677212
1.18229785006372,-25.9383642041583,-0.795940290930024,-25.1424239132283,-25.9383642041583
