Total_energy,Adsorption_energy,Rigid_adsorption_energy,Deformation_energy,dEad/dNi
-1.68262299075602,-1.90874661908354,-1.68266219623887,-0.226084422844668,-1.90874661908354
-1.14452764963959,-1.37065127796711,-1.14453537079669,-0.226115907170418,-1.37065127796711
-0.510271231303328,-0.736394859630847,-0.510308237402541,-0.226086622228306,-0.736394859630847
