Total_energy,Adsorption_energy,Rigid_adsorption_energy,Deformation_energy,dEad/dNi
-1.67589777245654,-1.90202140078406,-1.67594395034912,-0.226077450434938,-1.90202140078406
-1.23218198251907,-1.45830561084659,-1.23222282295657,-0.22608278789002,-1.45830561084659
-0.67481616170384,-0.90093979003136,-0.67549923977977,-0.225440550251589,-0.90093979003136
