Total_energy,Adsorption_energy,Rigid_adsorption_energy,Deformation_energy,dEad/dNi
-1.68813273489489,-1.91425636322241,-1.68817773723086,-0.226078625991543,-1.91425636322241
-1.16647551759705,-1.39259914592457,-1.16653407792349,-0.226065068001081,-1.39259914592457
-0.626386699083211,-0.85251032741073,-0.626403524919597,-0.226106802491133,-0.85251032741073
