Total_energy,Adsorption_energy,Rigid_adsorption_energy,Deformation_energy,dEad/dNi
-1.69738400041874,-1.92350762874626,-1.69742140324953,-0.226086225496733,-1.92350762874626
-1.27862020222796,-1.50474383055548,-1.27863581358032,-0.226108016975155,-1.50474383055548
-0.914266647523818,-1.14039027585134,-0.91427466702768,-0.226115608823657,-1.14039027585134
-0.273060186006215,-0.499183814333734,-0.273080567532469,-0.226103246801265,-0.499183814333734
