Total_energy,Adsorption_energy,Rigid_adsorption_energy,Deformation_energy,dEad/dNi
-1.69804045801591,-1.92416408634343,-1.69807821345693,-0.226085872886497,-1.92416408634343
-1.21343539452458,-1.4395590228521,-1.21347230975928,-0.226086713092824,-1.4395590228521
-0.701998238614409,-0.928121866941928,-0.702084988949404,-0.226036877992524,-0.928121866941928
