Total_energy,Adsorption_energy,Rigid_adsorption_energy,Deformation_energy,dEad/dNi
-1.67429377515593,-1.90041740348345,-1.6742957995697,-0.226121603913755,-1.90041740348345
-1.23195861554929,-1.45808224387681,-1.23197260397262,-0.226109639904188,-1.45808224387681
-0.597014621452085,-0.823138249779604,-0.597062769329918,-0.226075480449686,-0.823138249779604
