File_name,Total_energy,Adsorption_energy,Rigid_adsorption_energy,Deformation_energy,dEad/dNi
op_00 (3 1 1).std.csv,-1.2134,-1.4396,-1.2135,-0.22609,-1.4396
op_02 (3 1 1).std.csv,-1.2786,-1.5047,-1.2786,-0.22611,-1.5047
op_05 (3 1 1).std.csv,-1.1665,-1.3926,-1.1665,-0.22607,-1.3926
op_06 (3 1 1).std.csv,-1.1445,-1.3707,-1.1445,-0.22612,-1.3707
op_09 (3 1 1).std.csv,-1.2322,-1.4583,-1.2322,-0.22608,-1.4583
op_10 (3 1 1).std.csv,-1.232,-1.4581,-1.232,-0.22611,-1.4581
