Total_energy,Adsorption_energy,Rigid_adsorption_energy,Deformation_energy,dEad/dNi
-1.37966113912785,-7.97947875101174,-1.37966166664449,-6.59981708436725,-7.97947875101174
-0.920715053044537,-7.52053266492843,-0.920716859877704,-6.59981580505073,-7.52053266492843
-0.406839027796494,-7.00665663968039,-0.406842038932452,-6.59981460074794,-7.00665663968039
