Total_energy,Adsorption_energy,Rigid_adsorption_energy,Deformation_energy,dEad/dNi
-1.37599634291009,-7.97581395479399,-1.37600244269236,-6.59981151210163,-7.97581395479399
-0.956727899798155,-7.55654551168205,-0.956728488673484,-6.59981702300857,-7.55654551168205
-0.280513761061644,-6.88033137294554,-0.280521235879519,-6.59981013706602,-6.88033137294554
