Total_energy,Adsorption_energy,Rigid_adsorption_energy,Deformation_energy,dEad/dNi
-1.3919291665949,-7.99174677847879,-1.39192919709307,-6.59981758138573,-7.99174677847879
-0.903431724859412,-7.50324933674331,-0.903432788750087,-6.59981654799322,-7.50324933674331
-0.405853071227797,-7.00567068311169,-0.405858269958756,-6.59981241315294,-7.00567068311169
