Total_energy,Adsorption_energy,Rigid_adsorption_energy,Deformation_energy,dEad/dNi
-1.37817443586564,-7.97799204774954,-1.37819082722037,-6.59980122052917,-7.97799204774954
-0.90753730092184,-7.50735491280574,-0.907539979863642,-6.59981493294209,-7.50735491280574
-0.32886129490646,-6.92867890679036,-0.328863088225949,-6.59981581856441,-6.92867890679036
