Total_energy,Adsorption_energy,Rigid_adsorption_energy,Deformation_energy,dEad/dNi
-1.37692323253425,-7.97674084441815,-1.37692335995427,-6.59981748446388,-7.97674084441815
-0.948774617239951,-7.54859222912385,-0.948779525924006,-6.59981270319984,-7.54859222912385
-0.466043945154114,-7.06586155703801,-0.466043972159592,-6.59981758487842,-7.06586155703801
