Total_energy,Adsorption_energy,Rigid_adsorption_energy,Deformation_energy,dEad/dNi
-1.37231783623489,-7.97213544811879,-1.37231784104411,-6.59981760707468,-7.97213544811879
-0.918269503894131,-7.51808711577803,-0.918270619640311,-6.59981649613771,-7.51808711577803
-0.587143953683831,-7.18696156556773,-0.587151049887078,-6.59981051568065,-7.18696156556773
