Total_energy,Adsorption_energy,Rigid_adsorption_energy,Deformation_energy,dEad/dNi
-1.3728921164205,-7.97270972830439,-1.37289760616492,-6.59981212213948,-7.97270972830439
-0.739436654079972,-7.33925426596387,-0.739437178582553,-6.59981708738131,-7.33925426596387
