Total_energy,Adsorption_energy,Rigid_adsorption_energy,Deformation_energy,dEad/dNi
-1.37554997800927,-7.97536758989317,-1.37555921491746,-6.59980837497571,-7.97536758989317
-0.905238400341157,-7.50505601222505,-0.905242341492267,-6.59981367073279,-7.50505601222505
-0.574932906191233,-7.17475051807513,-0.574938620796283,-6.59981189727885,-7.17475051807513
