Total_energy,Adsorption_energy,Rigid_adsorption_energy,Deformation_energy,dEad/dNi
-1.38205572490017,-7.98187333678406,-1.38205586305629,-6.59981747372777,-7.98187333678406
-0.936679812085456,-7.53649742396935,-0.93668395334146,-6.59981347062789,-7.53649742396935
-0.547606672042517,-7.14742428392641,-0.54760775846992,-6.59981652545649,-7.14742428392641
