Total_energy,Adsorption_energy,Rigid_adsorption_energy,Deformation_energy,dEad/dNi
-1.37757802582072,-7.97739563770461,-1.37757803035274,-6.59981760735187,-7.97739563770461
-0.914948335297999,-7.51476594718189,-0.914949045623909,-6.59981690155799,-7.51476594718189
-0.399831023049845,-6.99964863493374,-0.399835913557444,-6.5998127213763,-6.99964863493374
