Total_energy,Adsorption_energy,Rigid_adsorption_energy,Deformation_energy,dEad/dNi
-1.36843413421157,-7.96825174609547,-1.36843668755567,-6.5998150585398,-7.96825174609547
-0.891402588741932,-7.49122020062583,-0.891403285761544,-6.59981691486428,-7.49122020062583
-0.345159723249941,-6.94497733513384,-0.345160434522341,-6.5998169006115,-6.94497733513384
