Total_energy,Adsorption_energy,Rigid_adsorption_energy,Deformation_energy,dEad/dNi
-1.3915705764854,-7.99138818836929,-1.39157646921325,-6.59981171915604,-7.99138818836929
-0.861772438676866,-7.46159005056076,-0.861772483039555,-6.59981756752121,-7.46159005056076
-0.277883839760126,-6.87770145164402,-0.277887161204941,-6.59981429043908,-6.87770145164402
