Total_energy,Adsorption_energy,Rigid_adsorption_energy,Deformation_energy,dEad/dNi
-1.37578729771184,-7.97560490959573,-1.37579974156627,-6.59980516802947,-7.97560490959573
-0.942117358160611,-7.54193497004451,-0.9421179275893,-6.59981704245521,-7.54193497004451
-0.461967580343183,-7.06178519222708,-0.461971048958363,-6.59981414326872,-7.06178519222708
