Total_energy,Adsorption_energy,Rigid_adsorption_energy,Deformation_energy,dEad/dNi
-1.37376144746627,-7.97357905935016,-1.37376173924999,-6.59981732010017,-7.97357905935016
-0.939764816127996,-7.53958242801189,-0.939767776163166,-6.59981465184873,-7.53958242801189
-0.248325874925639,-6.84814348680953,-0.248330780391492,-6.59981270641804,-6.84814348680953
