Total_energy,Adsorption_energy,Rigid_adsorption_energy,Deformation_energy,dEad/dNi
-1.37643194080191,-7.97624955268581,-1.37643215714242,-6.59981739554339,-7.97624955268581
-0.926275582578293,-7.52609319446219,-0.926275616173301,-6.59981757828889,-7.52609319446219
-0.34383319647468,-6.94365080835858,-0.343837073917568,-6.59981373444101,-6.94365080835858
