Total_energy,Adsorption_energy,Rigid_adsorption_energy,Deformation_energy,dEad/dNi
-1.3712819149433,-7.9710995268272,-1.37128210843535,-6.59981741839185,-7.9710995268272
-0.899544607298636,-7.49936221918253,-0.899545479153342,-6.59981674002919,-7.49936221918253
-0.264099699791747,-6.86391731167564,-0.264104721777385,-6.59981258989826,-6.86391731167564
