Total_energy,Adsorption_energy,Rigid_adsorption_energy,Deformation_energy,dEad/dNi
-1.37700484488501,-7.9768224567689,-1.37700493937926,-6.59981751738964,-7.9768224567689
-0.928868288874511,-7.52868590075841,-0.928875078139518,-6.59981082261889,-7.52868590075841
-0.386271052466653,-6.98608866435055,-0.38627693285818,-6.59981173149237,-6.98608866435055
