Total_energy,Adsorption_energy,Rigid_adsorption_energy,Deformation_energy,dEad/dNi
-1.68782422230862,-1.91394785063614,-1.68784677940278,-0.226101071233368,-1.91394785063614
-0.932053548182737,-1.15817717651026,-0.932065873147082,-0.226111303363174,-1.15817717651026
-0.481807420103207,-0.707931048430726,-0.48183460612037,-0.226096442310355,-0.707931048430726
-0.163528612997723,-0.389652241325242,-0.163580538053781,-0.226071703271462,-0.389652241325242
