Total_energy,Adsorption_energy,Rigid_adsorption_energy,Deformation_energy,dEad/dNi
-1.6750272284372,-1.90115085676472,-1.67511427797163,-0.226036578793087,-1.90115085676472
-1.15987811293995,-1.38600174126747,-1.15988052622284,-0.226121215044628,-1.38600174126747
-0.745148256500415,-0.971271884827934,-0.745151507055922,-0.226120377772012,-0.971271884827934
-0.246458008005088,-0.472581636332607,-0.246493272476545,-0.226088363856062,-0.472581636332607
