Total_energy,Adsorption_energy,Rigid_adsorption_energy,Deformation_energy,dEad/dNi
-1.7014741806857,-1.92759780901322,-1.70150322130067,-0.226094587712542,-1.92759780901322
-1.27921097662648,-1.50533460495399,-1.27935759898393,-0.225977005970062,-1.50533460495399
-0.817578939874827,-1.04370256820235,-0.81758446547122,-0.226118102731126,-1.04370256820235
-0.259647107329926,-0.485770735657445,-0.25967680769651,-0.226093927960935,-0.485770735657445
