Total_energy,Adsorption_energy,Rigid_adsorption_energy,Deformation_energy,dEad/dNi
-1.67947497057834,-1.90559859890586,-1.67949778214518,-0.22610081676068,-1.90559859890586
-1.26126949289984,-1.48739312122736,-1.26128313361991,-0.226109987607447,-1.48739312122736
-0.619491445636828,-0.845615073964348,-0.619504504209887,-0.226110569754461,-0.845615073964348
