Total_energy,Adsorption_energy,Rigid_adsorption_energy,Deformation_energy,dEad/dNi
-1.67659021594229,-1.90271384426981,-1.67660641928377,-0.226107424986033,-1.90271384426981
-1.20742885709366,-1.43355248542118,-1.2074582560066,-0.226094229414587,-1.43355248542118
-0.710681700413401,-0.93680532874092,-0.710722730138468,-0.226082598602452,-0.93680532874092
-0.196264210350651,-0.42238783867817,-0.19628566776804,-0.22610217091013,-0.42238783867817
