Total_energy,Adsorption_energy,Rigid_adsorption_energy,Deformation_energy,dEad/dNi
-1.68865741345039,-1.9147810417779,-1.68866782271353,-0.226113219064373,-1.9147810417779
-1.25675124465384,-1.48287487298136,-1.25675597161792,-0.226118901363433,-1.48287487298136
-0.719169889707002,-0.945293518034521,-0.719174651558698,-0.226118866475822,-0.945293518034521
