Total_energy,Adsorption_energy,Rigid_adsorption_energy,Deformation_energy,dEad/dNi
-1.68598821550072,-1.91211184382824,-1.68599157718395,-0.226120266644293,-1.91211184382824
-1.27208589886134,-1.49820952718885,-1.27210426639069,-0.22610526079816,-1.49820952718885
-0.668333588301525,-0.894457216629044,-0.668486866841988,-0.225970349787055,-0.894457216629044
-0.285781327331569,-0.511904955659088,-0.285807356787718,-0.22609759887137,-0.511904955659088
