Total_energy,Adsorption_energy,Rigid_adsorption_energy,Deformation_energy,dEad/dNi
-1.6705577501878,-1.89668137851532,-1.6705632683452,-0.226118110170124,-1.89668137851532
-1.08082730511328,-1.3069509334408,-1.08084974979168,-0.226101183649113,-1.3069509334408
-0.687170355287982,-0.913293983615501,-0.687181914719285,-0.226112068896216,-0.913293983615501
