Total_energy,Adsorption_energy,Rigid_adsorption_energy,Deformation_energy,dEad/dNi
-1.68218809180325,-1.90831172013077,-1.68223191018112,-0.226079809949651,-1.90831172013077
-1.08247752209709,-1.30860115042461,-1.0825204860151,-0.226080664409515,-1.30860115042461
-0.615111533662372,-0.841235161989891,-0.615128279093194,-0.226106882896697,-0.841235161989891
