Total_energy,Adsorption_energy,Rigid_adsorption_energy,Deformation_energy,dEad/dNi
-1.6950216936911,-1.92114532201862,-1.69505238053502,-0.226092941483606,-1.92114532201862
-1.26822545922654,-1.49434908755406,-1.26825284344267,-0.226096244111392,-1.49434908755406
-0.826084087068505,-1.05220771539602,-0.826142087280045,-0.22606562811598,-1.05220771539602
