Total_energy,Adsorption_energy,Rigid_adsorption_energy,Deformation_energy,dEad/dNi
-1.69507178447343,-1.92119541280095,-1.69510466781172,-0.226090744989226,-1.92119541280095
-1.15803916335401,-1.38416279168153,-1.15812227477345,-0.226040516908082,-1.38416279168153
-0.714796252270914,-0.940919880598433,-0.714935079727256,-0.225984800871177,-0.940919880598433
