Total_energy,Adsorption_energy,Rigid_adsorption_energy,Deformation_energy,dEad/dNi
-1.68302057400341,-1.90914420233093,-1.68302841828808,-0.226115784042856,-1.90914420233093
-1.12659551072362,-1.35271913905114,-1.12661821689785,-0.226100922153283,-1.35271913905114
-0.64481426902613,-0.870937897353649,-0.64487301927987,-0.226064878073779,-0.870937897353649
