Total_energy,Adsorption_energy,Rigid_adsorption_energy,Deformation_energy,dEad/dNi
-1.68584795835387,-1.91197158668139,-1.68589117257968,-0.22608041410171,-1.91197158668139
-1.15431355669967,-1.38043718502719,-1.15432285818904,-0.226114326838157,-1.38043718502719
-0.701217103731351,-0.92734073205887,-0.701254688329453,-0.226086043729417,-0.92734073205887
-0.252465432620849,-0.478589060948368,-0.252474171523292,-0.226114889425076,-0.478589060948368
