Total_energy,Adsorption_energy,Rigid_adsorption_energy,Deformation_energy,dEad/dNi
-1.68703806380023,-1.91316169212774,-1.68704342891649,-0.226118263211251,-1.91316169212774
-1.09218040672466,-1.31830403505218,-1.09218517677591,-0.226118858276272,-1.31830403505218
-0.541877367822513,-0.768000996150032,-0.541880885114011,-0.226120111036022,-0.768000996150032
