Total_energy,Adsorption_energy,Rigid_adsorption_energy,Deformation_energy,dEad/dNi
-1.69012525074434,-1.91624887907186,-1.69012657305119,-0.22612230602067,-1.91624887907186
-1.2430367954781,-1.46916042380562,-1.24303926057489,-0.226121163230735,-1.46916042380562
-0.760901704936925,-0.987025333264444,-0.760930917709796,-0.226094415554648,-0.987025333264444
