Total_energy,Adsorption_energy,Rigid_adsorption_energy,Deformation_energy,dEad/dNi
-1.67686443940036,-1.90298806772788,-1.67686993653004,-0.226118131197836,-1.90298806772788
-1.24351322628336,-1.46963685461088,-1.24351922929965,-0.226117625311232,-1.46963685461088
-0.760888210434017,-0.987011838761536,-0.760914175758102,-0.226097663003433,-0.987011838761536
-0.296519325928576,-0.522642954256095,-0.296531665088687,-0.226111289167409,-0.522642954256095
