Total_energy,Adsorption_energy,Rigid_adsorption_energy,Deformation_energy,dEad/dNi
-1.6904011540409,-1.91652478236842,-1.6904419588947,-0.22608282347372,-1.91652478236842
-1.23012633748027,-1.45624996580779,-1.23016072874276,-0.226089237065029,-1.45624996580779
-0.565733355628124,-0.791856983955643,-0.565798088493538,-0.226058895462105,-0.791856983955643
