Total_energy,Adsorption_energy,Rigid_adsorption_energy,Deformation_energy,dEad/dNi
-1.6925734249059,-1.91869705323342,-1.6925816810528,-0.226115372180614,-1.91869705323342
-1.25580833074744,-1.48193195907496,-1.25582448706618,-0.226107472008781,-1.48193195907496
-0.812482221418142,-1.03860584974566,-0.812529586200731,-0.22607626354493,-1.03860584974566
