Total_energy,Adsorption_energy,Rigid_adsorption_energy,Deformation_energy,dEad/dNi
-1.69544092125838,-1.9215645495859,-1.69545044871594,-0.226114100869951,-1.9215645495859
-1.26226630953682,-1.48838993786434,-1.26227211926988,-0.226117818594459,-1.48838993786434
-0.85188914046866,-1.07801276879618,-0.851896805660024,-0.226115963136155,-1.07801276879618
-0.23773357708937,-0.463857205416889,-0.237780872375116,-0.226076333041773,-0.463857205416889
