Total_energy,Adsorption_energy,Rigid_adsorption_energy,Deformation_energy,dEad/dNi
-1.67649725718614,-1.90262088551366,-1.6765374597958,-0.226083425717853,-1.90262088551366
-1.26149725890276,-1.48762088723028,-1.26152555367647,-0.226095333553815,-1.48762088723028
-0.72728422281796,-0.953407851145479,-0.727290443220969,-0.22611740792451,-0.953407851145479
