Total_energy,Adsorption_energy,Rigid_adsorption_energy,Deformation_energy,dEad/dNi
-1.7004689693034,-1.92659259763092,-1.70050637746195,-0.226086220168975,-1.92659259763092
-1.2653528962932,-1.49147652462072,-1.26536777565947,-0.22610874896125,-1.49147652462072
-0.718730821507631,-0.94485444983515,-0.718731347250358,-0.226123102584792,-0.94485444983515
