Total_energy,Adsorption_energy,Rigid_adsorption_energy,Deformation_energy,dEad/dNi
-1.68292872490862,-1.90905235323614,-1.6829786418698,-0.226073711366343,-1.90905235323614
-1.21869410076734,-1.44481772909486,-1.21870113693425,-0.226116592160608,-1.44481772909486
-0.690627429678404,-0.916751058005923,-0.690631552288236,-0.226119505717687,-0.916751058005923
-0.21101724490598,-0.437140873233499,-0.211039723988185,-0.226101149245314,-0.437140873233499
