Total_energy,Adsorption_energy,Rigid_adsorption_energy,Deformation_energy,dEad/dNi
-1.69745715923897,-1.92358078756649,-1.69747173257406,-0.226109054992425,-1.92358078756649
-1.15708318413951,-1.38320681246702,-1.15710849713548,-0.226098315331549,-1.38320681246702
-0.627556156140783,-0.853679784468302,-0.627569555966138,-0.226110228502165,-0.853679784468302
