Total_energy,Adsorption_energy,Rigid_adsorption_energy,Deformation_energy,dEad/dNi
-1.69016771444248,-1.91629134277,-1.69020459350005,-0.226086749269954,-1.91629134277
-1.26109016596494,-1.48721379429246,-1.2611030901705,-0.226110704121967,-1.48721379429246
-0.792972841363842,-1.01909646969136,-0.7929925751037,-0.226103894587661,-1.01909646969136
-0.229334738065443,-0.455458366392962,-0.229357293297583,-0.226101073095379,-0.455458366392962
