Total_energy,Adsorption_energy,Rigid_adsorption_energy,Deformation_energy,dEad/dNi
-1.70554510078923,-1.93166872911675,-1.70556736957277,-0.226101359543978,-1.93166872911675
-1.18226105440943,-1.40838468273695,-1.18229333811601,-0.22609134462094,-1.40838468273695
-0.637645485105492,-0.863769113433011,-0.637784717664767,-0.225984395768244,-0.863769113433011
-0.234560799253,-0.460684427580519,-0.234586727309922,-0.226097700270597,-0.460684427580519
