Total_energy,Adsorption_energy,Rigid_adsorption_energy,Deformation_energy,dEad/dNi
-1.67983130013052,-1.90595492845804,-1.6798435125345,-0.226111415923548,-1.90595492845804
-1.2728846824347,-1.49900831076221,-1.2728883449044,-0.226119965857811,-1.49900831076221
-0.214286563271178,-0.440410191598697,-0.214307008704063,-0.226103182894634,-0.440410191598697
