Total_energy,Adsorption_energy,Rigid_adsorption_energy,Deformation_energy,dEad/dNi
-1.68581611331642,-1.91193974164394,-1.68582610440976,-0.226113637234185,-1.91193974164394
-1.22455830486518,-1.4506819331927,-1.22462127357785,-0.226060659614843,-1.4506819331927
-0.724319091900061,-0.95044272022758,-0.724552635727884,-0.225890084499696,-0.95044272022758
