Total_energy,Adsorption_energy,Rigid_adsorption_energy,Deformation_energy,dEad/dNi
-1.69508618585633,-1.92120981418384,-1.6951245299339,-0.22608528424994,-1.92120981418384
-1.23887995308557,-1.46500358141308,-1.23892153995693,-0.226082041456151,-1.46500358141308
-0.792665315344526,-1.01878894367204,-0.792696634022984,-0.226092309649061,-1.01878894367204
-0.276645265484898,-0.502768893812417,-0.27665419074698,-0.226114703065437,-0.502768893812417
