Total_energy,Adsorption_energy,Rigid_adsorption_energy,Deformation_energy,dEad/dNi
-1.68088783002432,-1.90701145835183,-1.68090923765536,-0.22610222069648,-1.90701145835183
-1.17713191446768,-1.4032555427952,-1.1771596202707,-0.226095922524505,-1.4032555427952
-0.748940360707652,-0.975063989035172,-0.74894804225879,-0.226115946776382,-0.975063989035172
