Total_energy,Adsorption_energy,Rigid_adsorption_energy,Deformation_energy,dEad/dNi
-1.67970525966823,-1.90582888799575,-1.67970757288356,-0.226121315112185,-1.90582888799575
-1.18836935006886,-1.41449297839638,-1.18839906265775,-0.226093915738624,-1.41449297839638
-0.614229191444471,-0.840352819771991,-0.614417300586989,-0.225935519185001,-0.840352819771991
