Total_energy,Adsorption_energy,Rigid_adsorption_energy,Deformation_energy,dEad/dNi
-1.69479132139291,-1.92091494972043,-1.69481054673035,-0.226104402990078,-1.92091494972043
-1.21829318282916,-1.44441681115667,-1.21832917916843,-0.226087631988243,-1.44441681115667
-0.742481272303691,-0.96860490063121,-0.742482408167418,-0.226122492463792,-0.96860490063121
