Total_energy,Adsorption_energy,Rigid_adsorption_energy,Deformation_energy,dEad/dNi
-1.68179512950164,-1.90791875782916,-1.68181091062412,-0.226107847205036,-1.90791875782916
-1.22558079862492,-1.45170442695244,-1.22560055460145,-0.22610387235099,-1.45170442695244
-0.666941773564961,-0.89306540189248,-0.666953202856445,-0.226112199036035,-0.89306540189248
-0.219089235382153,-0.445212863709672,-0.219108052848211,-0.226104810861462,-0.445212863709672
