Total_energy,Adsorption_energy,Rigid_adsorption_energy,Deformation_energy,dEad/dNi
-1.67582565055917,-1.90194927888669,-1.67585792151895,-0.22609135736774,-1.90194927888669
-1.15808987264493,-1.38421350097245,-1.15811250348639,-0.226100997486062,-1.38421350097245
-0.73009864283798,-0.956222271165499,-0.730148193543751,-0.226074077621747,-0.956222271165499
-0.247999903192038,-0.474123531519557,-0.24801055634368,-0.226112975175877,-0.474123531519557
