Total_energy,Adsorption_energy,Rigid_adsorption_energy,Deformation_energy,dEad/dNi
-1.69876079228866,-1.92488442061618,-1.69878225653404,-0.226102164082141,-1.92488442061618
-1.28053605219619,-1.50665968052371,-1.28056271516676,-0.226096965356956,-1.50665968052371
-0.663766077626762,-0.889889705954281,-0.663812666919514,-0.226077039034767,-0.889889705954281
