Total_energy,Adsorption_energy,Rigid_adsorption_energy,Deformation_energy,dEad/dNi
-1.70651224515449,-1.93263587348201,-1.70654703657928,-0.226088836902737,-1.93263587348201
-1.28763176063925,-1.51375538896677,-1.28763912503115,-0.226116263935627,-1.51375538896677
-0.920350549203746,-1.14647417753126,-0.92036190126198,-0.226112276269285,-1.14647417753126
-0.269265281531293,-0.495388909858812,-0.269269734221282,-0.22611917563753,-0.495388909858812
