Total_energy,Adsorption_energy,Rigid_adsorption_energy,Deformation_energy,dEad/dNi
-1.69471065900566,-1.92083428733318,-1.69471628594952,-0.226118001383659,-1.92083428733318
-1.24930670305406,-1.47543033138158,-1.24933144459542,-0.226098886786165,-1.47543033138158
-0.571860589286124,-0.797984217613644,-0.571871077531419,-0.226113140082225,-0.797984217613644
