Total_energy,Adsorption_energy,Rigid_adsorption_energy,Deformation_energy,dEad/dNi
-1.6830001590172,-1.90912378734471,-1.68300238358807,-0.226121403756642,-1.90912378734471
-1.18623363971776,-1.41235726804528,-1.18623510586426,-0.226122162181018,-1.41235726804528
-0.677426994367959,-0.903550622695478,-0.677433864825663,-0.226116757869815,-0.903550622695478
