Total_energy,Adsorption_energy,Rigid_adsorption_energy,Deformation_energy,dEad/dNi
-1.68183906953414,-1.90796269786166,-1.68186255132677,-0.226100146534897,-1.90796269786166
-1.26177005515392,-1.48789368348144,-1.26179977073973,-0.226093912741712,-1.48789368348144
-0.686034560678748,-0.912158189006268,-0.68604281332165,-0.226115375684618,-0.912158189006268
-0.235131195307938,-0.461254823635457,-0.235137775194546,-0.226117048440911,-0.461254823635457
