Total_energy,Adsorption_energy,Rigid_adsorption_energy,Deformation_energy,dEad/dNi
-1.68911429342651,-1.91523792175402,-1.68911830396384,-0.226119617790184,-1.91523792175402
-1.18349632191131,-1.40961995023883,-1.18354176831621,-0.226078181922616,-1.40961995023883
-0.531437500891826,-0.757561129219346,-0.531482809582202,-0.226078319637143,-0.757561129219346
