Total_energy,Adsorption_energy,Rigid_adsorption_energy,Deformation_energy,dEad/dNi
-1.68094258690153,-1.90706621522905,-1.68100361118432,-0.22606260404473,-1.90706621522905
-1.08577735179919,-1.31190098012671,-1.08578395119284,-0.226117028933866,-1.31190098012671
-0.852305413766111,-1.07842904209363,-0.85232177034814,-0.22610727174549,-1.07842904209363
