Total_energy,Adsorption_energy,Rigid_adsorption_energy,Deformation_energy,dEad/dNi
-1.69082220587574,-1.91694583420326,-1.6908595322601,-0.226086301943164,-1.91694583420326
-1.18545039880554,-1.41157402713306,-1.18545400126454,-0.226120025868515,-1.41157402713306
-0.712707259201877,-0.938830887529396,-0.71272526313837,-0.226105624391026,-0.938830887529396
-0.24272891204118,-0.468852540368699,-0.242743545700861,-0.226108994667839,-0.468852540368699
