Total_energy,Adsorption_energy,Rigid_adsorption_energy,Deformation_energy,dEad/dNi
-1.67802787211121,-1.90415150043873,-1.67807997604558,-0.226071524393152,-1.90415150043873
-1.13368038595771,-1.35980401428523,-1.13370459384511,-0.226099420440126,-1.35980401428523
-0.768034679247855,-0.994158307575374,-0.768070075412362,-0.226088232163012,-0.994158307575374
-0.262961051726001,-0.489084680053521,-0.263015821490673,-0.226068858562847,-0.489084680053521
