Total_energy,Adsorption_energy,Rigid_adsorption_energy,Deformation_energy,dEad/dNi
-1.67640193055187,-1.90252555887939,-1.67640449535961,-0.226121063519774,-1.90252555887939
-1.22991016542537,-1.45603379375289,-1.22992364429213,-0.226110149460763,-1.45603379375289
-0.589607705310525,-0.815731333638044,-0.589628326793119,-0.226103006844925,-0.815731333638044
