Total_energy,Adsorption_energy,Rigid_adsorption_energy,Deformation_energy,dEad/dNi
-1.69044884447616,-1.91657247280368,-1.69045706420385,-0.226115408599831,-1.91657247280368
-1.25639936834042,-1.48252299666794,-1.25640604788142,-0.226116948786527,-1.48252299666794
-0.796277040790609,-1.02240066911813,-0.796308411773265,-0.226092257344863,-1.02240066911813
-0.258109371337512,-0.484232999665031,-0.25811514230405,-0.226117857360981,-0.484232999665031
