Total_energy,Adsorption_energy,Rigid_adsorption_energy,Deformation_energy,dEad/dNi
-1.68826118429894,-1.91438481262646,-1.68829953160315,-0.226085281023311,-1.91438481262646
-1.09074697596441,-1.31687060429193,-1.09078091784247,-0.226089686449452,-1.31687060429193
-0.746648022143911,-0.97277165047143,-0.746663143998118,-0.226108506473312,-0.97277165047143
-0.21859901035635,-0.444722638683869,-0.218616124261535,-0.226106514422335,-0.444722638683869
