Total_energy,Adsorption_energy,Rigid_adsorption_energy,Deformation_energy,dEad/dNi
-1.68573371304482,-1.91185734137234,-1.68575820923465,-0.226099132137691,-1.91185734137234
-1.04960413709889,-1.27572776542641,-1.0496156351581,-0.226112130268304,-1.27572776542641
-0.583661981289684,-0.809785609617203,-0.58366609161753,-0.226119517999673,-0.809785609617203
