Total_energy,Adsorption_energy,Rigid_adsorption_energy,Deformation_energy,dEad/dNi
-1.68288920610396,-1.90901283443148,-1.68290612390294,-0.226106710528537,-1.90901283443148
-1.12034851123044,-1.34647213955796,-1.12035413523106,-0.226118004326895,-1.34647213955796
-0.889953768364118,-1.11607739669164,-0.889968968590865,-0.226108428100772,-1.11607739669164
-0.242293287470035,-0.468416915797554,-0.242364262169565,-0.226052653627989,-0.468416915797554
