Total_energy,Adsorption_energy,Rigid_adsorption_energy,Deformation_energy,dEad/dNi
-1.68793092743811,-1.91405455576563,-1.68795105735901,-0.226103498406626,-1.91405455576563
-1.23719826631164,-1.46332189463916,-1.23723384755593,-0.22608804708323,-1.46332189463916
-0.752749800662302,-0.978873428989821,-0.752781060226713,-0.226092368763108,-0.978873428989821
