Total_energy,Adsorption_energy,Rigid_adsorption_energy,Deformation_energy,dEad/dNi
-1.70321500236083,-1.92933863068835,-1.70323200111941,-0.226106629568936,-1.92933863068835
-1.27892793367965,-1.50505156200717,-1.27896310707191,-0.226088454935258,-1.50505156200717
-0.709509451627041,-0.935633079954561,-0.709527224347232,-0.226105855607329,-0.935633079954561
-0.460989877692667,-0.687113506020186,-0.460994346228936,-0.22611915979125,-0.687113506020186
