Total_energy,Adsorption_energy,Rigid_adsorption_energy,Deformation_energy,dEad/dNi
-1.69028172001138,-1.9164053483389,-1.69028735968246,-0.226117988656446,-1.9164053483389
-1.14098466039935,-1.36710828872687,-1.14098781844442,-0.226120470282447,-1.36710828872687
-0.72587885070002,-0.95200247902754,-0.725898224789117,-0.226104254238423,-0.95200247902754
