Total_energy,Adsorption_energy,Rigid_adsorption_energy,Deformation_energy,dEad/dNi
-1.69405991809284,-1.92018354642036,-1.69407641213663,-0.226107134283726,-1.92018354642036
-1.24176228376159,-1.46788591208911,-1.24186935097416,-0.22601656111495,-1.46788591208911
-0.685209052644779,-0.911332680972298,-0.685266107068505,-0.226066573903793,-0.911332680972298
