Total_energy,Adsorption_energy,Rigid_adsorption_energy,Deformation_energy,dEad/dNi
-1.67898600790452,-1.90510963623204,-1.67899476409627,-0.226114872135773,-1.90510963623204
-1.24956336634883,-1.47568699467635,-1.24956685677114,-0.226120137905206,-1.47568699467635
-0.689456571579364,-0.915580199906883,-0.689482520253972,-0.226097679652911,-0.915580199906883
-0.16120236556158,-0.387325993889099,-0.161216502689005,-0.226109491200094,-0.387325993889099
