Total_energy,Adsorption_energy,Rigid_adsorption_energy,Deformation_energy,dEad/dNi
-1.69526922917541,-1.92139285750292,-1.6952720959307,-0.226120761572227,-1.92139285750292
-1.20567099306261,-1.43179462139013,-1.20567662241813,-0.226117998971997,-1.43179462139013
-0.898455399941928,-1.12457902826945,-0.898484156812971,-0.226094871456476,-1.12457902826945
-0.257687832450941,-0.48381146077846,-0.25769753837176,-0.2261139224067,-0.48381146077846
