Total_energy,Adsorption_energy,Rigid_adsorption_energy,Deformation_energy,dEad/dNi
-1.68634918871979,-1.91247281704731,-1.68639617796474,-0.226076639082572,-1.91247281704731
-1.09049379503584,-1.31661742336336,-1.09062147053897,-0.225995952824389,-1.31661742336336
-0.613640589017624,-0.839764217345144,-0.61368994189334,-0.226074275451803,-0.839764217345144
