Total_energy,Adsorption_energy,Rigid_adsorption_energy,Deformation_energy,dEad/dNi
-1.6880888596034,-1.91421248793092,-1.68809727677718,-0.226115211153747,-1.91421248793092
-1.20742118414734,-1.43354481247486,-1.2074497896473,-0.226095022827562,-1.43354481247486
-0.562938978555308,-0.789062606882827,-0.562960923734229,-0.226101683148598,-0.789062606882827
