Total_energy,Adsorption_energy,Rigid_adsorption_energy,Deformation_energy,dEad/dNi
-1.68168262080791,-1.90780624913543,-1.68170360709143,-0.226102642044008,-1.90780624913543
-1.24211000073821,-1.46823362906573,-1.24213634961826,-0.226097279447468,-1.46823362906573
-0.770421904502733,-0.996545532830252,-0.770425523142219,-0.226120009688033,-0.996545532830252
-0.224104914503143,-0.450228542830662,-0.224111701495804,-0.226116841334859,-0.450228542830662
