Total_energy,Adsorption_energy,Rigid_adsorption_energy,Deformation_energy,dEad/dNi
-1.68205670292336,-1.90818033125088,-1.68206380659618,-0.226116524654697,-1.90818033125088
-1.18773550831566,-1.41385913664318,-1.18777737034704,-0.226081766296137,-1.41385913664318
-0.290119010807569,-0.516242639135088,-0.290132376548131,-0.226110262586957,-0.516242639135088
