Total_energy,Adsorption_energy,Rigid_adsorption_energy,Deformation_energy,dEad/dNi
-1.68732281545673,-1.91344644378425,-1.68732773154857,-0.226118712235682,-1.91344644378425
-1.16331906386435,-1.38944269219187,-1.16333170559957,-0.226110986592301,-1.38944269219187
-0.580584678357149,-0.806708306684668,-0.580593919825417,-0.226114386859251,-0.806708306684668
