Total_energy,Adsorption_energy,Rigid_adsorption_energy,Deformation_energy,dEad/dNi
-1.6859936397227,-1.91211726805022,-1.68602792600078,-0.226089342049445,-1.91211726805022
-1.24472477532005,-1.47084840364757,-1.24475342676137,-0.226094976886204,-1.47084840364757
-0.644602416540673,-0.870726044868192,-0.64460642256758,-0.226119622300612,-0.870726044868192
