Total_energy,Adsorption_energy,Rigid_adsorption_energy,Deformation_energy,dEad/dNi
-1.68170453348867,-1.90782816181619,-1.68173682045575,-0.226091341360437,-1.90782816181619
-1.25939980248812,-1.48552343081564,-1.25940510609032,-0.226118324725322,-1.48552343081564
-0.784421584981639,-1.01054521330916,-0.784427652395223,-0.226117560913936,-1.01054521330916
-0.246933029322977,-0.473056657650496,-0.246943358649896,-0.2261132990006,-0.473056657650496
