Total_energy,Adsorption_energy,Rigid_adsorption_energy,Deformation_energy,dEad/dNi
-1.67983395062722,-1.90595757895474,-1.67986377694449,-0.226093802010245,-1.90595757895474
-1.2351441165535,-1.46126774488102,-1.23514518559333,-0.226122559287695,-1.46126774488102
-0.724778013967337,-0.950901642294856,-0.724796141719856,-0.226105500575,-0.950901642294856
-0.291694967748626,-0.517818596076146,-0.291716521461319,-0.226102074614826,-0.517818596076146
