Total_energy,Adsorption_energy,Rigid_adsorption_energy,Deformation_energy,dEad/dNi
-1.66610319433999,-1.89222682266751,-1.66615494385454,-0.226071878812975,-1.89222682266751
-1.15199317723554,-1.37811680556306,-1.15200289202493,-0.226113913538131,-1.37811680556306
-0.56516736183832,-0.791290990165839,-0.565178535093507,-0.226112455072333,-0.791290990165839
