Total_energy,Adsorption_energy,Rigid_adsorption_energy,Deformation_energy,dEad/dNi
-1.68197261989069,-1.90809624821821,-1.68199764317571,-0.226098605042502,-1.90809624821821
-1.2763546310256,-1.50247825935312,-1.27637981338474,-0.22609844596838,-1.50247825935312
-0.85058018346153,-1.07670381178905,-0.850583157030929,-0.22612065475812,-1.07670381178905
-0.239917855635304,-0.466041483962823,-0.239936272895622,-0.226105211067201,-0.466041483962823
