Total_energy,Adsorption_energy,Rigid_adsorption_energy,Deformation_energy,dEad/dNi
-1.6872864269906,-1.91341005531812,-1.68730795167149,-0.226102103646633,-1.91341005531812
-1.22911167345144,-1.45523530177896,-1.22911498595554,-0.226120315823417,-1.45523530177896
-0.655333942434648,-0.881457570762167,-0.655369438139342,-0.226088132622825,-0.881457570762167
