Total_energy,Adsorption_energy,Rigid_adsorption_energy,Deformation_energy,dEad/dNi
-1.69587826511963,-1.92200189344715,-1.69592524644732,-0.226076646999823,-1.92200189344715
-1.23692574004083,-1.46304936836834,-1.23697422302699,-0.226075145341353,-1.46304936836834
-0.807573404093079,-1.0336970324206,-0.807591384890304,-0.226105647530294,-1.0336970324206
