Total_energy,Adsorption_energy,Rigid_adsorption_energy,Deformation_energy,dEad/dNi
-1.70392521785927,-1.93004884618679,-1.70394171093265,-0.226107135254134,-1.93004884618679
-1.27396333676257,-1.50008696509009,-1.27397722189242,-0.226109743197672,-1.50008696509009
-0.858942717545643,-1.08506634587316,-0.8589557895989,-0.226110556274262,-1.08506634587316
-0.250096152469802,-0.476219780797321,-0.250111314153184,-0.226108466644137,-0.476219780797321
