Total_energy,Adsorption_energy,Rigid_adsorption_energy,Deformation_energy,dEad/dNi
-1.68613761236276,-1.91226124069028,-1.68614513330687,-0.226116107383406,-1.91226124069028
-1.16458130456055,-1.39070493288807,-1.1646081768957,-0.226096755992361,-1.39070493288807
-0.746406970989863,-0.972530599317382,-0.746424173441365,-0.226106425876016,-0.972530599317382
