Total_energy,Adsorption_energy,Rigid_adsorption_energy,Deformation_energy,dEad/dNi
-1.68619204591746,-1.91231567424498,-1.68619555021443,-0.226120124030557,-1.91231567424498
-1.23901040579247,-1.46513403411999,-1.23904932587941,-0.226084708240575,-1.46513403411999
-0.81229091827125,-1.03841454659877,-0.812320511452785,-0.226094035145984,-1.03841454659877
