Total_energy,Adsorption_energy,Rigid_adsorption_energy,Deformation_energy,dEad/dNi
-1.69107103521623,-1.91719466354375,-1.69110666080878,-0.226088002734964,-1.91719466354375
-1.24957931295732,-1.47570294128484,-1.24960181590759,-0.226101125377248,-1.47570294128484
-0.83757906051939,-1.06370268884691,-0.837580458616462,-0.226122230230447,-1.06370268884691
