Total_energy,Adsorption_energy,Rigid_adsorption_energy,Deformation_energy,dEad/dNi
-1.68572341733083,-1.91184704565835,-1.68573740160596,-0.226109644052384,-1.91184704565835
-1.13320178833971,-1.35932541666723,-1.13322834591637,-0.226097070750857,-1.35932541666723
-0.540127366174366,-0.766250994501885,-0.540171634797803,-0.226079359704083,-0.766250994501885
