Total_energy,Adsorption_energy,Rigid_adsorption_energy,Deformation_energy,dEad/dNi
-1.68819441211286,-1.91431804044038,-1.68821367463192,-0.226104365808458,-1.91431804044038
-1.07831901143298,-1.30444263976049,-1.07835210328144,-0.226090536479054,-1.30444263976049
-0.581328449624012,-0.807452077951531,-0.581367074119832,-0.226085003831699,-0.807452077951531
