Total_energy,Adsorption_energy,Rigid_adsorption_energy,Deformation_energy,dEad/dNi
-1.67008742141582,-1.89621104974334,-1.670131885353,-0.226079164390342,-1.89621104974334
-1.24341998687449,-1.46954361520201,-1.24343804424703,-0.226105570954983,-1.46954361520201
-0.793449442321088,-1.01957307064861,-0.793460061648316,-0.226113009000291,-1.01957307064861
-0.228547029947107,-0.454670658274626,-0.228561062123748,-0.226109596150877,-0.454670658274626
