Total_energy,Adsorption_energy,Rigid_adsorption_energy,Deformation_energy,dEad/dNi
-1.69002973689084,-1.91615336521836,-1.69005736905609,-0.226095996162268,-1.91615336521836
-1.24263924178004,-1.46876287010756,-1.24265581793821,-0.226107052169357,-1.46876287010756
-0.841629557814775,-1.06775318614229,-0.841645519042939,-0.226107667099356,-1.06775318614229
-0.264205854228883,-0.490329482556402,-0.264231040926583,-0.226098441629819,-0.490329482556402
