Total_energy,Adsorption_energy,Rigid_adsorption_energy,Deformation_energy,dEad/dNi
-1.68900044978669,-1.91512407811421,-1.68904353872679,-0.226080539387418,-1.91512407811421
-1.0538606154361,-1.27998424376362,-1.05387224291155,-0.226112000852067,-1.27998424376362
-0.786762797246041,-1.01288642557356,-0.786779159262407,-0.226107266311153,-1.01288642557356
-0.266827740749215,-0.492951369076735,-0.266853891230564,-0.226097477846171,-0.492951369076735
