Total_energy,Adsorption_energy,Rigid_adsorption_energy,Deformation_energy,dEad/dNi
-1.70279959636594,-1.92892322469346,-1.70284194397118,-0.226081280722282,-1.92892322469346
-1.20387058752154,-1.42999421584906,-1.203875648757,-0.226118567092063,-1.42999421584906
-0.524062012119047,-0.750185640446566,-0.52407637610629,-0.226109264340275,-0.750185640446566
