Total_energy,Adsorption_energy,Rigid_adsorption_energy,Deformation_energy,dEad/dNi
-1.69059624244058,-1.9167198707681,-1.69060094534874,-0.226118925419357,-1.9167198707681
-1.20591210140526,-1.43203572973278,-1.20594089915967,-0.226094830573105,-1.43203572973278
-0.751429627304006,-0.977553255631525,-0.751483309030282,-0.226069946601243,-0.977553255631525
-0.226695687773223,-0.452819316100742,-0.226724387541374,-0.226094928559367,-0.452819316100742
