Total_energy,Adsorption_energy,Rigid_adsorption_energy,Deformation_energy,dEad/dNi
-1.68119992076802,-1.90732354909554,-1.68121451075148,-0.226109038344062,-1.90732354909554
-1.2409893524143,-1.46711298074182,-1.24109740857028,-0.226015572171539,-1.46711298074182
-0.829521040851047,-1.05564466917857,-0.829531356145476,-0.22611331303309,-1.05564466917857
-0.250744478002759,-0.476868106330278,-0.250760411970717,-0.226107694359562,-0.476868106330278
