Total_energy,Adsorption_energy,Rigid_adsorption_energy,Deformation_energy,dEad/dNi
-1.69842840072096,-1.92455202904848,-1.69846601164075,-0.226086017407727,-1.92455202904848
-1.23583521376057,-1.46195884208809,-1.23584392891873,-0.226114913169362,-1.46195884208809
-0.655215795239155,-0.881339423566674,-0.65523286313222,-0.226106560434454,-0.881339423566674
