Total_energy,Adsorption_energy,Rigid_adsorption_energy,Deformation_energy,dEad/dNi
-1.70049955746765,-1.92662318579517,-1.7005055469556,-0.226117638839566,-1.92662318579517
-1.23035095713915,-1.45647458546667,-1.23039784146756,-0.226076743999109,-1.45647458546667
-0.728943332326845,-0.955066960654364,-0.728944569663392,-0.226122390990972,-0.955066960654364
-0.216765331290415,-0.442888959617934,-0.21679230114657,-0.226096658471365,-0.442888959617934
