Total_energy,Adsorption_energy,Rigid_adsorption_energy,Deformation_energy,dEad/dNi
-1.69213939372569,-1.91826302205321,-1.6921576334843,-0.226105388568907,-1.91826302205321
-1.10156405513717,-1.32768768346469,-1.10157067930903,-0.226117004155661,-1.32768768346469
-0.737094206438212,-0.963217834765732,-0.737145277595869,-0.226072557169863,-0.963217834765732
-0.444410335435158,-0.670533963762677,-0.444482543380745,-0.226051420381932,-0.670533963762677
