Total_energy,Adsorption_energy,Rigid_adsorption_energy,Deformation_energy,dEad/dNi
-1.68453691674001,-1.91066054506753,-1.68455500547532,-0.226105539592212,-1.91066054506753
-1.25570748984535,-1.48183111817287,-1.25580303586249,-0.226028082310378,-1.48183111817287
-0.830875516676825,-1.05699914500434,-0.830994583329296,-0.226004561675048,-1.05699914500434
