Total_energy,Adsorption_energy,Rigid_adsorption_energy,Deformation_energy,dEad/dNi
-1.68729228050798,-1.9134159088355,-1.68734508861684,-0.226070820218654,-1.9134159088355
-1.19775619398685,-1.42387982231437,-1.19778051140517,-0.226099310909202,-1.42387982231437
-0.777689753312617,-1.00381338164014,-0.777726619420106,-0.22608676222003,-1.00381338164014
