Total_energy,Adsorption_energy,Rigid_adsorption_energy,Deformation_energy,dEad/dNi
-1.68608727203604,-1.91221090036356,-1.686126608477,-0.226084291886561,-1.91221090036356
-1.13444895943812,-1.36057258776563,-1.1344780891802,-0.226094498585436,-1.36057258776563
-0.65673964118255,-0.88286326951007,-0.656743923133037,-0.226119346377032,-0.88286326951007
