Total_energy,Adsorption_energy,Rigid_adsorption_energy,Deformation_energy,dEad/dNi
-1.67945743433252,-1.90558106266004,-1.67948712823561,-0.226093934424427,-1.90558106266004
-1.24205822280445,-1.46818185113197,-1.24210498066031,-0.226076870471667,-1.46818185113197
-0.768217146605472,-0.994340774932991,-0.76823193912826,-0.226108835804731,-0.994340774932991
-0.228005224467326,-0.454128852794846,-0.228019502562658,-0.226109350232188,-0.454128852794846
