Total_energy,Adsorption_energy,Rigid_adsorption_energy,Deformation_energy,dEad/dNi
-1.68085311009347,-1.90697673842099,-1.68088811952356,-0.226088618897435,-1.90697673842099
-1.25185752933464,-1.47798115766216,-1.2519541662551,-0.226026991407064,-1.47798115766216
-0.724454600468221,-0.950578228795741,-0.724476905679078,-0.226101323116662,-0.950578228795741
-0.217491202694989,-0.443614831022508,-0.217514826707327,-0.226100004315181,-0.443614831022508
