Total_energy,Adsorption_energy,Rigid_adsorption_energy,Deformation_energy,dEad/dNi
-1.68742178190123,-1.91354541022875,-1.68744996488917,-0.226095445339578,-1.91354541022875
-1.12389560132057,-1.35001922964808,-1.12391651220131,-0.226102717446771,-1.35001922964808
-0.603396213077891,-0.82951984140541,-0.603402081957911,-0.226117759447499,-0.82951984140541
-0.243203802392883,-0.469327430720402,-0.243218741808957,-0.226108688911445,-0.469327430720402
