Total_energy,Adsorption_energy,Rigid_adsorption_energy,Deformation_energy,dEad/dNi
-1.68321406827712,-1.90933769660464,-1.68323300868695,-0.226104687917698,-1.90933769660464
-1.23652732755698,-1.4626509558845,-1.23653090256799,-0.226120053316506,-1.4626509558845
-0.793201930849259,-1.01932555917678,-0.793206359677142,-0.226119199499636,-1.01932555917678
