Total_energy,Adsorption_energy,Rigid_adsorption_energy,Deformation_energy,dEad/dNi
-1.6648205711489,-1.89094419947642,-1.66488664697278,-0.226057552503643,-1.89094419947642
-1.02102572588785,-1.24714935421537,-1.02109438490141,-0.226054969313961,-1.24714935421537
-0.717252207281822,-0.943375835609341,-0.717268256310847,-0.226107579298494,-0.943375835609341
-0.391199386370021,-0.61732301469754,-0.391218428949036,-0.226104585748504,-0.61732301469754
