Total_energy,Adsorption_energy,Rigid_adsorption_energy,Deformation_energy,dEad/dNi
-1.68046342914596,-1.90658705747348,-1.68051608255714,-0.226070974916337,-1.90658705747348
-1.15619113558574,-1.38231476391326,-1.15619992106266,-0.226114842850596,-1.38231476391326
-0.692057714537676,-0.918181342865195,-0.692099963091212,-0.226081379773983,-0.918181342865195
-0.223050118882406,-0.449173747209925,-0.223066335478265,-0.22610741173166,-0.449173747209925
