Total_energy,Adsorption_energy,Rigid_adsorption_energy,Deformation_energy,dEad/dNi
-1.68113354462082,-1.90725717294834,-1.68115240838411,-0.226104764564233,-1.90725717294834
-1.11124545844513,-1.33736908677265,-1.11124945341751,-0.22611963335514,-1.33736908677265
-0.546012900258155,-0.772136528585674,-0.546020919585295,-0.22611560900038,-0.772136528585674
