Total_energy,Adsorption_energy,Rigid_adsorption_energy,Deformation_energy,dEad/dNi
-1.69546079401302,-1.92158442234054,-1.69546586324192,-0.226118559098619,-1.92158442234054
-1.22952442339941,-1.45564805172693,-1.22954762008218,-0.22610043164475,-1.45564805172693
-0.98037536973197,-1.20649899805949,-0.980395013588199,-0.22610398447129,-1.20649899805949
-0.485444329511285,-0.711567957838804,-0.485461074006254,-0.226106883832551,-0.711567957838804
