Total_energy,Adsorption_energy,Rigid_adsorption_energy,Deformation_energy,dEad/dNi
-1.68992591688023,-1.91604954520775,-1.68995327421011,-0.226096270997638,-1.91604954520775
-1.04737684501692,-1.27350047334444,-1.04749772367807,-0.226002749666365,-1.27350047334444
-0.585923942985647,-0.812047571313167,-0.585926780266598,-0.226120791046569,-0.812047571313167
