Total_energy,Adsorption_energy,Rigid_adsorption_energy,Deformation_energy,dEad/dNi
-1.68992935216586,-1.91605298049338,-1.68999447101213,-0.226058509481252,-1.91605298049338
-1.17878338672669,-1.40490701505421,-1.17882183964702,-0.22608517540719,-1.40490701505421
-0.641229016473527,-0.867352644801046,-0.641273577813295,-0.226079066987751,-0.867352644801046
