Total_energy,Adsorption_energy,Rigid_adsorption_energy,Deformation_energy,dEad/dNi
-1.67686138681066,-1.90298501513818,-1.67686891689505,-0.22611609824313,-1.90298501513818
-1.1930449300408,-1.41916855836832,-1.19466950221111,-0.224499056157213,-1.41916855836832
-0.776702696850122,-1.00282632517764,-0.776702906798226,-0.226123418379415,-1.00282632517764
-0.233802454886202,-0.459926083213721,-0.233849201746215,-0.226076881467506,-0.459926083213721
