Total_energy,Adsorption_energy,Rigid_adsorption_energy,Deformation_energy,dEad/dNi
-1.68747070438965,-1.91359433271717,-1.68751100465034,-0.226083328066832,-1.91359433271717
-1.26377398795411,-1.48989761628163,-1.26379887964286,-0.226098736638768,-1.48989761628163
-0.745851205186531,-0.97197483351405,-0.745869626501349,-0.2261052070127,-0.97197483351405
-0.250982233920787,-0.477105862248306,-0.251013332215162,-0.226092530033145,-0.477105862248306
