Total_energy,Adsorption_energy,Rigid_adsorption_energy,Deformation_energy,dEad/dNi
-1.81130806507096,-28.931970119293,-2.11211483867103,-26.819855280622,-28.931970119293
-1.31324259451135,-28.4339046487334,-1.61521428444719,-26.8186903642862,-28.4339046487334
-0.785031751547596,-27.9056938057696,-1.08611586732537,-26.8195779384443,-27.9056938057696
-0.101768616337554,-27.2224306705596,-2.07992870410652,-25.1425019664531,-27.2224306705596
0.955109661043908,-26.1655523931781,-1.02318123559881,-25.1423711575793,-26.1655523931781
