Total_energy,Adsorption_energy,Rigid_adsorption_energy,Deformation_energy,dEad/dNi
-1.82453105009368,-28.9451931043157,-2.12531617642427,-26.8198769278914,-28.9451931043157
-1.23129938584893,-28.351961440071,-1.53268520731883,-26.8192762327521,-28.351961440071
-0.55582336710258,-27.6764854213246,-0.856625838159493,-26.8198595831651,-27.6764854213246
0.20238657466086,-26.9182754795612,-1.77590799961611,-25.1423674799451,-26.9182754795612
1.29249234984911,-25.8281697043729,-0.685770854580212,-25.1423988497927,-25.8281697043729
