Total_energy,Adsorption_energy,Rigid_adsorption_energy,Deformation_energy,dEad/dNi
-1.79803222137541,-28.9186942755974,-2.09889963234351,-26.8197946432539,-28.9186942755974
-1.3606129583043,-28.4812750125263,-1.66151050290191,-26.8197645096244,-28.4812750125263
-0.881480823467802,-28.0021428776898,-1.18241603691419,-26.8197268407756,-28.0021428776898
-0.068234719386759,-27.1888967736088,-2.04517533653188,-25.1437214370769,-27.1888967736088
0.840069161760475,-26.2805928924616,-1.13822293221197,-25.1423699602496,-26.2805928924616
