Total_energy,Adsorption_energy,Rigid_adsorption_energy,Deformation_energy,dEad/dNi
-1.81115828333483,-28.9318203375569,-2.11201068061253,-26.8198096569443,-28.9318203375569
-1.26662174541613,-28.3872837996382,-1.57060459874957,-26.8166792008886,-28.3872837996382
-0.755057205840373,-27.8757192600624,-1.05588069667329,-26.8198385633891,-27.8757192600624
-0.0849175867566622,-27.2055796409787,-0.385863316504137,-26.8197163244746,-27.2055796409787
1.38052984457366,-25.7401322096484,-0.597701189067483,-25.1424310205809,-25.7401322096484
