Total_energy,Adsorption_energy,Rigid_adsorption_energy,Deformation_energy,dEad/dNi
-1.78821402939363,-28.9088760836157,-2.08901380011108,-26.8198622835046,-28.9088760836157
-1.30639468323887,-28.4270567374609,-1.60766282481665,-26.8193939126443,-28.4270567374609
-0.761694621875395,-27.8823566760974,-1.06268235771064,-26.8196743183868,-27.8823566760974
-0.00314144081826062,-27.1238034950403,-1.98128768550535,-25.1425158095349,-27.1238034950403
0.898722381516622,-26.2219396727054,-1.07928343154887,-25.1426562411565,-26.2219396727054
