Total_energy,Adsorption_energy,Rigid_adsorption_energy,Deformation_energy,dEad/dNi
-1.80989077481415,-28.9305528290362,-2.11072368589966,-26.8198291431365,-28.9305528290362
-1.28981852895671,-28.4104805831787,-1.59253840397692,-26.8179421792018,-28.4104805831787
-0.730297308482571,-27.8509593627046,-1.0327815846326,-26.818177778072,-27.8509593627046
-0.367926289983473,-27.4885883442055,-0.668807485020483,-26.819780859185,-27.4885883442055
0.292148210841781,-26.8285138433803,-1.68602224101922,-25.142491602361,-26.8285138433803
