Total_energy,Adsorption_energy,Rigid_adsorption_energy,Deformation_energy,dEad/dNi
-1.83154709291632,-28.9522091471384,-2.13241633841776,-26.8197928087206,-28.9522091471384
-1.38310939865639,-28.5037714528784,-1.6839949704914,-26.819776482387,-28.5037714528784
-0.786711261514197,-27.9073733157362,-1.08762280650998,-26.8197505092263,-27.9073733157362
-0.104190984612371,-27.2248530388344,-2.08232299698744,-25.142530041847,-27.2248530388344
1.25085400111559,-25.8698080531064,-0.727452895463409,-25.142355157643,-25.8698080531064
