Total_energy,Adsorption_energy,Rigid_adsorption_energy,Deformation_energy,dEad/dNi
-1.80443976614007,-28.9251018203621,-2.10555308731841,-26.8195487330437,-28.9251018203621
-1.21026720756494,-28.330929261787,-1.51180255383791,-26.8191267079491,-28.330929261787
-0.81560263603795,-27.93626469026,-1.11748444534451,-26.8187802449155,-27.93626469026
0.540105323985465,-26.5805567302366,-1.43815155841757,-25.142405171819,-26.5805567302366
1.16869568951195,-25.9519663647101,-0.809590714405714,-25.1423756503044,-25.9519663647101
