Total_energy,Adsorption_energy,Rigid_adsorption_energy,Deformation_energy,dEad/dNi
-1.73182136324142,-28.8524834174635,-2.03259003463433,-26.8198933828291,-28.8524834174635
-1.30854443295359,-28.4292064871756,-1.60988518972142,-26.8193212974542,-28.4292064871756
-0.524131669383866,-27.6447937236059,-0.825606896657133,-26.8191868269488,-27.6447937236059
0.83538857279085,-26.2852734814312,-1.14279647203814,-25.142477009393,-26.2852734814312
