Total_energy,Adsorption_energy,Rigid_adsorption_energy,Deformation_energy,dEad/dNi
-1.78643786379418,-28.9070999180162,-2.08736595387165,-26.8197339641446,-28.9070999180162
-1.22380134342193,-28.344463397644,-1.53455163740507,-26.8099117602389,-28.344463397644
-0.769322434526023,-27.8899844887481,-1.07015151138583,-26.8198329773622,-27.8899844887481
-0.388891185437038,-27.5095532396591,-0.689998184642012,-26.8195550550171,-27.5095532396591
0.421668950033042,-26.698993104189,-1.55687400532903,-25.14211909886,-26.698993104189
