Total_energy,Adsorption_energy,Rigid_adsorption_energy,Deformation_energy,dEad/dNi
-1.80135988872897,-28.922021942951,-2.10245519403029,-26.8195667489207,-28.922021942951
-1.33059247905693,-28.451254533279,-1.63139520677673,-26.8198593265022,-28.451254533279
-0.73652558820381,-27.8571876424258,-1.03756606212153,-26.8196215803043,-27.8571876424258
-0.115556576446176,-27.2362186306682,-2.09354957107538,-25.1426690595928,-27.2362186306682
1.40914002072309,-25.7115220334989,-0.56902705916133,-25.1424949743376,-25.7115220334989
