Total_energy,Adsorption_energy,Rigid_adsorption_energy,Deformation_energy,dEad/dNi
-1.79749404414886,-28.9181560983709,-2.09834076120409,-26.8198153371668,-28.9181560983709
-1.32178324899639,-28.4424453032184,-1.62297049782193,-26.8194748053965,-28.4424453032184
-0.78549143397989,-27.9061534882019,-1.08636702302642,-26.8197864651755,-27.9061534882019
-0.0933848308229555,-27.214046885045,-0.394116232595651,-26.8199306524493,-27.214046885045
0.640098020691753,-26.4805640335303,-1.33574728730145,-25.1448167462288,-26.4805640335303
