Total_energy,Adsorption_energy,Rigid_adsorption_energy,Deformation_energy,dEad/dNi
-1.76244255316549,-28.8831046073875,-2.06350209273618,-26.8196025146513,-28.8831046073875
-1.30774684133756,-28.4284088955596,-1.60856226001502,-26.8198466355446,-28.4284088955596
-0.671493176960052,-27.7921552311821,-0.972520935221586,-26.8196342959605,-27.7921552311821
-0.0463606735045101,-27.1670227277265,-2.02462764168945,-25.1423950860371,-27.1670227277265
1.48046012566039,-25.6402019285616,-0.49786618595641,-25.1423357426052,-25.6402019285616
