Total_energy,Adsorption_energy,Rigid_adsorption_energy,Deformation_energy,dEad/dNi
-1.81641950806456,-28.9370815622866,-2.11733860453161,-26.819742957755,-28.9370815622866
-1.30978656082025,-28.4304486150423,-1.61074001040295,-26.8197086046393,-28.4304486150423
-0.887906275145062,-28.0085683293671,-1.19191444225609,-26.816653887111,-28.0085683293671
-0.136921152011934,-27.257583206234,-2.11518857943969,-25.1423946267943,-27.257583206234
1.59777199253116,-25.5228900616909,-0.380552781903286,-25.1423372797876,-25.5228900616909
