Total_energy,Adsorption_energy,Rigid_adsorption_energy,Deformation_energy,dEad/dNi
-1.81371006073356,-28.9343721149556,-2.11459021444815,-26.8197819005075,-28.9343721149556
-1.27690928304478,-28.3975713372668,-1.57839915216302,-26.8191721851038,-28.3975713372668
-0.814637144346366,-27.9352991985684,-1.11566843043271,-26.8196307681357,-27.9352991985684
-0.433509341422569,-27.5541713956446,-0.734323089591778,-26.8198483060528,-27.5541713956446
0.0059290514790451,-27.114733002743,-0.294805102425913,-26.8199279003171,-27.114733002743
