Total_energy,Adsorption_energy,Rigid_adsorption_energy,Deformation_energy,dEad/dNi
-1.80089330478056,-28.9215553590026,-2.10171747033849,-26.8198378886641,-28.9215553590026
-1.2240081468909,-28.3446702011129,-1.5253897079434,-26.8192804931695,-28.3446702011129
-0.653277657603707,-27.7739397118257,-0.954244246571951,-26.8196954652538,-27.7739397118257
-0.384809522301234,-27.5054715765233,-0.685629459219625,-26.8198421173036,-27.5054715765233
0.513069223661303,-26.6075928305607,-1.46535367770424,-25.1422391528565,-26.6075928305607
