Total_energy,Adsorption_energy,Rigid_adsorption_energy,Deformation_energy,dEad/dNi
-1.80145941418697,-28.922121468409,-2.10228849837646,-26.8198329700326,-28.922121468409
-1.27358145444891,-28.3942435086709,-1.57446348136053,-26.8197800273104,-28.3942435086709
-0.648880155427704,-27.7695422096497,-0.949614294980944,-26.8199279146688,-27.7695422096497
0.83257013360689,-26.2880919206151,-1.14572703173387,-25.1423648888813,-26.2880919206151
1.51173279242114,-25.6089292618009,-0.466563789461398,-25.1423654723395,-25.6089292618009
