Total_energy,Adsorption_energy,Rigid_adsorption_energy,Deformation_energy,dEad/dNi
-1.79809763632568,-28.9187596905477,-2.0989744569233,-26.8197852336244,-28.9187596905477
-1.24688995386366,-28.3675520080857,-1.54818707598233,-26.8193649321034,-28.3675520080857
-0.800824772803069,-27.9214868270251,-1.10186687650912,-26.819619950516,-27.9214868270251
-0.100727665350616,-27.2213897195726,-2.07816921148507,-25.1432205080876,-27.2213897195726
0.764239935411926,-26.3564221188101,-1.21395197164874,-25.1424701471614,-26.3564221188101
