Total_energy,Adsorption_energy,Rigid_adsorption_energy,Deformation_energy,dEad/dNi
-1.77255842010338,-28.8932204743254,-2.07339762553654,-26.8198228487889,-28.8932204743254
-1.3234807076279,-28.4441427618499,-1.62467646058629,-26.8194663012636,-28.4441427618499
-0.0565926846455849,-27.1772547388676,-2.03467596636553,-25.1425787725021,-27.1772547388676
0.90096990638191,-26.2196921478401,-1.07622902933739,-25.1434631185027,-26.2196921478401
1.56890402166677,-25.5517580325553,-0.409342890812679,-25.1424151417426,-25.5517580325553
