Total_energy,Adsorption_energy,Rigid_adsorption_energy,Deformation_energy,dEad/dNi
-1.82948123048129,-28.9501432847033,-2.13025210203927,-26.8198911826641,-28.9501432847033
-1.1637371077234,-28.2843991619454,-1.46460884551876,-26.8197903164267,-28.2843991619454
-0.672415652237873,-27.7930777064599,-0.973595106388341,-26.8194826000716,-27.7930777064599
0.288187723256567,-26.8324743309655,-1.68986207129021,-25.1426122596753,-26.8324743309655
1.56265029850496,-25.5580117557171,-0.415674029157535,-25.1423377265595,-25.5580117557171
