Total_energy,Adsorption_energy,Rigid_adsorption_energy,Deformation_energy,dEad/dNi
-1.74088259768782,-28.8615446519099,-2.04216101838535,-26.8193836335245,-28.8615446519099
-1.29496148552738,-28.4156235397494,-1.59580392065864,-26.8198196190908,-28.4156235397494
-0.797488132261958,-27.918150186484,-1.09843796960843,-26.8197122168756,-27.918150186484
-0.0310904956677116,-27.1517525498897,-2.00939874497053,-25.1423538049192,-27.1517525498897
0.782301361484284,-26.3383606927378,-1.19599566184242,-25.1423650308953,-26.3383606927378
