Total_energy,Adsorption_energy,Rigid_adsorption_energy,Deformation_energy,dEad/dNi
-1.79767720967591,-28.9183392638979,-2.09879734568501,-26.8195419182129,-28.9183392638979
-1.36403966711043,-28.4847017213325,-1.66516219970941,-26.819539521623,-28.4847017213325
-0.857941233531257,-27.9786032877533,-1.15898171820931,-26.819621569544,-27.9786032877533
-0.0676992630740278,-27.1883613172961,-2.04603714095987,-25.1423241763362,-27.1883613172961
1.19338111311521,-25.9272809411068,-0.784867927455661,-25.1424130136512,-25.9272809411068
