Total_energy,Adsorption_energy,Rigid_adsorption_energy,Deformation_energy,dEad/dNi
-1.79366304187095,-28.914325096093,-2.09456076371259,-26.8197643323804,-28.914325096093
-1.263296819501,-28.383958873723,-1.56407372415498,-26.819885149568,-28.383958873723
-0.793091198009795,-27.9137532522318,-1.09441366989597,-26.8193395823359,-27.9137532522318
-0.0794389476980726,-27.2001010019201,-2.05740417695958,-25.1426968249605,-27.2001010019201
0.790183042663255,-26.3304790115588,-1.18810871475167,-25.1423702968071,-26.3304790115588
