Total_energy,Adsorption_energy,Rigid_adsorption_energy,Deformation_energy,dEad/dNi
-1.80745071677041,-28.9281127709924,-2.10833236136082,-26.8197804096316,-28.9281127709924
-1.34495556847198,-28.465617622694,-1.64598362876977,-26.8196339939242,-28.465617622694
-0.765309708000786,-27.8859717622228,-1.06655280866237,-26.8194189535605,-27.8859717622228
-0.081572747078654,-27.2022348013007,-2.05989718108218,-25.1423376202185,-27.2022348013007
1.00482929261585,-26.1158327616062,-0.973373664579358,-25.1424590970268,-26.1158327616062
