Total_energy,Adsorption_energy,Rigid_adsorption_energy,Deformation_energy,dEad/dNi
-1.81612593244154,-28.9367879866636,-2.11695274349244,-26.8198352431711,-28.9367879866636
-1.39377727092205,-28.5144393251441,-1.69473930260642,-26.8197000225377,-28.5144393251441
-0.771580916610957,-27.892242970833,-1.07289454042663,-26.8193484304064,-27.892242970833
-0.107708756476753,-27.2283708106988,-2.08555361282286,-25.1428171978759,-27.2283708106988
1.35333800110677,-25.7673240531153,-0.624967006383442,-25.1423570467318,-25.7673240531153
