Total_energy,Adsorption_energy,Rigid_adsorption_energy,Deformation_energy,dEad/dNi
-1.75220102009458,-28.8728630743166,-2.05303471478719,-26.8198283595294,-28.8728630743166
-1.28401356679319,-28.4046756210152,-1.58488217568178,-26.8197934453334,-28.4046756210152
-0.639296441139932,-27.759958495362,-0.940331812497108,-26.8196266828649,-27.759958495362
0.0120910174170532,-27.108571036805,-1.96621536866262,-25.1423556681424,-27.108571036805
0.811609200841993,-26.30905285338,-1.16661393655377,-25.1424389168263,-26.30905285338
