Total_energy,Adsorption_energy,Rigid_adsorption_energy,Deformation_energy,dEad/dNi
-1.78924154866809,-28.9099036028901,-2.09016315881574,-26.8197404440744,-28.9099036028901
-1.25600060593878,-28.3766626601608,-1.55683151616409,-26.8198311439967,-28.3766626601608
-0.590697442710937,-27.711359496933,-0.89149210170467,-26.8198673952283,-27.711359496933
-0.0818442031058417,-27.2025062573279,-2.06015741008197,-25.1423488472459,-27.2025062573279
1.18100721194469,-25.9396548422773,-0.79728595381989,-25.1423688884575,-25.9396548422773
