Total_energy,Adsorption_energy,Rigid_adsorption_energy,Deformation_energy,dEad/dNi
-1.80656806908204,-28.9272301233041,-2.10731497689067,-26.8199151464134,-28.9272301233041
-1.19149312734285,-28.3121551815649,-1.49246402782501,-26.8196911537399,-28.3121551815649
-0.516089716364118,-27.6367517705862,-0.817028651776812,-26.8197231188093,-27.6367517705862
1.06140339426353,-26.0592586599585,-0.916891116433244,-25.1423675435253,-26.0592586599585
1.57743564843397,-25.5432264057881,-0.400775001874294,-25.1424514039138,-25.5432264057881
