Total_energy,Adsorption_energy,Rigid_adsorption_energy,Deformation_energy,dEad/dNi
-1.81174376080765,-28.9324058150297,-2.11257966426131,-26.8198261507684,-28.9324058150297
-1.24291138188177,-28.3635734361038,-1.54431919535556,-26.8192542407482,-28.3635734361038
-0.453422746911846,-27.5740848011339,-0.754291607808868,-26.819793193325,-27.5740848011339
0.511670669093704,-26.6089913851283,-1.46660985430171,-25.1423815308266,-26.6089913851283
1.55555277994309,-25.5651092742789,-0.42276970787924,-25.1423395663997,-25.5651092742789
