Total_energy,Adsorption_energy,Rigid_adsorption_energy,Deformation_energy,dEad/dNi
-1.79753407792806,-28.9181961321501,-2.09833797090486,-26.8198581612452,-28.9181961321501
-1.39041678962704,-28.5110788438491,-1.69139590250927,-26.8196829413398,-28.5110788438491
-0.759541741640083,-27.8802037958621,-1.06106109230154,-26.8191427035606,-27.8802037958621
-0.0579765550038609,-27.1786386092259,-2.0355661370596,-25.1430724721663,-27.1786386092259
0.823878428837657,-26.2967836253844,-1.15442901289543,-25.142354612489,-26.2967836253844
