Total_energy,Adsorption_energy,Rigid_adsorption_energy,Deformation_energy,dEad/dNi
-1.81111767634569,-28.9317797305677,-2.11202146854247,-26.8197582620253,-28.9317797305677
-1.39608729263371,-28.5167493468557,-1.6978134245891,-26.8189359222666,-28.5167493468557
-0.841315485277086,-27.9619775394991,-1.142115354887,-26.8198621846121,-27.9619775394991
-0.0867990317049252,-27.207461085927,-2.06489946357967,-25.1425616223473,-27.207461085927
1.15449577955506,-25.966166274667,-0.823786538078875,-25.1423797365881,-25.966166274667
