Total_energy,Adsorption_energy,Rigid_adsorption_energy,Deformation_energy,dEad/dNi
-1.80848287515018,-28.9291449293722,-2.10926866307403,-26.8198762662982,-28.9291449293722
-1.36037402894359,-28.4810360831656,-1.67749117555292,-26.8035449076127,-28.4810360831656
-0.816436410218931,-27.937098464441,-1.11745953512901,-26.819638929312,-27.937098464441
-0.431190303428478,-27.5518523576505,-0.731933883735979,-26.8199184739145,-27.5518523576505
0.34507012236309,-26.7755919318589,-1.63258927003005,-25.1430026618289,-26.7755919318589
