Total_energy,Adsorption_energy,Rigid_adsorption_energy,Deformation_energy,dEad/dNi
-1.78205413982932,-28.9027161940514,-2.08285028411929,-26.8198659099321,-28.9027161940514
-1.25740025981353,-28.3780623140356,-1.55846225672197,-26.8196000573136,-28.3780623140356
-0.792051887216394,-27.9127139414384,-1.09295063325709,-26.8197633081813,-27.9127139414384
0.739845003530547,-26.3808170506915,-1.23839256335881,-25.1424244873327,-26.3808170506915
1.40260396543857,-25.7180580887835,-0.575640129288706,-25.1424179594948,-25.7180580887835
