Total_energy,Adsorption_energy,Rigid_adsorption_energy,Deformation_energy,dEad/dNi
-1.77833280941196,-28.898994863634,-2.07921453053374,-26.8197803331003,-28.898994863634
-1.3532638827259,-28.4739259369479,-1.65408562364193,-26.819840313306,-28.4739259369479
-0.788679346210686,-27.9093414004327,-1.08993508298006,-26.8194063174527,-27.9093414004327
-0.551002426340149,-27.6716644805622,-0.852306026566925,-26.8193584539953,-27.6716644805622
0.391412019637635,-26.7292500345844,-1.58647530446937,-25.142774730115,-26.7292500345844
