Total_energy,Adsorption_energy,Rigid_adsorption_energy,Deformation_energy,dEad/dNi
-1.81859024550035,-28.9392522997224,-2.11941213632679,-26.8198401633956,-28.9392522997224
-1.3391918156522,-28.4598538698742,-1.64105545398534,-26.8187984158889,-28.4598538698742
-0.778280031243868,-27.8989420854659,-1.07905158707116,-26.8198904983947,-27.8989420854659
0.183652769144231,-26.9370092850778,-1.79463068783368,-25.1423785972441,-26.9370092850778
1.11649542653197,-26.0041666276901,-0.861772208937359,-25.1423944187527,-26.0041666276901
