Total_energy,Adsorption_energy,Rigid_adsorption_energy,Deformation_energy,dEad/dNi
-1.79605095392226,-28.9167130081443,-2.09688109779498,-26.8198319103493,-28.9167130081443
-1.18736746776539,-28.3080295219874,-1.49053116587402,-26.8174983561134,-28.3080295219874
-0.715204172224087,-27.8358662264461,-1.01652101261728,-26.8193452138288,-27.8358662264461
-0.0612007997372437,-27.1818628539593,-2.03929717688246,-25.1425656770768,-27.1818628539593
1.04902664347538,-26.0716354107467,-0.929262981809344,-25.1423724289373,-26.0716354107467
