Total_energy,Adsorption_energy,Rigid_adsorption_energy,Deformation_energy,dEad/dNi
-1.80828351097879,-28.9289455652008,-2.10907446497018,-26.8198711002307,-28.9289455652008
-1.37861395875394,-28.499276012976,-1.6803193774689,-26.8189566355071,-28.499276012976
-1.12030525956098,-28.240967313783,-1.42118291691786,-26.8197843968652,-28.240967313783
-0.255820287408086,-27.3764823416301,-0.556553470908853,-26.8199288707213,-27.3764823416301
0.402481100188312,-26.7181809540337,-1.57525096309576,-25.142929990938,-26.7181809540337
