Total_energy,Adsorption_energy,Rigid_adsorption_energy,Deformation_energy,dEad/dNi
-1.80639368045654,-28.9270557346786,-2.10738432615202,-26.8196714085266,-28.9270557346786
-1.3244382880163,-28.4451003422383,-1.62546321256901,-26.8196371296693,-28.4451003422383
-0.87327105508815,-27.9939331093102,-1.17402232641836,-26.8199107828918,-27.9939331093102
-0.370042995542645,-27.4907050497647,-0.671067991830101,-26.8196370579346,-27.4907050497647
0.542441773921952,-26.5782202803001,-1.43570695235574,-25.1425133279443,-26.5782202803001
