Total_energy,Adsorption_energy,Rigid_adsorption_energy,Deformation_energy,dEad/dNi
-1.81477077937167,-28.9354328335937,-2.11556422819754,-26.8198686053962,-28.9354328335937
-1.34465350358651,-28.4653155578085,-1.64550883161239,-26.8198067261962,-28.4653155578085
-0.878800759502652,-27.9994628137247,-1.17979826411031,-26.8196645496144,-27.9994628137247
-0.567255535303603,-27.6879175895256,-0.868278684674918,-26.8196389048507,-27.6879175895256
0.333276703947629,-26.7873853502744,-1.64490153904632,-25.1424838112281,-26.7873853502744
