Total_energy,Adsorption_energy,Rigid_adsorption_energy,Deformation_energy,dEad/dNi
-1.81621771974196,-28.936879773964,-2.11711358937671,-26.8197661845873,-28.936879773964
-1.36061459897646,-28.4812766531985,-1.66144007730947,-26.819836575889,-28.4812766531985
-0.599663561689548,-27.7203256159116,-0.901473101123703,-26.8188525147879,-27.7203256159116
0.330137752138148,-26.7905243020839,-1.64806536431879,-25.1424589377651,-26.7905243020839
1.57362060370062,-25.5470414505214,-0.404580227438273,-25.1424612230831,-25.5470414505214
