Total_energy,Adsorption_energy,Rigid_adsorption_energy,Deformation_energy,dEad/dNi
-1.78557360395633,-28.9062356581784,-2.08643458582275,-26.8198010723556,-28.9062356581784
-1.34424394404452,-28.4649059982666,-1.64518911928129,-26.8197168789853,-28.4649059982666
-0.733238912649693,-27.8539009668717,-1.03432262687352,-26.8195783399982,-27.8539009668717
-0.0290658843068408,-27.1497279385289,-2.00737105169575,-25.1423568868331,-27.1497279385289
0.900634141274006,-26.220027912948,-1.07744363347801,-25.14258427947,-26.220027912948
