Total_energy,Adsorption_energy,Rigid_adsorption_energy,Deformation_energy,dEad/dNi
-1.76994576207292,-28.890607816295,-2.07078791720241,-26.8198198990925,-28.890607816295
-1.3039204656315,-28.4245825198535,-1.6055273794443,-26.8190551404092,-28.4245825198535
-0.730769177674793,-27.8514312318968,-1.03246499089489,-26.8189662410019,-27.8514312318968
-0.0481359467713083,-27.1687980009933,-2.02613327229927,-25.1426647286941,-27.1687980009933
0.827592601499291,-26.2930694527227,-1.15057609386896,-25.1424933588538,-26.2930694527227
