Total_energy,Adsorption_energy,Rigid_adsorption_energy,Deformation_energy,dEad/dNi
-1.80696384310611,-28.9276258973281,-2.10783766747564,-26.8197882298525,-28.9276258973281
-1.30135713301975,-28.4220191872418,-1.60217106651805,-26.8198481207237,-28.4220191872418
-0.643469207774581,-27.7641312619966,-0.944307975783315,-26.8198232862133,-27.7641312619966
-0.27739057069901,-27.398052624921,-0.57818514043077,-26.8198674844903,-27.398052624921
0.392444276045949,-26.7282177781761,-1.58585559176342,-25.1423621864127,-26.7282177781761
