Total_energy,Adsorption_energy,Rigid_adsorption_energy,Deformation_energy,dEad/dNi
-1.80360552447288,-28.9242675786949,-2.10437884710598,-26.8198887315889,-28.9242675786949
-1.30617403570022,-28.4268360899223,-1.60830299443941,-26.8185330954828,-28.4268360899223
-0.735783085765644,-27.8564451399877,-1.03698035809085,-26.8194647818968,-27.8564451399877
-0.0396817087893138,-27.1603437630114,-2.017631978237,-25.1427117847743,-27.1603437630114
1.17448325100034,-25.9461788032217,-0.803760366266582,-25.1424184369551,-25.9461788032217
