Total_energy,Adsorption_energy,Rigid_adsorption_energy,Deformation_energy,dEad/dNi
-1.78161006209553,-28.9022721163176,-2.08328681455136,-26.8189853017662,-28.9022721163176
-1.19102017579168,-28.3116822300137,-1.49352658093454,-26.8181556490792,-28.3116822300137
-0.736880740469517,-27.8575427946916,-1.03778388807318,-26.8197589066184,-27.8575427946916
-0.0830701994035465,-27.2037322536256,-2.06142115677624,-25.1423110968493,-27.2037322536256
1.49984605416024,-25.6208160000618,-0.478463395705953,-25.1423526043558,-25.6208160000618
