Total_energy,Adsorption_energy,Rigid_adsorption_energy,Deformation_energy,dEad/dNi
-1.80745234964355,-28.9281144038656,-2.10847588212684,-26.8196385217387,-28.9281144038656
-1.29522469438105,-28.4158867486031,-1.59677152408735,-26.8191152245157,-28.4158867486031
-0.793073588316134,-27.9137356425382,-1.09850082365773,-26.8152348188804,-27.9137356425382
-0.279632846228485,-27.4002949004505,-0.580404316520046,-26.8198905839305,-27.4002949004505
0.408348192882477,-26.7123138613396,-1.56935949039081,-25.1429543709488,-26.7123138613396
