Total_energy,Adsorption_energy,Rigid_adsorption_energy,Deformation_energy,dEad/dNi
-1.7455756588373,-28.8662377130593,-2.04643453349714,-26.8198031795622,-28.8662377130593
-1.25920731359057,-28.3798693678126,-1.56240140165636,-26.8174679661562,-28.3798693678126
-0.581821060029907,-27.7024831142519,-0.883702787404868,-26.8187803268471,-27.7024831142519
-0.123649476263444,-27.2443115304855,-2.10185855952126,-25.1424529709642,-27.2443115304855
0.683386727997831,-26.4372753262242,-1.29486029722857,-25.1424150289956,-26.4372753262242
