Total_energy,Adsorption_energy,Rigid_adsorption_energy,Deformation_energy,dEad/dNi
-1.80074306751226,-28.9214051217343,-2.10205838739437,-26.8193467343399,-28.9214051217343
-1.27316035149701,-28.393822405719,-1.57421908686147,-26.8196033188576,-28.393822405719
-0.738309612359799,-27.8589716665818,-1.03909252325017,-26.8198791433317,-27.8589716665818
0.3781326782455,-26.7425293759765,-1.60019121448823,-25.1423381614883,-26.7425293759765
1.22709776639005,-25.893564287832,-0.751036512570048,-25.1425277752619,-25.893564287832
