Total_energy,Adsorption_energy,Rigid_adsorption_energy,Deformation_energy,dEad/dNi
-1.8193328295873,-28.9399948838093,-2.12010914224938,-26.81988574156,-28.9399948838093
-1.29042461900393,-28.411086673226,-1.59136370534642,-26.8197229678795,-28.411086673226
-0.738807317011393,-27.8594693712334,-1.03959050941307,-26.8198788618204,-27.8594693712334
0.0112741200891928,-27.1093879341328,-0.289477063961304,-26.8199108701715,-27.1093879341328
0.839345521364692,-26.2813165328573,-1.13886738410682,-25.1424491487505,-26.2813165328573
