Total_energy,Adsorption_energy,Rigid_adsorption_energy,Deformation_energy,dEad/dNi
-1.83355792669416,-28.9542199809162,-2.13433892506756,-26.8198810558486,-28.9542199809162
-1.36678812727218,-28.4874501814942,-1.66761867310006,-26.8198315083942,-28.4874501814942
-0.814355013951311,-27.9350170681733,-1.11546892474203,-26.8195481434313,-27.9350170681733
-0.539943697731062,-27.6606057519531,-0.841227134275264,-26.8193786176778,-27.6606057519531
0.739485833574164,-26.3811762206479,-1.23869183969467,-25.1424843809532,-26.3811762206479
