Total_energy,Adsorption_energy,Rigid_adsorption_energy,Deformation_energy,dEad/dNi
-1.78473896026318,-28.9054010144852,-2.08567976761473,-26.8197212468705,-28.9054010144852
-1.14019271626634,-28.2608547704884,-1.44141294010284,-26.8194418303855,-28.2608547704884
-0.587496177265406,-27.7081582314874,-0.888425329942741,-26.8197329015447,-27.7081582314874
-0.0540073698935435,-27.1746694241156,-2.03211523116247,-25.1425541929531,-27.1746694241156
1.20387687277904,-25.916785181443,-0.7744050475584,-25.1423801338846,-25.916785181443
