Total_energy,Adsorption_energy,Rigid_adsorption_energy,Deformation_energy,dEad/dNi
-1.8309514527681,-28.9516135069901,-2.13175937334791,-26.8198541336422,-28.9516135069901
-1.26832265791117,-28.3889847121332,-1.56964262790612,-26.8193420842271,-28.3889847121332
-0.779047436789648,-27.8997094910117,-1.07989351732292,-26.8198159736888,-27.8997094910117
-0.117263754175206,-27.2379258083972,-2.09535191410679,-25.1425738942905,-27.2379258083972
1.2445178127978,-25.8761442414242,-0.733733821863127,-25.1424104195611,-25.8761442414242
