Total_energy,Adsorption_energy,Rigid_adsorption_energy,Deformation_energy,dEad/dNi
-1.77951992996752,-28.9001819841896,-2.08044437787935,-26.8197376063102,-28.9001819841896
-1.2893357767954,-28.4099978310174,-1.59073919650751,-26.8192586345099,-28.4099978310174
-0.844484535644102,-27.9651465898661,-1.14643546803947,-26.8187111218267,-27.9651465898661
-0.0713951761330927,-27.1920572303551,-2.04968953023699,-25.1423677001181,-27.1920572303551
1.30930445437664,-25.8113575998454,-0.668926062436225,-25.1424315374092,-25.8113575998454
