Total_energy,Adsorption_energy,Rigid_adsorption_energy,Deformation_energy,dEad/dNi
-1.79064664769334,-28.9113087019154,-2.09154891414141,-26.819759787774,-28.9113087019154
-1.25448704879839,-28.3751491030204,-1.55541889713375,-26.8197302058867,-28.3751491030204
-0.319910782962482,-27.4405728371845,-0.622272356743455,-26.8183004804411,-27.4405728371845
0.249314262427071,-26.871347791795,-1.72857515670843,-25.1427726350865,-26.871347791795
1.10477930739919,-26.0158827468228,-0.873367687099452,-25.1425150597234,-26.0158827468228
