Total_energy,Adsorption_energy,Rigid_adsorption_energy,Deformation_energy,dEad/dNi
-1.82227896812225,-28.9429410223443,-2.12309872788033,-26.819842294464,-28.9429410223443
-1.35814842554621,-28.4788104797682,-1.65899562654293,-26.8198148532253,-28.4788104797682
-0.645710797718578,-27.7663728519406,-0.946625021441567,-26.819747830499,-27.7663728519406
1.01478296184682,-26.1058790923752,-0.963429919396855,-25.1424491729784,-26.1058790923752
1.56233181045405,-25.558330243768,-0.415980966872206,-25.1423492768958,-25.558330243768
