Total_energy,Adsorption_energy,Rigid_adsorption_energy,Deformation_energy,dEad/dNi
-1.74662760943673,-28.8672896636588,-2.04778392845572,-26.819505735203,-28.8672896636588
-1.3268468323273,-28.4475088865493,-1.62775447051762,-26.8197544160317,-28.4475088865493
-0.884788436908823,-28.0054504911309,-1.18800039168379,-26.8174500994471,-28.0054504911309
-0.0742126507297844,-27.1948747049518,-2.05227854085475,-25.1425961640971,-27.1948747049518
1.34699898970003,-25.773663064522,-0.631289428561182,-25.1423736359608,-25.773663064522
