Total_energy,Adsorption_energy,Rigid_adsorption_energy,Deformation_energy,dEad/dNi
-1.8200872652716,-28.9407493194936,-2.12095248360126,-26.8197968358924,-28.9407493194936
-1.3887431755355,-28.5094052297575,-1.69028915430346,-26.8191160754541,-28.5094052297575
-0.855129306176247,-27.9757913603983,-1.15593945150109,-26.8198519088972,-27.9757913603983
0.56009984149654,-26.5605622127255,-1.41805737664342,-25.1425048360821,-26.5605622127255
