Total_energy,Adsorption_energy,Rigid_adsorption_energy,Deformation_energy,dEad/dNi
-1.73898690006367,-28.8596489542857,-2.03994019314903,-26.8197087611367,-28.8596489542857
-1.28027492798845,-28.4009369822105,-1.58146003409046,-26.81947694812,-28.4009369822105
-0.834885494739582,-27.9555475489616,-1.13580998674994,-26.8197375622117,-27.9555475489616
0.41682337192113,-26.7038386823009,-1.56121502987178,-25.1426236524291,-26.7038386823009
1.52698834438221,-25.5936737098398,-0.451349878605368,-25.1423238312344,-25.5936737098398
