Total_energy,Adsorption_energy,Rigid_adsorption_energy,Deformation_energy,dEad/dNi
-1.73227002677898,-28.852932081001,-2.03322848253896,-26.8197035984621,-28.852932081001
-1.29415488002952,-28.4148169342516,-1.59519001467709,-26.8196269195745,-28.4148169342516
-0.724278530894906,-27.8449405851169,-1.02524163008166,-26.8196989550353,-27.8449405851169
0.977842609125025,-26.142819445097,-1.0004702540761,-25.1423491910209,-26.142819445097
1.54679521141743,-25.5738668428046,-0.431507257970326,-25.1423595848343,-25.5738668428046
