Total_energy,Adsorption_energy,Rigid_adsorption_energy,Deformation_energy,dEad/dNi
-1.82902559501383,-28.9496876492359,-2.13026789146684,-26.819419757769,-28.9496876492359
-1.35841519833546,-28.4790772525575,-1.65959690201855,-26.8194803505389,-28.4790772525575
-0.909261911541388,-28.0299239657634,-1.21092378539047,-26.8190001803729,-28.0299239657634
-0.357802837257326,-27.4784648914794,-0.658548378283042,-26.8199165131963,-27.4784648914794
0.463776733869642,-26.6568853203524,-1.51437259241413,-25.1425127279383,-26.6568853203524
