Total_energy,Adsorption_energy,Rigid_adsorption_energy,Deformation_energy,dEad/dNi
-1.80848222314588,-28.9291442773679,-2.10952539660607,-26.8196188807618,-28.9291442773679
-1.03810341712723,-28.1587654713493,-1.33889141810011,-26.8198740532492,-28.1587654713493
-0.595180951526498,-27.7158430057485,-0.897371344270429,-26.8184716614781,-27.7158430057485
0.307673157278952,-26.8129888969431,-1.67010114848279,-25.1428877484603,-26.8129888969431
0.993427449911493,-26.1272346043105,-0.984845328258691,-25.1423892760519,-26.1272346043105
