Total_energy,Adsorption_energy,Rigid_adsorption_energy,Deformation_energy,dEad/dNi
-1.81282079180905,-28.9334828460311,-2.11370535993434,-26.8197774860967,-28.9334828460311
-1.30389284241469,-28.4245548966367,-1.60536053366275,-26.819194362974,-28.4245548966367
-0.912808365108589,-28.0334704193306,-1.21362077345159,-26.819849645879,-28.0334704193306
-0.115809758483955,-27.236471812706,-2.09391075318855,-25.1425610595174,-27.236471812706
1.24518101108193,-25.8754810431401,-0.733116689077306,-25.1423643540628,-25.8754810431401
