Total_energy,Adsorption_energy,Rigid_adsorption_energy,Deformation_energy,dEad/dNi
-1.79014711787663,-28.9108091720987,-2.09188605484094,-26.8189231172577,-28.9108091720987
-1.34356120670289,-28.4642232609249,-1.64436253201368,-26.8198607289112,-28.4642232609249
-0.62556870478955,-27.7462307590116,-0.926565499599851,-26.8196652594117,-27.7462307590116
0.347790410760614,-26.7728716434614,-1.63040137939586,-25.1424702640656,-26.7728716434614
