Total_energy,Adsorption_energy,Rigid_adsorption_energy,Deformation_energy,dEad/dNi
-1.80578513410421,-28.9264471883262,-2.10655734938582,-26.8198898389404,-28.9264471883262
-1.32337724695381,-28.4440393011758,-1.62444304781913,-26.8195962533567,-28.4440393011758
-0.887350013706338,-28.0080120679284,-1.18845266924341,-26.819559398685,-28.0080120679284
-0.0691207693060296,-27.1897828235281,-2.04734190041933,-25.1424409231087,-27.1897828235281
0.842151151217816,-26.2785109030042,-1.13604895802965,-25.1424619449746,-26.2785109030042
