Total_energy,Adsorption_energy,Rigid_adsorption_energy,Deformation_energy,dEad/dNi
-1.81282059048316,-28.9334826447052,-2.11357623267088,-26.8199064120343,-28.9334826447052
-1.32795279423509,-28.4486148484571,-1.62916501352569,-26.8194498349314,-28.4486148484571
-0.911176950603096,-28.0318390048251,-1.21269942319404,-26.8191395816311,-28.0318390048251
-0.413624216553753,-27.5342862707758,-0.71447152106742,-26.8198147497084,-27.5342862707758
0.605334459203888,-26.5153275950181,-1.37288186321429,-25.1424457318039,-26.5153275950181
