Total_energy,Adsorption_energy,Rigid_adsorption_energy,Deformation_energy,dEad/dNi
-1.80623356830072,-28.9268956225227,-2.10799939006478,-26.818896232458,-28.9268956225227
-1.39081931852287,-28.5114813727449,-1.69187084900252,-26.8196105237424,-28.5114813727449
-0.809670123446271,-27.9303321776683,-1.11053161328767,-26.8198005643806,-27.9303321776683
-0.111237187963626,-27.2318992421857,-2.08950049371569,-25.14239874847,-27.2318992421857
1.24294993867151,-25.8777121155505,-0.735291888406209,-25.1424202271443,-25.8777121155505
