Total_energy,Adsorption_energy,Rigid_adsorption_energy,Deformation_energy,dEad/dNi
-1.80750899567106,-28.9281710498931,-2.10840063731057,-26.8197704125825,-28.9281710498931
-1.20013231437528,-28.3207943685973,-1.50221313818871,-26.8185812304086,-28.3207943685973
-0.640887289971411,-27.7615493441934,-0.942061871023359,-26.8194874731701,-27.7615493441934
0.809155673862646,-26.3115063803594,-1.16905061413031,-25.1424557662291,-26.3115063803594
1.51767616133896,-25.6029858928831,-0.460622134663432,-25.1423637582196,-25.6029858928831
