Total_energy,Adsorption_energy,Rigid_adsorption_energy,Deformation_energy,dEad/dNi
-1.7843986288581,-28.9050606830801,-2.08519721886922,-26.8198634642109,-28.9050606830801
-1.24473009031355,-28.3653921445356,-1.54591463330553,-26.81947751123,-28.3653921445356
-0.788060331572804,-27.9087223857948,-1.09067244498766,-26.8180499408072,-27.9087223857948
-0.0707456237747766,-27.1914076779968,-2.04901425718213,-25.1423934208147,-27.1914076779968
1.20602199713383,-25.9146400570882,-0.772299336549581,-25.1423407205386,-25.9146400570882
