Total_energy,Adsorption_energy,Rigid_adsorption_energy,Deformation_energy,dEad/dNi
-1.78982181910351,-28.9104838733255,-2.09064228731548,-26.8198415860101,-28.9104838733255
-1.34938315619901,-28.470045210421,-1.65022189800541,-26.8198233124156,-28.470045210421
-0.80979749590431,-27.9304595501263,-1.11058865024558,-26.8198708998808,-27.9304595501263
0.0278588907285426,-27.0928031634935,-1.95007704994447,-25.142726113549,-27.0928031634935
1.31926444489099,-25.801397609331,-0.658999358951954,-25.1423982503791,-25.801397609331
