Total_energy,Adsorption_energy,Rigid_adsorption_energy,Deformation_energy,dEad/dNi
-1.80267846563986,-28.9233405198619,-2.10345699377538,-26.8198835260865,-28.9233405198619
-1.28237809725019,-28.4030401514722,-1.58430129955855,-26.8187388519137,-28.4030401514722
-0.611082734112507,-27.7317447883345,-0.911941610396597,-26.8198031779379,-27.7317447883345
0.285464532879755,-26.8351975213423,-1.69241621704501,-25.1427813042973,-26.8351975213423
1.30461909501061,-25.8160429592114,-0.673662077017013,-25.1423808821944,-25.8160429592114
