Total_energy,Adsorption_energy,Rigid_adsorption_energy,Deformation_energy,dEad/dNi
-1.80346977873295,-28.924131832955,-2.10487203345919,-26.8192597994958,-28.924131832955
-1.36160247516382,-28.4822645293859,-1.66457812689329,-26.8176864024926,-28.4822645293859
-0.759150339785502,-27.8798123940075,-1.05992281258824,-26.8198895814193,-27.8798123940075
0.815320915830537,-26.3053411383915,-1.16290878640975,-25.1424323519817,-26.3053411383915
1.60523201304782,-25.5154300411742,-0.373078309486958,-25.1423517316873,-25.5154300411742
