Total_energy,Adsorption_energy,Rigid_adsorption_energy,Deformation_energy,dEad/dNi
-1.79160532054601,-28.912267374768,-2.09250422377206,-26.819763150996,-28.912267374768
-1.31475466939786,-28.4354167236199,-1.61563307002925,-26.8197836535906,-28.4354167236199
-0.725065801272146,-27.8457278554942,-1.0258729264031,-26.8198549290911,-27.8457278554942
0.553497918083277,-26.5671641361388,-1.42472112035212,-25.1424430157866,-26.5671641361388
1.15482926300557,-25.9658327912165,-0.823470194440488,-25.142362596776,-25.9658327912165
