Total_energy,Adsorption_energy,Rigid_adsorption_energy,Deformation_energy,dEad/dNi
-1.81113431102848,-28.9317963652505,-2.11193064374328,-26.8198657215072,-28.9317963652505
-1.26705223599883,-28.3877142902209,-1.56860070680615,-26.8191135834147,-28.3877142902209
-0.788703359296216,-27.9093654135183,-1.08949193456562,-26.8198734789526,-27.9093654135183
0.294976644572884,-26.8256854096492,-1.6829670913809,-25.1427183182683,-26.8256854096492
1.15899263429697,-25.9616694199251,-0.819297460355322,-25.1423719595697,-25.9616694199251
