Total_energy,Adsorption_energy,Rigid_adsorption_energy,Deformation_energy,dEad/dNi
-1.77694788993975,-28.8976099441618,-2.07778414402392,-26.8198258001379,-28.8976099441618
-1.3374773312533,-28.4581393854753,-1.63830530264405,-26.8198340828313,-28.4581393854753
-0.965590467086687,-28.0862525213087,-1.2676306449343,-26.8186218763744,-28.0862525213087
-0.475705248916165,-27.5963673031382,-0.776479173582365,-26.8198881295558,-27.5963673031382
0.524286016125247,-26.5963760380968,-1.45389313637047,-25.1424829017263,-26.5963760380968
