Total_energy,Adsorption_energy,Rigid_adsorption_energy,Deformation_energy,dEad/dNi
-1.78856117731867,-28.9092232315407,-2.08965482666575,-26.819568404875,-28.9092232315407
-1.13943328491024,-28.2600953391323,-1.44115338440596,-26.8189419547263,-28.2600953391323
-0.603722593505231,-27.7243846477273,-0.904539908034773,-26.8198447396925,-27.7243846477273
0.0924249549395686,-27.0282370992825,-1.88567884361289,-25.1425582556696,-27.0282370992825
1.29095063978402,-25.829711414438,-0.687314850451583,-25.1423965639864,-25.829711414438
