Total_energy,Adsorption_energy,Rigid_adsorption_energy,Deformation_energy,dEad/dNi
-1.78437709596058,-28.9050391501826,-2.08520870812423,-26.8198304420584,-28.9050391501826
-1.31293810556515,-28.4336001597872,-1.61481064690024,-26.8187895128869,-28.4336001597872
-0.72569226780567,-27.8463543220277,-1.02757296286406,-26.8187813591636,-27.8463543220277
-0.407794339494715,-27.5284563937167,-0.709675859070205,-26.8187805346465,-27.5284563937167
0.0159465764195561,-27.1047154778025,-1.96227565097567,-25.1424398268268,-27.1047154778025
