Total_energy,Adsorption_energy,Rigid_adsorption_energy,Deformation_energy,dEad/dNi
-1.78774139104559,-28.9084034452676,-2.08854508604265,-26.819858359225,-28.9084034452676
-1.26773836167589,-28.3884004158979,-1.56860713436178,-26.8197932815361,-28.3884004158979
-0.477618271449607,-27.5982803256716,-0.778573882139993,-26.8197064435316,-27.5982803256716
0.322360486348701,-26.7983015678733,-1.65572026633811,-25.1425813015352,-26.7983015678733
1.53503140974286,-25.5856306444792,-0.443273840456416,-25.1423568040228,-25.5856306444792
