Total_energy,Adsorption_energy,Rigid_adsorption_energy,Deformation_energy,dEad/dNi
-1.78847224259495,-28.909134296817,-2.08931139062761,-26.8198229061894,-28.909134296817
-1.23640874314659,-28.3570707973686,-1.53728115719061,-26.819789640178,-28.3570707973686
-0.613570064818267,-27.7342321190403,-0.914417468301554,-26.8198146507387,-27.7342321190403
0.59788516058239,-26.5227768936396,-1.38024697688615,-25.1425299167535,-26.5227768936396
1.23129391648205,-25.88936813774,-0.747008444440458,-25.1423596932995,-25.88936813774
