Total_energy,Adsorption_energy,Rigid_adsorption_energy,Deformation_energy,dEad/dNi
-1.82658350272156,-28.9472455569436,-2.12746941776848,-26.8197761391751,-28.9472455569436
-1.37084271015813,-28.4915047643802,-1.67169069199435,-26.8198140723858,-28.4915047643802
-0.636200210883481,-27.7568622651055,-0.937891859291449,-26.8189704058141,-27.7568622651055
0.34496291252222,-26.7756991416998,-1.63325405229462,-25.1424450894052,-26.7756991416998
1.52214608886354,-25.5985159653585,-0.456159954696153,-25.1423560106623,-25.5985159653585
