Total_energy,Adsorption_energy,Rigid_adsorption_energy,Deformation_energy,dEad/dNi
-1.80577285653016,-28.9264349107522,-2.10655770663615,-26.8198772041161,-28.9264349107522
-1.39003148832959,-28.5106935425516,-1.69086566744217,-26.8198278751094,-28.5106935425516
-0.783269292467548,-27.9039313466896,-1.08424610299397,-26.8196852436956,-27.9039313466896
-0.503380501256875,-27.6240425554789,-0.804209440328955,-26.81983311515,-27.6240425554789
-0.105870140070556,-27.2265321942926,-2.08375294306255,-25.14277925123,-27.2265321942926
