Total_energy,Adsorption_energy,Rigid_adsorption_energy,Deformation_energy,dEad/dNi
-1.78513464008197,-28.905796694304,-2.08595136968036,-26.8198453246236,-28.905796694304
-1.35489726158564,-28.4755593158077,-1.65617753941959,-26.8193817763881,-28.4755593158077
-0.898317413395737,-28.0189794676178,-1.19939967559013,-26.8195797920276,-28.0189794676178
-0.295966576240501,-27.4166286304625,-0.598228412553726,-26.8184002179088,-27.4166286304625
0.414318524205601,-26.7063435300164,-1.56372615667116,-25.1426173733453,-26.7063435300164
