Total_energy,Adsorption_energy,Rigid_adsorption_energy,Deformation_energy,dEad/dNi
-1.78957574449419,-28.9102377987162,-2.09037968438459,-26.8198581143316,-28.9102377987162
-1.33445447183916,-28.4551165260612,-1.63565958854163,-26.8194569375196,-28.4551165260612
-0.807193712254931,-27.927855766477,-1.10831156509688,-26.8195442013801,-27.927855766477
-0.0863470813890594,-27.2070091356111,-2.06469517198976,-25.1423139636213,-27.2070091356111
1.0159365466908,-26.1047255075312,-0.962296078486319,-25.1424294290449,-26.1047255075312
