Total_energy,Adsorption_energy,Rigid_adsorption_energy,Deformation_energy,dEad/dNi
-1.79105013440262,-28.9117121886247,-2.09183402381947,-26.8198781648052,-28.9117121886247
-1.36002672955455,-28.4806887837766,-1.66098940352715,-26.8196993802494,-28.4806887837766
-0.852806381381968,-27.973468435604,-1.15375991477185,-26.8197085208322,-27.973468435604
0.333063778953253,-26.7875982752688,-1.64519099862497,-25.1424072766438,-26.7875982752688
1.25890555076743,-25.8617565034546,-0.719406770041663,-25.1423497334129,-25.8617565034546
