Total_energy,Adsorption_energy,Rigid_adsorption_energy,Deformation_energy,dEad/dNi
-1.79478761719732,-28.9154496714193,-2.09583801862669,-26.8196116527927,-28.9154496714193
-1.21283483612671,-28.3334968903487,-1.51363220187632,-26.8198646884724,-28.3334968903487
-0.576905646207534,-27.6975677004296,-0.877660918571482,-26.8199067818581,-27.6975677004296
-0.0856917092408087,-27.2063537634628,-2.06393705507719,-25.1424167083856,-27.2063537634628
0.524962970982497,-26.5956990832395,-1.45299532704625,-25.1427037561933,-26.5956990832395
