Total_energy,Adsorption_energy,Rigid_adsorption_energy,Deformation_energy,dEad/dNi
-1.80888230284538,-28.9295443570674,-2.10972184620153,-26.8198225108659,-28.9295443570674
-1.36594146981038,-28.4866035240324,-1.66676444794015,-26.8198390760923,-28.4866035240324
-0.582766721759364,-27.7034287759814,-0.88351570076091,-26.8199130752205,-27.7034287759814
1.04045890115408,-26.080203153068,-0.937688507969152,-25.1425146450988,-26.080203153068
1.58567109820696,-25.5349909560151,-0.392613678942266,-25.1423772770728,-25.5349909560151
