Total_energy,Adsorption_energy,Rigid_adsorption_energy,Deformation_energy,dEad/dNi
-1.80120954104824,-28.9218715952703,-2.10202942943082,-26.8198421658395,-28.9218715952703
-1.34628252231033,-28.4669445765324,-1.6471361876476,-26.8198083888848,-28.4669445765324
-0.676924611958041,-27.7975866661801,-0.977728367458449,-26.8198582987216,-27.7975866661801
0.316950950905633,-26.8037111033164,-1.66110218681283,-25.1426089165036,-26.8037111033164
1.21256633170054,-25.9080957225215,-0.765349790605761,-25.1427459319157,-25.9080957225215
