Total_energy,Adsorption_energy,Rigid_adsorption_energy,Deformation_energy,dEad/dNi
-1.78550219670923,-28.9061642509313,-2.08640641173817,-26.8197578391931,-28.9061642509313
-1.30402868589401,-28.424690740116,-1.6049654460347,-26.8197252940814,-28.424690740116
-0.725833695181224,-27.8464957494033,-1.02779770903882,-26.8186980403644,-27.8464957494033
-0.315775073841009,-27.436437128063,-0.616538060965664,-26.8198990670974,-27.436437128063
0.734165308245307,-26.3864967459767,-1.24406851153022,-25.1424282344465,-26.3864967459767
