Total_energy,Adsorption_energy,Rigid_adsorption_energy,Deformation_energy,dEad/dNi
-1.80510499608325,-28.9257670503053,-2.10684785899581,-26.8189191913095,-28.9257670503053
-1.28004402670305,-28.4007060809251,-1.58123991830036,-26.8194661626247,-28.4007060809251
-0.907566225826394,-28.0282282800484,-1.20850247616765,-26.8197258038808,-28.0282282800484
-0.0133905011197692,-27.1340525553418,-1.99137250805897,-25.1426800472828,-27.1340525553418
0.995491607742822,-26.1251704464792,-0.982765909096059,-25.1424045373832,-26.1251704464792
