Total_energy,Adsorption_energy,Rigid_adsorption_energy,Deformation_energy,dEad/dNi
-1.76499668983282,-28.8856587440549,-2.06579701307401,-26.8198617309808,-28.8856587440549
-1.26294302125444,-28.3836050754765,-1.56562570218388,-26.8179793732926,-28.3836050754765
-0.817329707575501,-27.9379917617975,-1.11810262591796,-26.8198891358796,-27.9379917617975
-0.14170749935577,-27.2623695535778,-2.11928527622478,-25.143084277353,-27.2623695535778
0.724703824274023,-26.395958229948,-1.25337424614082,-25.1425839838072,-26.395958229948
