Total_energy,Adsorption_energy,Rigid_adsorption_energy,Deformation_energy,dEad/dNi
-1.78931722263062,-28.9099792768527,-2.09022449972163,-26.819754777131,-28.9099792768527
-1.19728124992193,-28.317943304144,-1.4981151104563,-26.8198281936877,-28.317943304144
-0.550386061952787,-27.6710481161748,-0.851367311165981,-26.8196808050088,-27.6710481161748
-0.0812808199194692,-27.2019428741415,-2.05946624632191,-25.1424766278196,-27.2019428741415
0.863289605040556,-26.2573724491815,-1.11494704206402,-25.1424254071175,-26.2573724491815
