Total_energy,Adsorption_energy,Rigid_adsorption_energy,Deformation_energy,dEad/dNi
-1.80898701434151,-28.9296490685635,-2.10974327850036,-26.8199057900632,-28.9296490685635
-1.37521496403991,-28.495877018262,-1.67775773784391,-26.818119280418,-28.495877018262
-0.909175124802381,-28.0298371790244,-1.21117140855552,-26.8186657704689,-28.0298371790244
0.356872441375921,-26.7637896128461,-1.62141440069365,-25.1423752121525,-26.7637896128461
1.55263714559769,-25.5680249086243,-0.425679894422824,-25.1423450142015,-25.5680249086243
