Total_energy,Adsorption_energy,Rigid_adsorption_energy,Deformation_energy,dEad/dNi
-1.79067223214229,-28.9113342863643,-2.09177329241429,-26.81956099395,-28.9113342863643
-1.36524951671782,-28.4859115709399,-1.66649084507477,-26.8194207258651,-28.4859115709399
-0.679111591809541,-27.7997736460316,-0.979917079613331,-26.8198565664182,-27.7997736460316
0.0857687298071756,-27.0348933244149,-1.89253172468277,-25.1423615997321,-27.0348933244149
0.933541505285946,-26.1871205489361,-1.04473356061244,-25.1423869883236,-26.1871205489361
