Total_energy,Adsorption_energy,Rigid_adsorption_energy,Deformation_energy,dEad/dNi
-1.79238622640939,-28.9130482806314,-2.09316670656779,-26.8198815740636,-28.9130482806314
-1.22842813559344,-28.3490901898155,-1.53121256936929,-26.8178776204462,-28.3490901898155
-0.652869412547554,-27.7735314667696,-0.954338730317693,-26.8191927364519,-27.7735314667696
0.820262952601135,-26.3003991016209,-1.15802061238769,-25.1423784892332,-26.3003991016209
1.60618665061811,-25.5144754036039,-0.372116347581537,-25.1423590560224,-25.5144754036039
