Total_energy,Adsorption_energy,Rigid_adsorption_energy,Deformation_energy,dEad/dNi
-1.83809502911114,-28.9587570833332,-2.13892628270855,-26.8198308006246,-28.9587570833332
-1.38274276427336,-28.5034048184954,-1.68465832040785,-26.8187464980875,-28.5034048184954
-0.605621469478848,-27.7262835237009,-0.906575939234173,-26.8197075844667,-27.7262835237009
0.233565489142574,-26.8870965650795,-1.74460365324596,-25.1424929118335,-26.8870965650795
0.983432178856942,-26.1372298753651,-0.994738619988263,-25.1424912553768,-26.1372298753651
