Total_energy,Adsorption_energy,Rigid_adsorption_energy,Deformation_energy,dEad/dNi
-1.38415867024094,-7.98397628212484,-1.38417421333827,-6.59980206878657,-7.98397628212484
-0.95522494223631,-7.55504255412021,-0.955225320941572,-6.59981723317863,-7.55504255412021
-0.418788646164468,-7.01860625804836,-0.418790094948128,-6.59981616310024,-7.01860625804836
