Total_energy,Adsorption_energy,Rigid_adsorption_energy,Deformation_energy,dEad/dNi
-1.38058201243184,-7.98039962431573,-1.38058281141513,-6.5998168129006,-7.98039962431573
-0.962007168266045,-7.56182478014994,-0.96200725504695,-6.59981752510299,-7.56182478014994
-0.286186450996019,-6.88600406287991,-0.28619227682793,-6.59981178605198,-6.88600406287991
