Total_energy,Adsorption_energy,Rigid_adsorption_energy,Deformation_energy,dEad/dNi
-1.38058525994258,-7.98040287182647,-1.38059183027302,-6.59981104155345,-7.98040287182647
-0.837538952332123,-7.43735656421602,-0.8375394822923,-6.59981708192372,-7.43735656421602
-0.180669023492445,-6.78048663537634,-0.1806717329269,-6.59981490244944,-6.78048663537634
