Total_energy,Adsorption_energy,Rigid_adsorption_energy,Deformation_energy,dEad/dNi
-1.3745181713034,-7.9743357831873,-1.37451838672066,-6.59981739646664,-7.9743357831873
-0.851439731775457,-7.45125734365935,-0.851443748863817,-6.59981359479554,-7.45125734365935
-0.512757045725764,-7.11257465760966,-0.512757465802561,-6.5998171918071,-7.11257465760966
