Total_energy,Adsorption_energy,Rigid_adsorption_energy,Deformation_energy,dEad/dNi
-1.38877411182671,-7.9885917237106,-1.38877411717959,-6.59981760653101,-7.9885917237106
-0.846709461415067,-7.44652707329896,-0.846713361637736,-6.59981371166123,-7.44652707329896
-0.306105410620354,-6.90592302250425,-0.306107716424736,-6.59981530607951,-6.90592302250425
