Total_energy,Adsorption_energy,Rigid_adsorption_energy,Deformation_energy,dEad/dNi
-1.38359118694929,-7.98340879883318,-1.38360398054667,-6.59980481828651,-7.98340879883318
-0.839350214629401,-7.4391678265133,-0.839350296950723,-6.59981752956257,-7.4391678265133
-0.267219063645474,-6.86703667552937,-0.26722674702992,-6.59980992849945,-6.86703667552937
