File_name,Total_energy,Adsorption_energy,Rigid_adsorption_energy,Deformation_energy,dEad/dNi
op_0 (3 1 1).std.csv,-0.95522,-7.555,-0.95523,-6.5998,-7.555
op_1 (3 1 1).std.csv,-0.96201,-7.5618,-0.96201,-6.5998,-7.5618
op_2 (3 1 1).std.csv,-0.83754,-7.4374,-0.83754,-6.5998,-7.4374
op_3 (3 1 1).std.csv,-0.85144,-7.4513,-0.85144,-6.5998,-7.4513
op_4 (3 1 1).std.csv,-0.84671,-7.4465,-0.84671,-6.5998,-7.4465
op_5 (3 1 1).std.csv,-0.83935,-7.4392,-0.83935,-6.5998,-7.4392
