Total_energy,Adsorption_energy,Rigid_adsorption_energy,Deformation_energy,dEad/dNi
-1.82785720976683,-28.9485192639889,-2.12897426328267,-26.8195450007062,-28.9485192639889
-1.40528024083696,-28.525942295059,-1.70614112023074,-26.8198011748282,-28.525942295059
-0.894278043236038,-28.0149400974581,-1.19537511559972,-26.8195649818583,-28.0149400974581
-0.37242747835558,-27.4930895325776,-0.673472370696726,-26.8196171618809,-27.4930895325776
0.847843101970259,-26.2728189522518,-1.13026260943071,-25.1425563428211,-26.2728189522518
