Total_energy,Adsorption_energy,Rigid_adsorption_energy,Deformation_energy,dEad/dNi
-1.82163358663214,-28.9422956408542,-2.1223976651929,-26.8198979756613,-28.9422956408542
-1.36168909055273,-28.4823511447748,-1.66248494427958,-26.8198662004952,-28.4823511447748
-0.772813985035329,-27.8934760392574,-1.07370548495363,-26.8197705543037,-27.8934760392574
-0.166285741636892,-27.2869477958589,-0.467747585950951,-26.819200209908,-27.2869477958589
1.21466506586287,-25.9059969883592,-0.763632429978213,-25.142364558381,-25.9059969883592
