Total_energy,Adsorption_energy,Rigid_adsorption_energy,Deformation_energy,dEad/dNi
-1.81783408811359,-28.9384961423356,-2.11866665201904,-26.8198294903166,-28.9384961423356
-1.32464235136706,-28.4453044055891,-1.62572862990928,-26.8195757756798,-28.4453044055891
-0.68630148510502,-27.8069635393271,-0.987216885625766,-26.8197466537013,-27.8069635393271
0.151186639038526,-26.9694754151835,-1.82710039056455,-25.142375024619,-26.9694754151835
1.14439889315102,-25.976263161071,-0.833864518863534,-25.1423986422075,-25.976263161071
