Total_energy,Adsorption_energy,Rigid_adsorption_energy,Deformation_energy,dEad/dNi
-1.80813391981107,-28.9287959740331,-2.10892834179398,-26.8198676322391,-28.9287959740331
-1.14930432210021,-28.2699663763222,-1.45195577647763,-26.8180105998446,-28.2699663763222
-0.714171987014192,-27.8348340412362,-1.01492894965157,-26.8199050915847,-27.8348340412362
-0.405224652954438,-27.5258867071765,-0.706264943542268,-26.8196217636342,-27.5258867071765
0.455326887166948,-26.6653351670551,-1.52284282255193,-25.1424923445032,-26.6653351670551
