Total_energy,Adsorption_energy,Rigid_adsorption_energy,Deformation_energy,dEad/dNi
-1.77206272564774,-28.8927247798698,-2.07300570264937,-26.8197190772204,-28.8927247798698
-1.32758930981556,-28.4482513640376,-1.62914940019751,-26.8191019638401,-28.4482513640376
-0.636480853507679,-27.7571429077297,-0.937249818986432,-26.8198930887433,-27.7571429077297
0.450664619387625,-26.6699974348344,-1.52755305742888,-25.1424443774055,-26.6699974348344
1.51325140616045,-25.6074106480616,-0.465076791719169,-25.1423338563424,-25.6074106480616
