Total_energy,Adsorption_energy,Rigid_adsorption_energy,Deformation_energy,dEad/dNi
-1.80399864447046,-28.9246606986925,-2.10476082374555,-26.8198998749469,-28.9246606986925
-1.30238712881577,-28.4230491830378,-1.60323637722643,-26.8198128058114,-28.4230491830378
-0.828723322167519,-27.9493853763896,-1.12953661725208,-26.8198487591375,-27.9493853763896
-0.078010420422606,-27.1986724746446,-2.05623099032795,-25.1424414843167,-27.1986724746446
1.05731302214942,-26.0633490320726,-0.920953785726776,-25.1423952463458,-26.0633490320726
