Total_energy,Adsorption_energy,Rigid_adsorption_energy,Deformation_energy,dEad/dNi
-1.82435140274392,-28.945013456966,-2.12513718776167,-26.8198762692043,-28.945013456966
-1.42242223175483,-28.5430842859769,-1.74981969426317,-26.7932645917137,-28.5430842859769
-0.808497352360316,-27.9291594065824,-1.11693447572485,-26.8122249308575,-27.9291594065824
0.239293605428048,-26.881368448794,-1.73901091544805,-25.1423575333459,-26.881368448794
1.56186445444923,-25.5587975997728,-0.416443048535616,-25.1423545512372,-25.5587975997728
