Total_energy,Adsorption_energy,Rigid_adsorption_energy,Deformation_energy,dEad/dNi
-1.81954416377223,-28.9402062179943,-2.12046022262576,-26.8197459953685,-28.9402062179943
-1.34710502328731,-28.4677670775093,-1.65096615521413,-26.8168009222952,-28.4677670775093
-0.926647678487126,-28.0473097327092,-1.22746740597478,-26.8198423267344,-28.0473097327092
-0.397105131456706,-27.5177671856787,-0.697845480726289,-26.8199217049525,-27.5177671856787
0.851296868059017,-26.269365186163,-1.12692941804456,-25.1424357681185,-26.269365186163
