Total_energy,Adsorption_energy,Rigid_adsorption_energy,Deformation_energy,dEad/dNi
-1.75669731479864,-28.8773593690207,-2.0576134116686,-26.8197459573521,-28.8773593690207
-1.2816863890748,-28.4023484432968,-1.58277155624615,-26.8195768870507,-28.4023484432968
-0.733224557480377,-27.8538866117024,-1.03482145716501,-26.8190651545374,-27.8538866117024
0.440842418632446,-26.6798196355896,-1.53686962849082,-25.1429500070988,-26.6798196355896
1.15478520551314,-25.9658768487089,-0.823500708013827,-25.1423761406951,-25.9658768487089
