Total_energy,Adsorption_energy,Rigid_adsorption_energy,Deformation_energy,dEad/dNi
-1.81194216270535,-28.9326042169274,-2.11281345990163,-26.8197907570258,-28.9326042169274
-1.37585073833238,-28.4965127925544,-1.67722837192465,-26.8192844206298,-28.4965127925544
-0.949368339454213,-28.0700303936762,-1.25031100531942,-26.8197193883568,-28.0700303936762
-0.613097739364666,-27.7337597935867,-0.91405605608175,-26.819703737505,-27.7337597935867
1.11392941090081,-26.0067326433212,-0.864309218864207,-25.142423424457,-26.0067326433212
