Total_energy,Adsorption_energy,Rigid_adsorption_energy,Deformation_energy,dEad/dNi
-1.80757123444988,-28.9282332886719,-2.10845560800429,-26.8197776806676,-28.9282332886719
-1.30397778374016,-28.4246398379622,-1.60499732803592,-26.8196425099263,-28.4246398379622
-0.580885313322553,-27.7015473675446,-0.881756210132444,-26.8197911574121,-27.7015473675446
0.261072294944867,-26.8595897592772,-1.71713061673061,-25.1424591425466,-26.8595897592772
1.23329029524812,-25.8873717589739,-0.744421895689319,-25.1429498632846,-25.8873717589739
