Total_energy,Adsorption_energy,Rigid_adsorption_energy,Deformation_energy,dEad/dNi
-1.79454628804401,-28.915208342266,-2.09536100403226,-26.8198473382338,-28.915208342266
-1.3285699089667,-28.4492319631887,-1.63049194115421,-26.8187400220345,-28.4492319631887
-0.834941572939381,-27.9556036271614,-1.13567590138803,-26.8199277257734,-27.9556036271614
-0.0530939323171802,-27.1737559865392,-2.03138245361133,-25.1423735329279,-27.1737559865392
1.20963331073887,-25.9110287434832,-0.768654813128225,-25.1423739303549,-25.9110287434832
