Total_energy,Adsorption_energy,Rigid_adsorption_energy,Deformation_energy,dEad/dNi
-1.81855115497695,-28.939213209199,-2.11943659379399,-26.819776615405,-28.939213209199
-1.3773599258476,-28.4980219800696,-1.67830689228272,-26.8197150877869,-28.4980219800696
-0.885221240716448,-28.0058832949385,-1.18650717919295,-26.8193761157455,-28.0058832949385
-0.0636510484435397,-27.1843131026656,-2.041838914474,-25.1424741881916,-27.1843131026656
0.890244854715857,-26.2304171995062,-1.08804576484944,-25.1423714346567,-26.2304171995062
