Total_energy,Adsorption_energy,Rigid_adsorption_energy,Deformation_energy,dEad/dNi
-1.80351998461676,-28.9241820388388,-2.10434859239893,-26.8198334464399,-28.9241820388388
-1.33227012186933,-28.4529321760914,-1.65738356201645,-26.7955486140749,-28.4529321760914
-0.922494096939914,-28.0431561511619,-1.22323354894841,-26.8199226022135,-28.0431561511619
-0.0687963139392214,-27.1894583681613,-2.04707322649298,-25.1423851416683,-27.1894583681613
1.17860674620148,-25.9420553080205,-0.799693512216231,-25.1423617958043,-25.9420553080205
