Total_energy,Adsorption_energy,Rigid_adsorption_energy,Deformation_energy,dEad/dNi
-1.81152749000258,-28.9321895442246,-2.11235105723454,-26.8198384869901,-28.9321895442246
-1.3651600350497,-28.4858220892717,-1.66598961954114,-26.8198324697306,-28.4858220892717
-0.782828047927178,-27.9034901021492,-1.08359864989712,-26.8198914522521,-27.9034901021492
0.301398752305244,-26.8192633019168,-1.67645770276016,-25.1428055991566,-26.8192633019168
1.49306519469717,-25.6275968595249,-0.485299070213915,-25.1422977893109,-25.6275968595249
