Total_energy,Adsorption_energy,Rigid_adsorption_energy,Deformation_energy,dEad/dNi
-1.78345790836118,-28.9041199625832,-2.08427138173741,-26.8198485808458,-28.9041199625832
-1.35644456057959,-28.4771066148016,-1.65737867816695,-26.8197279366347,-28.4771066148016
-0.823539209191494,-27.9442012634135,-1.12597345776548,-26.818227805648,-27.9442012634135
0.293225749680075,-26.827436304542,-1.68507449704934,-25.1423618074926,-26.827436304542
1.03161763768627,-26.0890444165358,-0.946678330654087,-25.1423660858817,-26.0890444165358
