Total_energy,Adsorption_energy,Rigid_adsorption_energy,Deformation_energy,dEad/dNi
-1.80160379693945,-28.9222658511615,-2.10242341760976,-26.8198424335517,-28.9222658511615
-1.31803284500696,-28.438694899229,-1.61971785607148,-26.8189770431575,-28.438694899229
-0.712557315779795,-27.8332193700018,-1.01331406060713,-26.8199053093947,-27.8332193700018
-0.0928865717711074,-27.2135486259931,-2.07081840031934,-25.1427302256738,-27.2135486259931
1.27318017015921,-25.8474818840628,-0.705116017049545,-25.1423658670133,-25.8474818840628
