Total_energy,Adsorption_energy,Rigid_adsorption_energy,Deformation_energy,dEad/dNi
-1.84186713277186,-28.9625291869939,-2.14265814622445,-26.8198710407694,-28.9625291869939
-1.33288785403716,-28.4535499082592,-1.63368560093814,-26.8198643073211,-28.4535499082592
-0.770612405263714,-27.8912744594857,-1.07139655177401,-26.8198779077117,-27.8912744594857
-0.0596589181970417,-27.1803209724191,-2.03799424764957,-25.1423267247695,-27.1803209724191
0.785979354413079,-26.334682699809,-1.19226195379806,-25.1424207460109,-26.334682699809
