Total_energy,Adsorption_energy,Rigid_adsorption_energy,Deformation_energy,dEad/dNi
-1.82582682740387,-28.9464888816259,-2.12671596976999,-26.8197729118559,-28.9464888816259
-1.3268492564017,-28.4475113106237,-1.62800464443593,-26.8195066661878,-28.4475113106237
-0.703596579300943,-27.824258633523,-1.00445168683586,-26.8198069466871,-27.824258633523
-0.114801114209059,-27.2354631684311,-2.09303601101948,-25.1424271574116,-27.2354631684311
1.30905609566551,-25.8116059585565,-0.669166338535438,-25.1424396200211,-25.8116059585565
