Total_energy,Adsorption_energy,Rigid_adsorption_energy,Deformation_energy,dEad/dNi
-1.79322807894125,-28.9138901331633,-2.09399974079736,-26.8198903923659,-28.9138901331633
-1.3255928412639,-28.4462548954859,-1.62697855830815,-26.8192763371778,-28.4462548954859
-0.773711495966962,-27.894373550189,-1.07540672351435,-26.8189668266746,-27.894373550189
-0.034996707646652,-27.1556587618687,-2.01321038290448,-25.1424483789642,-27.1556587618687
0.992792275470796,-26.1278697787512,-0.98550214949002,-25.1423676292612,-26.1278697787512
