Total_energy,Adsorption_energy,Rigid_adsorption_energy,Deformation_energy,dEad/dNi
-1.78017603900613,-28.9008380932282,-2.08109810825363,-26.8197399849745,-28.9008380932282
-1.29946345085556,-28.4201255050776,-1.60089360472493,-26.8192319003527,-28.4201255050776
-0.564772217518906,-27.6854342717409,-0.867020390368472,-26.8184138813725,-27.6854342717409
-0.113189754477932,-27.2338518087,-2.09102843430745,-25.1428233743925,-27.2338518087
0.502491606064509,-26.6181704481575,-1.47557184968485,-25.1425985984727,-26.6181704481575
