Total_energy,Adsorption_energy,Rigid_adsorption_energy,Deformation_energy,dEad/dNi
-1.82486871054137,-28.9455307647634,-2.12563488361402,-26.8198958811494,-28.9455307647634
-1.26936996909056,-28.3900320233126,-1.57056278079551,-26.8194692425171,-28.3900320233126
-0.639218133587961,-27.75988018781,-0.94028172944553,-26.8195984583645,-27.75988018781
0.696117569483865,-26.4245444847382,-1.28218665240079,-25.1423578323374,-26.4245444847382
1.45498913247571,-25.6656729217463,-0.523225329050506,-25.1424475926958,-25.6656729217463
