Total_energy,Adsorption_energy,Rigid_adsorption_energy,Deformation_energy,dEad/dNi
-1.80045056349399,-28.921112617716,-2.10129557565338,-26.8198170420626,-28.921112617716
-1.34316811103369,-28.4638301652557,-1.64399482159714,-26.8198353436586,-28.4638301652557
-0.797853454944476,-27.9185155091665,-1.0993420778252,-26.8191734313413,-27.9185155091665
-0.0637087610162417,-27.1843708152383,-2.04196757452967,-25.1424032407086,-27.1843708152383
1.14342632501998,-25.9772357292021,-0.83476423884978,-25.1424714903523,-25.9772357292021
