Total_energy,Adsorption_energy,Rigid_adsorption_energy,Deformation_energy,dEad/dNi
-1.7998555042343,-28.9205175584563,-2.1006588797442,-26.8198586787121,-28.9205175584563
-1.32162218303964,-28.4422842372617,-1.62259573958504,-26.8196884976766,-28.4422842372617
-0.813619321897671,-27.9342813761197,-1.11440384289067,-26.819877533229,-27.9342813761197
-0.0768874260628245,-27.1975494802849,-2.05501578802894,-25.1425336922559,-27.1975494802849
1.22802749977083,-25.8926345544512,-0.750238017320581,-25.1423965371306,-25.8926345544512
