Total_energy,Adsorption_energy,Rigid_adsorption_energy,Deformation_energy,dEad/dNi
-1.79225393087046,-28.9129159850925,-2.09394817494884,-26.8189678101437,-28.9129159850925
-1.25886638041277,-28.3795284346348,-1.55966628820704,-26.8198621464278,-28.3795284346348
-0.785154789433487,-27.9058168436555,-1.08590022735857,-26.819916616297,-27.9058168436555
-0.0714641921722057,-27.1921262463942,-2.04962913375534,-25.1424971126389,-27.1921262463942
0.805460692076753,-26.3152013621453,-1.17271922806744,-25.1424821340778,-26.3152013621453
