Total_energy,Adsorption_energy,Rigid_adsorption_energy,Deformation_energy,dEad/dNi
-1.80621462579151,-28.9268766800135,-2.10708493324624,-26.8197917467673,-28.9268766800135
-1.35785501258279,-28.4785170668048,-1.65917449218116,-26.8193425746237,-28.4785170668048
-0.654832342324053,-27.7754943965461,-0.956658003488062,-26.818836393058,-27.7754943965461
-0.0870912592352628,-27.2077533134573,-2.06539610218254,-25.1423572112748,-27.2077533134573
0.495670780532131,-26.6249912736899,-1.48246814469531,-25.1425231289946,-26.6249912736899
