Total_energy,Adsorption_energy,Rigid_adsorption_energy,Deformation_energy,dEad/dNi
-1.78249458438783,-28.9031566386099,-2.08324967582995,-26.8199069627799,-28.9031566386099
-1.33109197663495,-28.451754030857,-1.63219661540396,-26.819557415453,-28.451754030857
-0.759279746013531,-27.8799418002356,-1.0603535198029,-26.8195882804327,-27.8799418002356
-0.0738273155547025,-27.1944893697767,-2.05196330601098,-25.1425260637658,-27.1944893697767
0.70536373427014,-26.4152983199519,-1.2729238240047,-25.1423744959472,-26.4152983199519
