Total_energy,Adsorption_energy,Rigid_adsorption_energy,Deformation_energy,dEad/dNi
-1.80880165778909,-28.9294637120111,-2.1096464557978,-26.8198172562133,-28.9294637120111
-1.33224716103335,-28.4529092152554,-1.63527328808471,-26.8176359271707,-28.4529092152554
-0.708113220321463,-27.8287752745435,-1.00971286609666,-26.8190624084468,-27.8287752745435
0.575716119664715,-26.5449459345573,-1.40254484700966,-25.1424010875477,-26.5449459345573
1.34225045172395,-25.7784116024981,-0.635721206156727,-25.1426903963414,-25.7784116024981
