Total_energy,Adsorption_energy,Rigid_adsorption_energy,Deformation_energy,dEad/dNi
-1.74637592854651,-28.8670379827685,-2.04716580137337,-26.8198721813952,-28.8670379827685
-1.26172812413894,-28.382390178361,-1.56277552727958,-26.8196146510814,-28.382390178361
-0.814530914271205,-27.9351929684932,-1.11557829002219,-26.8196146784711,-27.9351929684932
0.5102052995345,-26.6104567546875,-1.46793023379478,-25.1425265208928,-26.6104567546875
1.18746564944987,-25.9331964047722,-0.790829203470059,-25.1423672013021,-25.9331964047722
