Total_energy,Adsorption_energy,Rigid_adsorption_energy,Deformation_energy,dEad/dNi
-1.77501539889344,-28.8956774531155,-2.07592589241492,-26.8197515607005,-28.8956774531155
-1.31488987679273,-28.4355519310148,-1.61574998398249,-26.8198019470323,-28.4355519310148
-0.836543155844886,-27.9572052100669,-1.13735590317456,-26.8198493068924,-27.9572052100669
-0.405915302018149,-27.5265773562402,-0.706714878179633,-26.8198624780605,-27.5265773562402
0.431242931688492,-26.6894191225335,-1.54666816867688,-25.1427509538567,-26.6894191225335
