Total_energy,Adsorption_energy,Rigid_adsorption_energy,Deformation_energy,dEad/dNi
-1.79812455426825,-28.9187866084903,-2.09900998625987,-26.8197766222304,-28.9187866084903
-1.37423397191974,-28.4948960261418,-1.67536991546325,-26.8195261106785,-28.4948960261418
-0.428879290981344,-27.5495413452034,-0.729634285675782,-26.8199070595276,-27.5495413452034
0.321751540606455,-26.7989105136156,-1.6563231066372,-25.1425874069784,-26.7989105136156
0.982082830099853,-26.1385792241222,-0.996048826849506,-25.1425303972727,-26.1385792241222
