Total_energy,Adsorption_energy,Rigid_adsorption_energy,Deformation_energy,dEad/dNi
-1.78797755359357,-28.9086396078156,-2.08874757948316,-26.8198920283324,-28.9086396078156
-1.34693974558535,-28.4676017998074,-1.64784011170267,-26.8197616881047,-28.4676017998074
-0.830766736010222,-27.9514287902323,-1.13163741293452,-26.8197913772977,-27.9514287902323
-0.584669134999553,-27.7053311892216,-0.885726217003104,-26.8196049722185,-27.7053311892216
0.336918436250872,-26.7837436179712,-1.64114421133292,-25.1425994066382,-26.7837436179712
