Total_energy,Adsorption_energy,Rigid_adsorption_energy,Deformation_energy,dEad/dNi
-1.80967996569183,-28.9303420199139,-2.11089901198239,-26.8194430079315,-28.9303420199139
-1.3724088623485,-28.4930709165705,-1.67322268415477,-26.8198482324158,-28.4930709165705
-0.949333773642245,-28.0699958278643,-1.25115410171741,-26.8188417261469,-28.0699958278643
-0.613034297479239,-27.7336963517013,-0.91381286890765,-26.8198834827936,-27.7336963517013
0.830684014077408,-26.2899780401446,-1.1476158546194,-25.1423621855252,-26.2899780401446
