Total_energy,Adsorption_energy,Rigid_adsorption_energy,Deformation_energy,dEad/dNi
-1.80125436140355,-28.9219164156256,-2.10240930832264,-26.8195071073029,-28.9219164156256
-1.36433947314064,-28.4850015273627,-1.66514680741412,-26.8198547199486,-28.4850015273627
-0.812872245439787,-27.9335342996618,-1.11480703053765,-26.8187272691242,-27.9335342996618
0.330837541201242,-26.7898245130208,-1.64683824288407,-25.1429862701367,-26.7898245130208
1.26282533734191,-25.8578367168801,-0.715454766185014,-25.1423819506951,-25.8578367168801
