Total_energy,Adsorption_energy,Rigid_adsorption_energy,Deformation_energy,dEad/dNi
-1.80788103119527,-28.9285430854173,-2.10883618472335,-26.819706900694,-28.9285430854173
-1.22076800958284,-28.3414300638049,-1.52594279647451,-26.8154872673304,-28.3414300638049
-0.620060433937063,-27.7407224881591,-0.920866234603312,-26.8198562535558,-27.7407224881591
-0.121471017585988,-27.242133071808,-0.422211091411358,-26.8199219803967,-27.242133071808
0.37936192508192,-26.7413001291401,-1.5987594646814,-25.1425406644587,-26.7413001291401
