Total_energy,Adsorption_energy,Rigid_adsorption_energy,Deformation_energy,dEad/dNi
-1.74332647320856,-28.8639885274306,-2.04419205027226,-26.8197964771583,-28.8639885274306
-1.23600361482818,-28.3566656690502,-1.53761513268632,-26.8190505363639,-28.3566656690502
-0.779005456274636,-27.8996675104967,-1.08096468532801,-26.8187028251687,-27.8996675104967
-0.354803083273392,-27.4754651374954,-0.655785606996298,-26.8196795304991,-27.4754651374954
0.767853128122495,-26.3528089260995,-1.21043911498928,-25.1423698111103,-26.3528089260995
