Total_energy,Adsorption_energy,Rigid_adsorption_energy,Deformation_energy,dEad/dNi
-1.78851824265496,-28.909180296877,-2.08961445247383,-26.8195658444032,-28.909180296877
-1.32166618332274,-28.4423282375448,-1.62279395897922,-26.8195342785656,-28.4423282375448
-0.718455667330082,-27.8391177215521,-1.01926992323903,-26.8198477983131,-27.8391177215521
-0.0824227072232633,-27.2030847614453,-2.06046007771789,-25.1426246837274,-27.2030847614453
0.448442855024955,-26.6722191991971,-1.52943055837031,-25.1427886408268,-26.6722191991971
