Total_energy,Adsorption_energy,Rigid_adsorption_energy,Deformation_energy,dEad/dNi
-1.80243106579981,-28.9230931200218,-2.1032411086699,-26.8198520113519,-28.9230931200218
-1.35607515457824,-28.4767372088003,-1.65716657666693,-26.8195706321333,-28.4767372088003
-0.866463720304288,-27.9871257745263,-1.16829208010801,-26.8188336944183,-27.9871257745263
-0.0704050654885813,-27.1910671197106,-2.04852108859108,-25.1425460311195,-27.1910671197106
1.0888768299722,-26.0317852242498,-0.889407833633614,-25.1423773906162,-26.0317852242498
