Total_energy,Adsorption_energy,Rigid_adsorption_energy,Deformation_energy,dEad/dNi
-1.8134739862865,-28.9341360405085,-2.11429412331821,-26.8198419171903,-28.9341360405085
-1.28779924443472,-28.4084612986568,-1.58880676725415,-26.8196545314026,-28.4084612986568
-0.861050012230493,-27.9817120664525,-1.16180467582754,-26.819907390625,-27.9817120664525
1.03025202974058,-26.0904100244815,-0.948044416863076,-25.1423656076184,-26.0904100244815
