Total_energy,Adsorption_energy,Rigid_adsorption_energy,Deformation_energy,dEad/dNi
-1.78413377899875,-28.9047958332208,-2.08510515673854,-26.8196906764822,-28.9047958332208
-1.3651169292963,-28.4857789835183,-1.66597801434433,-26.819800969174,-28.4857789835183
-0.824971740617514,-27.9456337948395,-1.12760506575603,-26.8180287290835,-27.9456337948395
-0.321690029949616,-27.4423520841716,-0.622433021693611,-26.819919062478,-27.4423520841716
0.782204520797134,-26.3384575334249,-1.19610726417941,-25.1423502692455,-26.3384575334249
