Total_energy,Adsorption_energy,Rigid_adsorption_energy,Deformation_energy,dEad/dNi
-1.79706171256117,-28.9177237667832,-2.09783148397065,-26.8198922828126,-28.9177237667832
-1.22699374502516,-28.3476557992472,-1.52803866364458,-26.8196171356026,-28.3476557992472
-0.685610956647275,-27.8062730108693,-0.986387804169078,-26.8198852067002,-27.8062730108693
-0.0834155536028962,-27.2040776078249,-2.06164240205011,-25.1424352057748,-27.2040776078249
1.05136305516641,-26.0692989990556,-0.926920957537909,-25.1423780415177,-26.0692989990556
