Total_energy,Adsorption_energy,Rigid_adsorption_energy,Deformation_energy,dEad/dNi
-1.82992681809781,-28.9505888723198,-2.13077828727498,-26.8198105850449,-28.9505888723198
-1.28731708413991,-28.4079791383619,-1.58809069834243,-26.8198884400195,-28.4079791383619
-0.829987706486413,-27.9506497607084,-1.13167808349575,-26.8189716772127,-27.9506497607084
-0.331312280946574,-27.4519743351686,-0.632202253070709,-26.8197720820979,-27.4519743351686
0.937037408018314,-26.1836246462037,-1.0411728485489,-25.1424517976548,-26.1836246462037
