Total_energy,Adsorption_energy,Rigid_adsorption_energy,Deformation_energy,dEad/dNi
-1.6902230861913,-1.91634671451881,-1.69022856238792,-0.226118152130898,-1.91634671451881
-1.17171635115622,-1.39783997948374,-1.17172443683285,-0.226115542650898,-1.39783997948374
-0.579782361379505,-0.805905989707024,-0.579790674804337,-0.226115314902687,-0.805905989707024
