Total_energy,Adsorption_energy,Rigid_adsorption_energy,Deformation_energy,dEad/dNi
-1.70033394818915,-1.92645757651667,-1.70034261251017,-0.226114964006505,-1.92645757651667
-1.27682028601551,-1.50294391434303,-1.27683937920664,-0.226104535136388,-1.50294391434303
-0.573880010297478,-0.800003638624997,-0.573894768125188,-0.226108870499809,-0.800003638624997
