Total_energy,Adsorption_energy,Rigid_adsorption_energy,Deformation_energy,dEad/dNi
-1.68595493806224,-1.91207856638976,-1.68596908986147,-0.226109476528285,-1.91207856638976
-1.24584533111327,-1.47196895944079,-1.2458509180052,-0.226118041435592,-1.47196895944079
-0.74204963286846,-0.968173261195979,-0.742079126750938,-0.22609413444504,-0.968173261195979
