Total_energy,Adsorption_energy,Rigid_adsorption_energy,Deformation_energy,dEad/dNi
-1.69126879315017,-1.91739242147769,-1.69129619660698,-0.226096224870701,-1.91739242147769
-1.20603246034698,-1.4321560886745,-1.20603578483859,-0.226120303835908,-1.4321560886745
-0.85474505166181,-1.08086867998933,-0.854767002678002,-0.226101677311328,-1.08086867998933
-0.340635592134164,-0.566759220461683,-0.340640086512175,-0.226119133949508,-0.566759220461683
