Total_energy,Adsorption_energy,Rigid_adsorption_energy,Deformation_energy,dEad/dNi
-1.69125039302206,-1.91737402134958,-1.69130278188725,-0.22607123946233,-1.91737402134958
-1.2757418570925,-1.50186548542002,-1.27584058429345,-0.226024901126573,-1.50186548542002
-0.739645009010659,-0.965768637338178,-0.739653354811146,-0.226115282527032,-0.965768637338178
-0.222189951223048,-0.448313579550567,-0.22220771418456,-0.226105865366007,-0.448313579550567
