Total_energy,Adsorption_energy,Rigid_adsorption_energy,Deformation_energy,dEad/dNi
-1.67883524330857,-1.90495887163609,-1.67883876511107,-0.226120106525023,-1.90495887163609
-0.961836288682929,-1.18795991701045,-0.961871588635103,-0.226088328375345,-1.18795991701045
-0.755963065902526,-0.982086694230045,-0.755976233711885,-0.22611046051816,-0.982086694230045
