Total_energy,Adsorption_energy,Rigid_adsorption_energy,Deformation_energy,dEad/dNi
-1.6834117287684,-1.90953535709592,-1.68341691376599,-0.226118443329924,-1.90953535709592
-1.19248006627701,-1.41860369460453,-1.19251677432761,-0.226086920276917,-1.41860369460453
-0.731873146527214,-0.957996774854733,-0.731887607873553,-0.22610916698118,-0.957996774854733
