Total_energy,Adsorption_energy,Rigid_adsorption_energy,Deformation_energy,dEad/dNi
-1.67061088746102,-1.89673451578854,-1.67065787817156,-0.226076637616979,-1.89673451578854
-1.17505665948193,-1.40118028780945,-1.17508669007648,-0.226093597732968,-1.40118028780945
-0.552329886409409,-0.778453514736928,-0.552334903758628,-0.2261186109783,-0.778453514736928
-0.241010532894917,-0.467134161222436,-0.241013098046659,-0.226121063175777,-0.467134161222436
