Total_energy,Adsorption_energy,Rigid_adsorption_energy,Deformation_energy,dEad/dNi
-1.69362518782134,-1.91974881614886,-1.6936317752482,-0.226117040900661,-1.91974881614886
-1.21047148488771,-1.43659511321523,-1.21049250520795,-0.226102608007284,-1.43659511321523
-0.781360082006842,-1.00748371033436,-0.781370617518951,-0.22611309281541,-1.00748371033436
-0.21551707743137,-0.441640705758889,-0.215605557260802,-0.226035148498087,-0.441640705758889
