Total_energy,Adsorption_energy,Rigid_adsorption_energy,Deformation_energy,dEad/dNi
-1.6784833170892,-1.90460694541671,-1.67850271300562,-0.226104232411094,-1.90460694541671
-1.20016274265497,-1.42628637098249,-1.20017758592207,-0.226108785060424,-1.42628637098249
-0.760672461948707,-0.986796090276226,-0.7606939309714,-0.226102159304826,-0.986796090276226
