Total_energy,Adsorption_energy,Rigid_adsorption_energy,Deformation_energy,dEad/dNi
-1.6775746829,-1.90369831122752,-1.67759258892365,-0.226105722303876,-1.90369831122752
-1.22749341248625,-1.45361704081377,-1.22750076437417,-0.226116276439604,-1.45361704081377
-0.807880610553125,-1.03400423888064,-0.807884581134352,-0.226119657746292,-1.03400423888064
-0.263205550598815,-0.489329178926334,-0.263266984777546,-0.226062194148788,-0.489329178926334
