Total_energy,Adsorption_energy,Rigid_adsorption_energy,Deformation_energy,dEad/dNi
-1.6805205433819,-1.90664417170942,-1.6805268744416,-0.22611729726782,-1.90664417170942
-1.26402337655319,-1.49014700488071,-1.2640544994122,-0.226092505468511,-1.49014700488071
-0.677156556043177,-0.903280184370697,-0.677229358000329,-0.226050826370368,-0.903280184370697
