Total_energy,Adsorption_energy,Rigid_adsorption_energy,Deformation_energy,dEad/dNi
-1.68188617477825,-1.90800980310577,-1.68189416061137,-0.226115642494392,-1.90800980310577
-1.13287564951651,-1.35899927784403,-1.13290756699746,-0.226091710846573,-1.35899927784403
-0.633697800309088,-0.859821428636607,-0.633752263431284,-0.226069165205323,-0.859821428636607
