Total_energy,Adsorption_energy,Rigid_adsorption_energy,Deformation_energy,dEad/dNi
-1.68350488093952,-1.90962850926703,-1.68351818176497,-0.226110327502069,-1.90962850926703
-1.23612347383459,-1.46224710216211,-1.23613149440323,-0.226115607758882,-1.46224710216211
-0.673197932684593,-0.899321561012113,-0.673213195698628,-0.226108365313485,-0.899321561012113
-0.260529375541085,-0.486653003868604,-0.260544388112118,-0.226108615756486,-0.486653003868604
