Total_energy,Adsorption_energy,Rigid_adsorption_energy,Deformation_energy,dEad/dNi
-1.81530125436257,-28.9359633085846,-2.11608911587393,-26.8198741927107,-28.9359633085846
-1.34123787941351,-28.4618999336355,-1.64279285444291,-26.8191070791926,-28.4618999336355
-0.982824699615543,-28.1034867538376,-1.28382513302458,-26.819661620813,-28.1034867538376
-0.467174153989189,-27.5878362082112,-0.768149123464411,-26.8196870847468,-27.5878362082112
0.78256090273739,-26.3381011514846,-1.19527227587464,-25.14282887561,-26.3381011514846
