Total_energy,Adsorption_energy,Rigid_adsorption_energy,Deformation_energy,dEad/dNi
-1.81473330809782,-28.9353953623199,-2.11551647492433,-26.8198788873955,-28.9353953623199
-1.13733006083131,-28.2579921150533,-1.43856873634363,-26.8194233787097,-28.2579921150533
-0.467399466847128,-27.5880615210692,-0.768204449030472,-26.8198570720387,-27.5880615210692
-0.0793552183268681,-27.2000172725489,-0.380091585613655,-26.8199256869352,-27.2000172725489
0.878527906055742,-26.2421341481663,-1.0997617855342,-25.1423723626321,-26.2421341481663
