Total_energy,Adsorption_energy,Rigid_adsorption_energy,Deformation_energy,dEad/dNi
-1.7851523146571,-28.9058143688791,-2.08616606309494,-26.8196483057842,-28.9058143688791
-1.34402544818915,-28.4646875024112,-1.64510367862106,-26.8195838237901,-28.4646875024112
-0.881524520115507,-28.0021865743375,-1.18386939396164,-26.8183171803759,-28.0021865743375
-0.0665398993444508,-27.1872019535665,-2.04478410495132,-25.1424178486152,-27.1872019535665
0.641011969419625,-26.4796500848024,-1.33714148751999,-25.1425085972824,-26.4796500848024
