Total_energy,Adsorption_energy,Rigid_adsorption_energy,Deformation_energy,dEad/dNi
-1.81629084437497,-28.936952898597,-2.11730153809116,-26.8196513605058,-28.936952898597
-1.31134952876965,-28.4320115829917,-1.61347195661503,-26.8185396263767,-28.4320115829917
-0.817401883836091,-27.9380639380581,-1.11838203820094,-26.8196818998572,-27.9380639380581
-0.0756289387252895,-27.1962909929473,-2.05387634297021,-25.1424146499771,-27.1962909929473
0.883960792261875,-26.2367012619602,-1.09418122131229,-25.1425200406479,-26.2367012619602
