Total_energy,Adsorption_energy,Rigid_adsorption_energy,Deformation_energy,dEad/dNi
-1.78769474478318,-28.9083567990052,-2.08956694883737,-26.8187898501678,-28.9083567990052
-1.23182332294886,-28.3524853771709,-1.53339982533575,-26.8190855518351,-28.3524853771709
-0.76546774967861,-27.8861298039006,-1.06624624001351,-26.8198835638871,-27.8861298039006
-0.349368538191361,-27.4700305924134,-0.650204331888485,-26.8198262605249,-27.4700305924134
1.21217275118101,-25.908489303041,-0.766067135442203,-25.1424221675988,-25.908489303041
