Total_energy,Adsorption_energy,Rigid_adsorption_energy,Deformation_energy,dEad/dNi
-1.80793143434736,-28.9285934885694,-2.1087314159623,-26.8198620726071,-28.9285934885694
-1.37249843378834,-28.4931604880104,-1.67341137276637,-26.819749115244,-28.4931604880104
-0.844698916846501,-27.9653609710685,-1.14643419593624,-26.8189267751323,-27.9653609710685
-0.568450391647333,-27.6891124458694,-0.869735165058821,-26.8193772808105,-27.6891124458694
0.239890927405031,-26.880771126817,-1.73838584825951,-25.1423852785575,-26.880771126817
