Total_energy,Adsorption_energy,Rigid_adsorption_energy,Deformation_energy,dEad/dNi
-1.82164442958029,-28.9423064838023,-2.12250450142995,-26.8198019823724,-28.9423064838023
-1.3339802850991,-28.4546423393211,-1.63557578602046,-26.8190665533007,-28.4546423393211
-0.775226959503433,-27.8958890137255,-1.07599193904927,-26.8198970746762,-27.8958890137255
-0.135763483077538,-27.2564255372996,-2.11391688888873,-25.1425086484108,-27.2564255372996
0.838374069915695,-26.2822879843063,-1.13992355929129,-25.142364425015,-26.2822879843063
