Total_energy,Adsorption_energy,Rigid_adsorption_energy,Deformation_energy,dEad/dNi
-1.80826558343547,-28.9289276376575,-2.1090534658715,-26.819874171786,-28.9289276376575
-1.32362140703115,-28.4442834612532,-1.62496181395319,-26.8193216473,-28.4442834612532
-0.918847423584404,-28.0395094778064,-1.21986971852308,-26.8196397592834,-28.0395094778064
0.874731307440016,-26.245930746782,-1.10356286191207,-25.1423678848699,-26.245930746782
1.55124953095443,-25.5694125232676,-0.427050457962535,-25.1423620653051,-25.5694125232676
