Total_energy,Adsorption_energy,Rigid_adsorption_energy,Deformation_energy,dEad/dNi
-1.80024789504376,-28.9209099492658,-2.10113769759947,-26.8197722516663,-28.9209099492658
-1.29801270245833,-28.4186747566804,-1.5987545652326,-26.8199201914478,-28.4186747566804
-0.6918600651687,-27.8125221193907,-0.992887977166747,-26.819634142224,-27.8125221193907
-0.107222943819163,-27.2278849980412,-2.08539040457525,-25.1424945934659,-27.2278849980412
0.916067187456355,-26.2045948667657,-1.06222388989569,-25.14237097687,-26.2045948667657
