Total_energy,Adsorption_energy,Rigid_adsorption_energy,Deformation_energy,dEad/dNi
-1.80122615644873,-28.9218882106708,-2.10208559424459,-26.8198026164262,-28.9218882106708
-1.29631097715447,-28.4169730313765,-1.59706507066366,-26.8199079607128,-28.4169730313765
-0.782266424665382,-27.9029284788874,-1.08352659766039,-26.819401881227,-27.9029284788874
-0.318111338072865,-27.4387733922949,-0.619257327382188,-26.8195160649127,-27.4387733922949
0.209825908704329,-26.9108361455177,-1.76841533566831,-25.1424208098494,-26.9108361455177
