Total_energy,Adsorption_energy,Rigid_adsorption_energy,Deformation_energy,dEad/dNi
-1.74699926342666,-28.8676613176487,-2.04798884462774,-26.819672473021,-28.8676613176487
-1.27483644776142,-28.3954985019835,-1.57559074750531,-26.8199077544781,-28.3954985019835
-0.80088997052758,-27.9215520247496,-1.10167624704285,-26.8198757777068,-27.9215520247496
-0.0523045150088945,-27.1729665692309,-2.03051952449075,-25.1424470447402,-27.1729665692309
1.1640691697307,-25.9565928844913,-0.814194149076924,-25.1423987354144,-25.9565928844913
