Total_energy,Adsorption_energy,Rigid_adsorption_energy,Deformation_energy,dEad/dNi
-1.81296604034407,-28.9336280945661,-2.11373380860401,-26.8198942859621,-28.9336280945661
-1.36442088777077,-28.4850829419928,-1.66529666650548,-26.8197862754873,-28.4850829419928
-0.669830813344831,-27.7904928675669,-0.970599878296669,-26.8198929892702,-27.7904928675669
0.0258005396055334,-27.0948615146165,-1.95251109534588,-25.1423504192706,-27.0948615146165
1.19714837670905,-25.923513677513,-0.78113785304034,-25.1423758244726,-25.923513677513
