Total_energy,Adsorption_energy,Rigid_adsorption_energy,Deformation_energy,dEad/dNi
-1.73789794418439,-28.8585599984064,-2.03869929730067,-26.8198607011058,-28.8585599984064
-1.32748294881989,-28.4481450030419,-1.6293114512333,-26.8188335518086,-28.4481450030419
-0.628052708468309,-27.7487147626903,-0.928851957818983,-26.8198628048714,-27.7487147626903
0.0531820748299925,-27.067479979392,-1.92429307812579,-25.1431869012662,-27.067479979392
0.790074054651431,-26.3305879995706,-1.18819541325527,-25.1423925863153,-26.3305879995706
