Total_energy,Adsorption_energy,Rigid_adsorption_energy,Deformation_energy,dEad/dNi
-1.75444703858277,-28.8751090928048,-2.05554823268838,-26.8195608601164,-28.8751090928048
-1.3073034557118,-28.4279655099338,-1.6091063332422,-26.8188591766916,-28.4279655099338
-0.601555860341762,-27.7222179145638,-0.90234034022874,-26.8198775743351,-27.7222179145638
0.0339415346971979,-27.0867205195248,-0.266805045744775,-26.8199154737801,-27.0867205195248
0.785497615986565,-26.3351644382355,-1.19268592146057,-25.1424785167749,-26.3351644382355
