Total_energy,Adsorption_energy,Rigid_adsorption_energy,Deformation_energy,dEad/dNi
-1.80771937151022,-28.9283814257323,-2.1085148331821,-26.8198665925502,-28.9283814257323
-1.28688668030524,-28.4075487345273,-1.58807531884255,-26.8194734156847,-28.4075487345273
-0.627134519181391,-27.7477965734034,-0.927986309230808,-26.8198102641726,-27.7477965734034
0.86645962952121,-26.2542024247008,-1.11168994480417,-25.1425124798967,-26.2542024247008
1.3710833746932,-25.7495786795288,-0.607182855986888,-25.1423958235419,-25.7495786795288
