Total_energy,Adsorption_energy,Rigid_adsorption_energy,Deformation_energy,dEad/dNi
-1.80441357736657,-28.9250756315886,-2.10528013078925,-26.8197955007994,-28.9250756315886
-1.2860034815756,-28.4066655357976,-1.58711503821134,-26.8195504975863,-28.4066655357976
-0.691416484723931,-27.812078538946,-0.992369731718372,-26.8197088072276,-27.812078538946
-0.106726553895671,-27.2273886081177,-2.08503675291855,-25.1423518551992,-27.2273886081177
0.915041521408292,-26.2056205328137,-1.06318246974372,-25.14243806307,-26.2056205328137
