Total_energy,Adsorption_energy,Rigid_adsorption_energy,Deformation_energy,dEad/dNi
-1.66039577247946,-28.7810578267015,-1.96128713399822,-26.8197706927033,-28.7810578267015
-1.22846209634004,-28.3491241505621,-1.52939781568176,-26.8197263348803,-28.3491241505621
-0.679060183601688,-27.7997222378237,-0.979812844421599,-26.8199093934021,-27.7997222378237
0.510075555690138,-26.6105864985319,-1.46805524599104,-25.1425312525409,-26.6105864985319
