Total_energy,Adsorption_energy,Rigid_adsorption_energy,Deformation_energy,dEad/dNi
-1.8332065674486,-28.9538686216706,-2.13429865914006,-26.8195699625306,-28.9538686216706
-1.24025067495867,-28.3609127291807,-1.54106091867279,-26.8198518105079,-28.3609127291807
-0.597046519750908,-27.7177085739729,-0.897967962108523,-26.8197406118644,-27.7177085739729
1.06262190245579,-26.0580401517662,-0.915635980839316,-25.1424041709269,-26.0580401517662
1.70841760235814,-25.4122444518639,-0.26986422405873,-25.1423802278052,-25.4122444518639
