Total_energy,Adsorption_energy,Rigid_adsorption_energy,Deformation_energy,dEad/dNi
-1.78652885675113,-28.9071909109732,-2.08736607412158,-26.8198248368516,-28.9071909109732
-1.18484156158634,-28.3055036158084,-1.48566223141321,-26.8198413843952,-28.3055036158084
-0.588016833628969,-27.708678887851,-0.891023498388397,-26.8176553894626,-27.708678887851
0.468884934130866,-26.6517771200912,-1.50921882623711,-25.1425582938541,-26.6517771200912
1.16897525452747,-25.9516867996946,-0.809203002979322,-25.1424837967152,-25.9516867996946
