Total_energy,Adsorption_energy,Rigid_adsorption_energy,Deformation_energy,dEad/dNi
-1.78956253662211,-28.9102245908441,-2.09104883736224,-26.8191757534819,-28.9102245908441
-1.29601183337446,-28.4166738875965,-1.59709025148524,-26.8195836361113,-28.4166738875965
-0.630708712746264,-27.7513707669683,-0.931646534132108,-26.8197242328362,-27.7513707669683
-0.0876696677189164,-27.208331721941,-2.0658572069648,-25.1424745149762,-27.208331721941
1.09891072098674,-26.0217513332353,-0.879364259228581,-25.1423870740067,-26.0217513332353
