Total_energy,Adsorption_energy,Rigid_adsorption_energy,Deformation_energy,dEad/dNi
-1.80558348548728,-28.9262455397093,-2.10656010859093,-26.8196854311184,-28.9262455397093
-1.34137483173597,-28.462036885958,-1.64228051448819,-26.8197563714698,-28.462036885958
-0.654273824831065,-27.7749358790531,-0.95556645667183,-26.8193694223813,-27.7749358790531
-0.0423453664323407,-27.1630074206544,-0.344283264335564,-26.8187241563188,-27.1630074206544
1.55058763001612,-25.5700744242059,-0.427708853088481,-25.1423655711174,-25.5700744242059
