Total_energy,Adsorption_energy,Rigid_adsorption_energy,Deformation_energy,dEad/dNi
-1.79983584132043,-28.9204978955425,-2.1007524150269,-26.8197454805156,-28.9204978955425
-1.33779406179947,-28.4584561160215,-1.63882353355014,-26.8196325824714,-28.4584561160215
-0.843473736749396,-27.9641357909714,-1.14450555935133,-26.8196302316201,-27.9641357909714
-0.0962053630086592,-27.2168674172307,-2.07432214489131,-25.1425452723394,-27.2168674172307
0.863768985133872,-26.2568930690882,-1.11468063934554,-25.1422124297426,-26.2568930690882
