Total_energy,Adsorption_energy,Rigid_adsorption_energy,Deformation_energy,dEad/dNi
-1.82217187285607,-28.9428339270781,-2.12298412416334,-26.8198498029148,-28.9428339270781
-1.34843903724104,-28.4691010914631,-1.64954007163925,-26.8195610198238,-28.4691010914631
-0.749176703436776,-27.8698387576588,-1.05000117531607,-26.8198375823427,-27.8698387576588
0.865237226968818,-26.2554248272532,-1.11303356892969,-25.1423912583235,-26.2554248272532
1.48568449094191,-25.6349775632801,-0.492642733366493,-25.1423348299136,-25.6349775632801
