Total_energy,Adsorption_energy,Rigid_adsorption_energy,Deformation_energy,dEad/dNi
-1.75445623589283,-28.8751182901149,-2.05539313148092,-26.8197251586339,-28.8751182901149
-1.25667463944291,-28.3773366936649,-1.55915348599905,-26.8181832076659,-28.3773366936649
-0.438159662604031,-27.5588217168261,-0.738964656917943,-26.8198570599081,-27.5588217168261
0.268706803421343,-26.8519552508007,-1.70951676241539,-25.1424384883853,-26.8519552508007
1.18655390436262,-25.9341081498594,-0.791623921811877,-25.1424842280475,-25.9341081498594
