Total_energy,Adsorption_energy,Rigid_adsorption_energy,Deformation_energy,dEad/dNi
-1.77926476422456,-28.8999268184466,-2.08080024948883,-26.8191265689578,-28.8999268184466
-1.23654354734398,-28.357205601566,-1.53809231101695,-26.8191132905491,-28.357205601566
-0.708179265485482,-27.8288413197075,-1.00905110054828,-26.8197902191592,-27.8288413197075
-0.409535441224599,-27.5301974954466,-0.710502215869098,-26.8196952795775,-27.5301974954466
0.784969435367764,-26.3356926188543,-1.19299125713992,-25.1427013617144,-26.3356926188543
