Total_energy,Adsorption_energy,Rigid_adsorption_energy,Deformation_energy,dEad/dNi
-1.80969683507028,-28.9303588892923,-2.11052184254767,-26.8198370467446,-28.9303588892923
-1.30547784207102,-28.4261398962931,-1.60657464217127,-26.8195652541218,-28.4261398962931
-0.782645174520266,-27.9033072287423,-1.08347743721465,-26.8198297915276,-27.9033072287423
-0.0980286630614342,-27.2186907172835,-2.07628187949162,-25.1424088377919,-27.2186907172835
0.935658847026596,-26.1850032071954,-1.0425413760159,-25.1424618311795,-26.1850032071954
