Total_energy,Adsorption_energy,Rigid_adsorption_energy,Deformation_energy,dEad/dNi
-1.75114126162805,-28.8718033158501,-2.05207269356237,-26.8197306222877,-28.8718033158501
-1.32696794415832,-28.4476299983804,-1.62793851156725,-26.8196914868131,-28.4476299983804
-0.678648252457168,-27.7993103066792,-0.979473444541933,-26.8198368621373,-27.7993103066792
0.364327212423926,-26.7563348417981,-1.61396795572206,-25.142366886076,-26.7563348417981
1.23150886800953,-25.8891531862125,-0.74670919906145,-25.1424439871511,-25.8891531862125
