Total_energy,Adsorption_energy,Rigid_adsorption_energy,Deformation_energy,dEad/dNi
-1.79841918834336,-28.9190812425654,-2.09971495781111,-26.8193662847543,-28.9190812425654
-1.20330229279344,-28.3239643470155,-1.50409193617689,-26.8198724108386,-28.3239643470155
-0.757189416855479,-27.8778514710775,-1.05816475134794,-26.8196867197296,-27.8778514710775
0.975114692459704,-26.1455473617623,-1.00316822995217,-25.1423791318102,-26.1455473617623
