Total_energy,Adsorption_energy,Rigid_adsorption_energy,Deformation_energy,dEad/dNi
-1.36729300031677,-7.96711061220067,-1.36731252439361,-6.59979808780706,-7.96711061220067
-0.900237211874702,-7.5000548237586,-0.900239110291957,-6.59981571346664,-7.5000548237586
-0.286537250948344,-6.88635486283224,-0.286541562518765,-6.59981330031347,-6.88635486283224
