Total_energy,Adsorption_energy,Rigid_adsorption_energy,Deformation_energy,dEad/dNi
-1.76183628700836,-28.8824983412304,-2.06261362637519,-26.8198847148552,-28.8824983412304
-1.31316095482384,-28.4338230090459,-1.61403291440009,-26.8197900946458,-28.4338230090459
-0.779454540313156,-27.9001165945352,-1.08022825649752,-26.8198883380377,-27.9001165945352
0.133121324821408,-26.9875407294006,-1.8451649674151,-25.1423757619855,-26.9875407294006
1.50294472622685,-25.6177173279952,-0.475376214103408,-25.1423411138918,-25.6177173279952
