Total_energy,Adsorption_energy,Rigid_adsorption_energy,Deformation_energy,dEad/dNi
-1.76196215803338,-28.8826242122554,-2.06279160226611,-26.8198326099893,-28.8826242122554
-1.32430684191835,-28.4449688961404,-1.62560159119257,-26.8193673049478,-28.4449688961404
-0.754864502682899,-27.8755265569049,-1.05563751373934,-26.8198890431656,-27.8755265569049
0.063881916002561,-27.0567801382195,-1.91432794976522,-25.1424521884543,-27.0567801382195
0.974978633338357,-26.1456834208837,-1.00323898573956,-25.1424444351441,-26.1456834208837
