Total_energy,Adsorption_energy,Rigid_adsorption_energy,Deformation_energy,dEad/dNi
-1.78277801064304,-28.9034400648651,-2.08363520021671,-26.8198048646484,-28.9034400648651
-1.28202059374187,-28.4026826479639,-1.58364391811799,-26.8190387298459,-28.4026826479639
-0.801538784291129,-27.9222008385132,-1.10240291221345,-26.8197979262997,-27.9222008385132
-0.0607085547088584,-27.1813706089309,-2.03885454124639,-25.1425160676845,-27.1813706089309
0.713967373805235,-26.4066946804168,-1.26384849490537,-25.1428461855114,-26.4066946804168
