Total_energy,Adsorption_energy,Rigid_adsorption_energy,Deformation_energy,dEad/dNi
-1.74525659554108,-28.8659186497631,-2.04606577460608,-26.819852875157,-28.8659186497631
-1.16012681644225,-28.2807888706643,-1.46206105512154,-26.8187278155428,-28.2807888706643
-0.73393407346433,-27.8545961276864,-1.03527425909163,-26.8193218685947,-27.8545961276864
-0.265007606095584,-27.3856696603176,-0.565749711923054,-26.8199199483946,-27.3856696603176
0.505378836532535,-26.6152832176895,-1.47278506887198,-25.1424981488175,-26.6152832176895
