Total_energy,Adsorption_energy,Rigid_adsorption_energy,Deformation_energy,dEad/dNi
-1.74100694557951,-28.8616689998015,-2.04177446174786,-26.8198945380537,-28.8616689998015
-1.2505171677387,-28.3711792219607,-1.55598686493137,-26.8151923570294,-28.3711792219607
-0.467604098468922,-27.588266152691,-0.768901381947357,-26.8193647707436,-27.588266152691
0.828597404659343,-26.2920646495627,-1.14958505697587,-25.1424795925868,-26.2920646495627
1.55362010204826,-25.5670419521738,-0.424689684500299,-25.1423522676735,-25.5670419521738
