Total_energy,Adsorption_energy,Rigid_adsorption_energy,Deformation_energy,dEad/dNi
-1.80695924228092,-28.927621296503,-2.10893486376924,-26.8186864327337,-28.927621296503
-1.32538308453293,-28.446045138755,-1.62757419560922,-26.8184709431458,-28.446045138755
-0.817265822136747,-27.9379278763588,-1.1181183669165,-26.8198095094423,-27.9379278763588
-0.243907543317366,-27.3645695975394,-0.544845622907028,-26.8197239746324,-27.3645695975394
0.682756252189545,-26.4379058020325,-1.29523782301251,-25.14266797902,-26.4379058020325
