Total_energy,Adsorption_energy,Rigid_adsorption_energy,Deformation_energy,dEad/dNi
-1.77073093500485,-28.8913929892269,-2.07158476988082,-26.8198082193461,-28.8913929892269
-1.29803921242087,-28.4187012666429,-1.59888755509827,-26.8198137115446,-28.4187012666429
-0.775351860073997,-27.896013914296,-1.07675462135188,-26.8192592929441,-27.896013914296
-0.0476702601495934,-27.1683323143716,-0.348429717535311,-26.8199025968363,-27.1683323143716
1.23549642576622,-25.8851656284558,-0.74251603547479,-25.142649592981,-25.8851656284558
