Total_energy,Adsorption_energy,Rigid_adsorption_energy,Deformation_energy,dEad/dNi
-1.74444198810612,-28.8651040423282,-2.04550115705561,-26.8196028852725,-28.8651040423282
-1.27027369018552,-28.3909357444076,-1.57133522879165,-26.8196005156159,-28.3909357444076
-0.687737262228206,-27.8083993164502,-0.988596178786477,-26.8198031376638,-27.8083993164502
0.76326141571188,-26.3574006385102,-1.21454333505809,-25.1428573034521,-26.3574006385102
1.21454820173719,-25.9061138524848,-0.763755089706682,-25.1423587627782,-25.9061138524848
