Total_energy,Adsorption_energy,Rigid_adsorption_energy,Deformation_energy,dEad/dNi
-1.73206536261654,-28.8527274168386,-2.03286160154598,-26.8198658152926,-28.8527274168386
-1.31410536282849,-28.4347674170505,-1.61554965308725,-26.8192177639633,-28.4347674170505
-0.682427807335685,-27.8030898615577,-0.983292131341279,-26.8197977302164,-27.8030898615577
0.306709502223056,-26.813952551999,-1.67133763814819,-25.1426149138508,-26.813952551999
1.22568216829809,-25.8949798859239,-0.752216615198646,-25.1427632707253,-25.8949798859239
