Total_energy,Adsorption_energy,Rigid_adsorption_energy,Deformation_energy,dEad/dNi
-1.77033122868808,-28.8909932829101,-2.07123278866777,-26.8197604942423,-28.8909932829101
-1.29437399277389,-28.4150360469959,-1.59547369836262,-26.8195623486333,-28.4150360469959
-0.780817359622669,-27.9014794138447,-1.08155344279877,-26.8199259710459,-27.9014794138447
-0.0348746776004063,-27.1555367318224,-2.01281791603538,-25.1427188157871,-27.1555367318224
1.30968186272718,-25.8109801914949,-0.668481079563783,-25.1424991119311,-25.8109801914949
