Total_energy,Adsorption_energy,Rigid_adsorption_energy,Deformation_energy,dEad/dNi
-1.79000932257747,-28.9106713767995,-2.09078362201068,-26.8198877547888,-28.9106713767995
-1.27155916693611,-28.3922212211581,-1.57272354260937,-26.8194976785488,-28.3922212211581
-0.826372061016175,-27.9470341152382,-1.12844709694101,-26.8185870182972,-27.9470341152382
1.00848085561284,-26.1121811986092,-0.969717908513346,-25.1424632900958,-26.1121811986092
