Total_energy,Adsorption_energy,Rigid_adsorption_energy,Deformation_energy,dEad/dNi
-1.752790695814,-28.873452750036,-2.05389600735021,-26.8195567426858,-28.873452750036
-1.1877771607978,-28.3084392150198,-1.49072327674378,-26.8177159382761,-28.3084392150198
-0.651462641564589,-27.7721246957866,-0.95344967908755,-26.8186750166991,-27.7721246957866
-0.0165712341725768,-27.1372332883946,-1.99485581453795,-25.1423774738567,-27.1372332883946
0.987739547912533,-26.1329225063095,-0.990535281942652,-25.1423872243668,-26.1329225063095
