Total_energy,Adsorption_energy,Rigid_adsorption_energy,Deformation_energy,dEad/dNi
-1.78915312863169,-28.9098151828537,-2.09070116104622,-26.8191140218075,-28.9098151828537
-1.33938133192848,-28.4600433861505,-1.64190091397036,-26.8181424721802,-28.4600433861505
-0.918228156561344,-28.0388902107834,-1.22037829721655,-26.8185119135668,-28.0388902107834
-0.371063783039355,-27.4917258372614,-0.67198912533265,-26.8197367119287,-27.4917258372614
1.02014807020615,-26.1005139840159,-0.958127548725441,-25.1423864352904,-26.1005139840159
