Total_energy,Adsorption_energy,Rigid_adsorption_energy,Deformation_energy,dEad/dNi
-1.79420193522584,-28.9148639894479,-2.09509614405862,-26.8197678453893,-28.9148639894479
-1.32524517439075,-28.4459072286128,-1.62771740433972,-26.8181898242731,-28.4459072286128
-0.837852810092287,-27.9585148643143,-1.13864844571056,-26.8198664186038,-27.9585148643143
0.100363554284378,-27.0202984999377,-1.87788947262743,-25.1424090273102,-27.0202984999377
1.35865997218261,-25.7620020820394,-0.619600121076036,-25.1424019609634,-25.7620020820394
