Total_energy,Adsorption_energy,Rigid_adsorption_energy,Deformation_energy,dEad/dNi
-1.7517033151408,-28.8723653693628,-2.05256601817646,-26.8197993511864,-28.8723653693628
-1.09811773576236,-28.2187797899844,-1.39900585946913,-26.8197739305153,-28.2187797899844
-0.0526751816657665,-27.1733372358878,-2.03072262705666,-25.1426146088311,-27.1733372358878
0.763458965085324,-26.3572030891367,-1.21476872474294,-25.1424343643938,-26.3572030891367
1.55043102415688,-25.5702310300652,-0.427854235804895,-25.1423767942603,-25.5702310300652
