Total_energy,Adsorption_energy,Rigid_adsorption_energy,Deformation_energy,dEad/dNi
-1.78902121970784,-28.9096832739299,-2.08979055926378,-26.8198927146661,-28.9096832739299
-1.33353838846743,-28.4542004426895,-1.63509262111854,-26.8191078215709,-28.4542004426895
-0.725958130019905,-27.8466201842419,-1.02673243794781,-26.8198877462941,-27.8466201842419
-0.0589874006161978,-27.1796494548382,-0.359821124466527,-26.8198283303717,-27.1796494548382
0.743073618240042,-26.377588435982,-1.23501468990649,-25.1425737460755,-26.377588435982
