Total_energy,Adsorption_energy,Rigid_adsorption_energy,Deformation_energy,dEad/dNi
-1.73920004657943,-28.8598621008015,-2.0402780968018,-26.8195840039997,-28.8598621008015
-1.30910255684509,-28.4297646110671,-1.61026584117013,-26.819498769897,-28.4297646110671
-0.710138043744849,-27.8308000979669,-1.01097890674727,-26.8198211912196,-27.8308000979669
-0.0382264265880901,-27.1588884808101,-2.01507360255705,-25.1438148782531,-27.1588884808101
1.21620421328457,-25.9044578409375,-0.762046375551552,-25.1424114653859,-25.9044578409375
