Total_energy,Adsorption_energy,Rigid_adsorption_energy,Deformation_energy,dEad/dNi
-1.69976683343532,-28.8204288876574,-2.00068516710916,-26.8197437205482,-28.8204288876574
-1.07718953142685,-28.1978515856489,-1.3789818803527,-26.8188697052962,-28.1978515856489
-0.445102511044763,-27.5657645652668,-0.74590838306455,-26.8198561822022,-27.5657645652668
0.223173707461242,-26.8974883467608,-1.75495460428861,-25.1425337424722,-26.8974883467608
1.5492215673051,-25.5714404869169,-0.429080345922417,-25.1423601409945,-25.5714404869169
