Total_energy,Adsorption_energy,Rigid_adsorption_energy,Deformation_energy,dEad/dNi
-1.79105545895412,-28.9117175131762,-2.09182474251858,-26.8198927706576,-28.9117175131762
-1.29998112539542,-28.4206431796175,-1.60187658180907,-26.8187665978084,-28.4206431796175
-0.606030205408807,-27.7266922596308,-0.906817555183877,-26.819874704447,-27.7266922596308
-0.0129719194915156,-27.1336339737136,-0.313722764710947,-26.8199112090026,-27.1336339737136
1.11036721747231,-26.0102948367497,-0.867939257481704,-25.142355579268,-26.0102948367497
