Total_energy,Adsorption_energy,Rigid_adsorption_energy,Deformation_energy,dEad/dNi
-1.77881793186517,-28.8994799860872,-2.07959785725817,-26.819882128829,-28.8994799860872
-1.270383038117,-28.391045092339,-1.57130082192265,-26.8197442704164,-28.391045092339
-0.784683102206138,-27.9053451564282,-1.08611241224751,-26.8192327441807,-27.9053451564282
0.680397593068375,-26.4402644611537,-1.2976411790333,-25.1426232821204,-26.4402644611537
1.08859542090019,-26.0320666333218,-0.889619285809688,-25.1424473475122,-26.0320666333218
