Total_energy,Adsorption_energy,Rigid_adsorption_energy,Deformation_energy,dEad/dNi
-1.79205878164644,-28.9127208358685,-2.09298528752966,-26.8197355483388,-28.9127208358685
-1.13564120679035,-28.2563032610124,-1.4365138145789,-26.8197894464335,-28.2563032610124
-0.694580405480846,-27.8152424597029,-0.995330436993453,-26.8199120227094,-27.8152424597029
-0.0883754563975614,-27.2090375106196,-2.06642345155882,-25.1426140590608,-27.2090375106196
1.01632885143631,-26.1043332027857,-0.96164567835958,-25.1426875244261,-26.1043332027857
