Total_energy,Adsorption_energy,Rigid_adsorption_energy,Deformation_energy,dEad/dNi
-1.76739650119148,-28.8880585554135,-2.06857231910045,-26.8194862363131,-28.8880585554135
-1.24207352184649,-28.3627355760685,-1.54533719224665,-26.8173983838219,-28.3627355760685
-0.747338412799257,-27.8680004670213,-1.0481146623938,-26.8198858046275,-27.8680004670213
-0.0228958150073071,-27.1435578692293,-2.00115654036336,-25.142401328866,-27.1435578692293
1.01580156375409,-26.1048604904679,-0.962503971306638,-25.1423565191613,-26.1048604904679
