Total_energy,Adsorption_energy,Rigid_adsorption_energy,Deformation_energy,dEad/dNi
-1.74224879882265,-28.8629108530447,-2.0431388153992,-26.8197720376455,-28.8629108530447
-1.31269399933841,-28.4333560535604,-1.61503464395001,-26.8183214096104,-28.4333560535604
-0.705088512750643,-27.8257505669727,-1.00606058077884,-26.8196899861938,-27.8257505669727
0.0263893651598059,-27.0942726890622,-1.95165080617602,-25.1426218828862,-27.0942726890622
1.38690522032202,-25.7337568339,-0.591393747283398,-25.1423630866166,-25.7337568339
