Total_energy,Adsorption_energy,Rigid_adsorption_energy,Deformation_energy,dEad/dNi
-1.78517205775172,-28.9058341119737,-2.08599995133346,-26.8198341606403,-28.9058341119737
-1.22541940210912,-28.3460814563312,-1.52626030144269,-26.8198211548885,-28.3460814563312
-0.446500065357824,-27.5671621195799,-0.74723414852288,-26.819927971057,-27.5671621195799
-0.0289722918291239,-27.1496343460512,-0.329738443478235,-26.8198959025729,-27.1496343460512
1.04710376936672,-26.0735582848553,-0.931150011585625,-25.1424082732697,-26.0735582848553
