Total_energy,Adsorption_energy,Rigid_adsorption_energy,Deformation_energy,dEad/dNi
-1.7830651375494,-28.9037271917714,-2.08386094163699,-26.8198662501344,-28.9037271917714
-1.28473722357941,-28.4053992778014,-1.58554757736771,-26.8198517004337,-28.4053992778014
-0.789292764032749,-27.9099548182548,-1.09089081008573,-26.8190640081691,-27.9099548182548
0.0319827379036375,-27.0886793163184,-1.94633565696321,-25.1423436593552,-27.0886793163184
1.25965662854693,-25.8610054256751,-0.718630045226681,-25.1423753804484,-25.8610054256751
