Total_energy,Adsorption_energy,Rigid_adsorption_energy,Deformation_energy,dEad/dNi
-1.80533602324254,-28.9259980774646,-2.10634450780143,-26.8196535696631,-28.9259980774646
-1.31710098865703,-28.4377630428791,-1.61793606061173,-26.8198269822673,-28.4377630428791
-0.736198497016539,-27.8568605512386,-1.03701342565034,-26.8198471255882,-27.8568605512386
-0.105877067136039,-27.2265391213581,-2.0838750732349,-25.1426640481232,-27.2265391213581
1.02068758496777,-26.0999744692543,-0.957590159945945,-25.1423843093083,-26.0999744692543
