Total_energy,Adsorption_energy,Rigid_adsorption_energy,Deformation_energy,dEad/dNi
-1.7905991065838,-28.9112611608058,-2.09137692646142,-26.8198842343444,-28.9112611608058
-1.15292750549003,-28.2735895597121,-1.45459828430087,-26.8189912754112,-28.2735895597121
-0.561581134020718,-27.6822431882428,-0.862495274891548,-26.8197479133512,-27.6822431882428
-0.072185724944565,-27.1928477791666,-2.0503419823906,-25.142505796776,-27.1928477791666
0.909133305315335,-26.2115287489067,-1.06915625127175,-25.142372497635,-26.2115287489067
