Total_energy,Adsorption_energy,Rigid_adsorption_energy,Deformation_energy,dEad/dNi
-1.77219613219558,-28.8928581864176,-2.07300350628185,-26.8198546801358,-28.8928581864176
-1.31273889469873,-28.4334009489208,-1.61350493560692,-26.8198960133139,-28.4334009489208
-0.813434435775394,-27.9340964899974,-1.11423509674058,-26.8198613932569,-27.9340964899974
0.529095460306845,-26.5915665939152,-1.44894332976943,-25.1426232641458,-26.5915665939152
1.14463709677897,-25.9760249574431,-0.833374337850264,-25.1426506195928,-25.9760249574431
