Total_energy,Adsorption_energy,Rigid_adsorption_energy,Deformation_energy,dEad/dNi
-1.78472750084017,-28.9053895550622,-2.08572974787239,-26.8196598071898,-28.9053895550622
-1.32221856387995,-28.442880618102,-1.6234207454033,-26.8194598726987,-28.442880618102
-0.752148704586041,-27.8728107588081,-1.05615975467254,-26.8166510041355,-27.8728107588081
-0.497993178194949,-27.618655232417,-0.798725344460094,-26.8199298879569,-27.618655232417
-0.0403931060220075,-27.161055160244,-2.01857153220128,-25.1424836280428,-27.161055160244
