Total_energy,Adsorption_energy,Rigid_adsorption_energy,Deformation_energy,dEad/dNi
-1.76353510992204,-28.8841971641441,-2.06439913498502,-26.819798029159,-28.8841971641441
-1.32690916555011,-28.4475712197721,-1.62872992593192,-26.8188412938402,-28.4475712197721
-0.568011500084837,-27.6886735543069,-0.868859615073438,-26.8198139392334,-27.6886735543069
0.792824979499027,-26.327837074723,-1.18539958138455,-25.1424374933385,-26.327837074723
1.60062967085578,-25.5200323833663,-0.377683919345073,-25.1423484640212,-25.5200323833663
