Total_energy,Adsorption_energy,Rigid_adsorption_energy,Deformation_energy,dEad/dNi
-1.68693724344176,-28.8075992976638,-1.98796621721855,-26.8196330804453,-28.8075992976638
-1.26078211939627,-28.3814441736183,-1.56173676340266,-26.8197074102156,-28.3814441736183
-0.620505614873107,-27.7411676690951,-0.921978381060656,-26.8191892880345,-27.7411676690951
0.298920706513226,-26.8217413477088,-1.6790745637553,-25.1426667839535,-26.8217413477088
1.0114979508363,-26.1091641033857,-0.966771601874323,-25.1423925015114,-26.1091641033857
