Total_energy,Adsorption_energy,Rigid_adsorption_energy,Deformation_energy,dEad/dNi
-1.75839399542284,-28.8790560496449,-2.05930814172169,-26.8197479079232,-28.8790560496449
-1.24752348271988,-28.3681855369419,-1.5504073057438,-26.8177782311981,-28.3681855369419
-0.550820856100069,-27.6714829103221,-0.851770084825911,-26.8197128254962,-27.6714829103221
0.802154928637332,-26.3185071255847,-1.17614810600273,-25.142359019582,-26.3185071255847
1.5790084176789,-25.5416536365431,-0.39930682111057,-25.1423468154326,-25.5416536365431
