Total_energy,Adsorption_energy,Rigid_adsorption_energy,Deformation_energy,dEad/dNi
-1.8146249983156,-28.9352870525376,-2.11562772200208,-26.8196593305356,-28.9352870525376
-1.27011518409215,-28.3907772383142,-1.57114807743458,-26.8196291608796,-28.3907772383142
-0.785239389598682,-27.9059014438207,-1.08606091035452,-26.8198405334662,-27.9059014438207
-0.0867476705623351,-27.2074097247844,-2.06497600789509,-25.1424337168893,-27.2074097247844
0.288234924211724,-26.8324271300103,-1.6900957661221,-25.1423313638882,-26.8324271300103
