Total_energy,Adsorption_energy,Rigid_adsorption_energy,Deformation_energy,dEad/dNi
-1.74837516909207,-28.8690372233141,-2.04928719352857,-26.8197500297855,-28.8690372233141
-1.30620662053113,-28.4268686747532,-1.60828517270712,-26.8185835020461,-28.4268686747532
-0.793134464405565,-27.9137965186276,-1.09394630784419,-26.8198502107834,-27.9137965186276
-0.0543130000630614,-27.1749750542851,-2.03249858540698,-25.1424764688781,-27.1749750542851
0.915437873717765,-26.2052241805043,-1.06277346469875,-25.1424507158055,-26.2052241805043
