Total_energy,Adsorption_energy,Rigid_adsorption_energy,Deformation_energy,dEad/dNi
-1.71142768133073,-28.8320897355528,-2.01311075982675,-26.818978975726,-28.8320897355528
-1.22791418981525,-28.3485762440373,-1.5291579567692,-26.8194182872681,-28.3485762440373
-0.569606063176781,-27.6902681173988,-0.870427030911565,-26.8198410864873,-27.6902681173988
-0.329289161572867,-27.4499512157949,-0.630062506943287,-26.8198887088516,-27.4499512157949
1.52670271021737,-25.5939593440047,-0.451585283204275,-25.1423740608004,-25.5939593440047
