Total_energy,Adsorption_energy,Rigid_adsorption_energy,Deformation_energy,dEad/dNi
-1.78162160859191,-28.9022836628139,-2.08246254098463,-26.8198211218293,-28.9022836628139
-1.11956552980538,-28.2402275840274,-1.42192125985002,-26.8183063241774,-28.2402275840274
-0.551930592125268,-27.6725926463473,-0.853449378131729,-26.8191432682156,-27.6725926463473
0.343155409400209,-26.7775066448218,-1.63462304709673,-25.1428835977251,-26.7775066448218
1.56846281937185,-25.5521992348502,-0.409859902706634,-25.1423393321436,-25.5521992348502
