Total_energy,Adsorption_energy,Rigid_adsorption_energy,Deformation_energy,dEad/dNi
-1.7161420918842,-28.8368041461062,-2.0174208618659,-26.8193832842403,-28.8368041461062
-1.10627813859352,-28.2269401928156,-1.4070205547328,-26.8199196380828,-28.2269401928156
-0.693873682565274,-27.8145357367873,-0.994746494052484,-26.8197892427348,-27.8145357367873
-0.0771837013802144,-27.1978457556022,-2.05535708361054,-25.1424886719917,-27.1978457556022
0.838062160784751,-26.2825998934373,-1.14022637977754,-25.1423735136597,-26.2825998934373
