Total_energy,Adsorption_energy,Rigid_adsorption_energy,Deformation_energy,dEad/dNi
-1.76814488484453,-28.8888069390666,-2.06925608694946,-26.8195508521171,-28.8888069390666
-1.28497873998797,-28.40564079421,-1.59630790896792,-26.8093328852421,-28.40564079421
-0.694778271342751,-27.8154403255648,-0.995702532555568,-26.8197377930092,-27.8154403255648
-0.0752604502644507,-27.1959225044865,-2.05296703443948,-25.142955470047,-27.1959225044865
0.749418891175066,-26.371243163047,-1.22871923865775,-25.1425239243892,-26.371243163047
