Total_energy,Adsorption_energy,Rigid_adsorption_energy,Deformation_energy,dEad/dNi
-1.78599310584222,-28.9066551600643,-2.08686398684884,-26.8197911732154,-28.9066551600643
-1.16021605426192,-28.280878108484,-1.46111131166097,-26.819766796823,-28.280878108484
-0.636022478233805,-27.7566845324558,-0.937048079120947,-26.8196364533349,-27.7566845324558
0.0448544695973569,-27.0758075846247,-1.9334641672347,-25.14234341739,-27.0758075846247
0.872628626735347,-26.2480334274867,-1.1055218159864,-25.1425116115003,-26.2480334274867
