Total_energy,Adsorption_energy,Rigid_adsorption_energy,Deformation_energy,dEad/dNi
-1.767019118707,-28.887681172929,-2.06829629334798,-26.8193848795811,-28.887681172929
-1.29226080252365,-28.4129228567457,-1.59317835271831,-26.8197445040274,-28.4129228567457
-0.799512125757836,-27.9201741799799,-1.10027974220504,-26.8198944377748,-27.9201741799799
0.917704926329677,-26.2029571278924,-1.06045704142027,-25.1425000864721,-26.2029571278924
