Total_energy,Adsorption_energy,Rigid_adsorption_energy,Deformation_energy,dEad/dNi
-1.74361057294159,-28.8642726271636,-2.04569637570245,-26.8185762514612,-28.8642726271636
-1.22234914423649,-28.3430111984585,-1.52353541955919,-26.8194757788993,-28.3430111984585
-0.709536923366201,-27.8301989775882,-1.01063849906813,-26.8195604785201,-27.8301989775882
-0.0050548351902957,-27.1257168894123,-1.98333200610018,-25.1423848833121,-27.1257168894123
1.01670369618521,-26.1039583580368,-0.961435422225195,-25.1425229358116,-26.1039583580368
