Total_energy,Adsorption_energy,Rigid_adsorption_energy,Deformation_energy,dEad/dNi
-1.72396250350529,-28.8446245577273,-2.02503565391947,-26.8195889038079,-28.8446245577273
-1.22828695121775,-28.3489490054398,-1.52913401398573,-26.8198149914541,-28.3489490054398
-0.752551152181802,-27.8732132064038,-1.05334153230259,-26.8198716741012,-27.8732132064038
0.117482604553098,-27.0031794496689,-1.860641895505,-25.1425375541639,-27.0031794496689
0.661953739156578,-26.4587083150655,-1.31621620903875,-25.1424921060267,-26.4587083150655
