Total_energy,Adsorption_energy,Rigid_adsorption_energy,Deformation_energy,dEad/dNi
-1.77282908095712,-28.8934911351792,-2.0736593684115,-26.8198317667677,-28.8934911351792
-1.20141984283092,-28.322081897053,-1.50219696375092,-26.819884933302,-28.322081897053
-0.668641920341928,-27.789303974564,-0.969930158735613,-26.8193738158283,-27.789303974564
-0.0390836381344586,-27.1597456923565,-2.01722778292384,-25.1425179094326,-27.1597456923565
0.764345214435172,-26.3563168397869,-1.21391450637048,-25.1424023334164,-26.3563168397869
