Total_energy,Adsorption_energy,Rigid_adsorption_energy,Deformation_energy,dEad/dNi
-1.75263164961184,-28.8732937038339,-2.05348396023764,-26.8198097435962,-28.8732937038339
-1.15771429275129,-28.2783763469733,-1.46079232298001,-26.8175840239933,-28.2783763469733
-0.720606409246925,-27.841268463469,-1.02165351041235,-26.8196149530566,-27.841268463469
-0.247748259921382,-27.3684103141434,-0.548587975003431,-26.81982233914,-27.3684103141434
0.797902926616501,-26.3227591276055,-1.18027784642617,-25.1424812811794,-26.3227591276055
