Total_energy,Adsorption_energy,Rigid_adsorption_energy,Deformation_energy,dEad/dNi
-1.75018342507977,-28.8708454793018,-2.05102268613348,-26.8198227931683,-28.8708454793018
-1.27846495039698,-28.399127004619,-1.57923586856031,-26.8198911360587,-28.399127004619
-0.725128800849207,-27.8457908550712,-1.02604569763338,-26.8197451574379,-27.8457908550712
-0.255642978971222,-27.3763050331933,-0.556392616687289,-26.819912416506,-27.3763050331933
0.89935880225428,-26.2213032519678,-1.07865789405831,-25.1426453579094,-26.2213032519678
