Total_energy,Adsorption_energy,Rigid_adsorption_energy,Deformation_energy,dEad/dNi
-1.7660293619181,-28.8866914161401,-2.06679931991141,-26.8198920962287,-28.8866914161401
-1.160089629838,-28.28075168406,-1.46148315729598,-26.819268526764,-28.28075168406
-0.69792445983155,-27.8185865140536,-0.998962385555754,-26.8196241284978,-27.8185865140536
1.1270593526214,-25.9936027016006,-0.851236575927888,-25.1423661256728,-25.9936027016006
