Total_energy,Adsorption_energy,Rigid_adsorption_energy,Deformation_energy,dEad/dNi
-1.79405460957061,-28.9147166637926,-2.09488836570924,-26.8198282980834,-28.9147166637926
-1.26836079639798,-28.38902285062,-1.57142855188494,-26.8175942987351,-28.38902285062
-0.830419408784025,-27.9510814630061,-1.13116766281707,-26.819913800189,-27.9510814630061
-0.058188555041031,-27.1788506092631,-2.03636248771784,-25.1424881215452,-27.1788506092631
1.32010846415217,-25.8005535900699,-0.657786601790917,-25.142766988279,-25.8005535900699
