Total_energy,Adsorption_energy,Rigid_adsorption_energy,Deformation_energy,dEad/dNi
-1.7177688311091,-28.8384308853311,-2.01866426923584,-26.8197666160953,-28.8384308853311
-1.22339363534896,-28.344055689571,-1.52453382984387,-26.8195218597271,-28.344055689571
-0.564398956280395,-27.6850610105024,-0.865369140563876,-26.8196918699386,-27.6850610105024
0.506422022486786,-26.6142400317352,-1.47184560187859,-25.1423944298567,-26.6142400317352
1.19858991736892,-25.9220721368531,-0.77954485747862,-25.1425272793745,-25.9220721368531
