Total_energy,Adsorption_energy,Rigid_adsorption_energy,Deformation_energy,dEad/dNi
-1.77368009353416,-28.8943421477562,-2.07447483578214,-26.8198673119741,-28.8943421477562
-1.33377471801444,-28.4544367722365,-1.63453164978701,-26.8199051224495,-28.4544367722365
-0.678203217511103,-27.7988652717331,-0.980203342809828,-26.8186619289233,-27.7988652717331
-0.0498743643929864,-27.170536418615,-2.0278634742008,-25.1426729444142,-27.170536418615
1.51474162089918,-25.6059204333229,-0.463573525265013,-25.1423469080578,-25.6059204333229
