Total_energy,Adsorption_energy,Rigid_adsorption_energy,Deformation_energy,dEad/dNi
-1.76592860566939,-28.8865906598914,-2.06670531962065,-26.8198853402708,-28.8865906598914
-1.28015231097827,-28.4008143652003,-1.58101415427846,-26.8198002109219,-28.4008143652003
-0.709930908532792,-27.8305929627548,-1.01156870911844,-26.8190242536364,-27.8305929627548
0.899994548365154,-26.2206675058569,-1.07830265460734,-25.1423648512495,-26.2206675058569
1.52394642828204,-25.59671562594,-0.454370667456555,-25.1423449584834,-25.59671562594
