Total_energy,Adsorption_energy,Rigid_adsorption_energy,Deformation_energy,dEad/dNi
-1.72696117429659,-28.8476232285186,-2.02782394398555,-26.8197992845331,-28.8476232285186
-1.24801504907749,-28.3686771032995,-1.54900184543797,-26.8196752578616,-28.3686771032995
-0.792495259954768,-27.9131573141768,-1.09322621389753,-26.8199311002793,-27.9131573141768
0.521420403909435,-26.5992416503126,-1.45681674271852,-25.1424249075941,-26.5992416503126
1.21413939368463,-25.9065226605374,-0.764126396358137,-25.1423962641793,-25.9065226605374
