Total_energy,Adsorption_energy,Rigid_adsorption_energy,Deformation_energy,dEad/dNi
-1.72837909510415,-28.8490411493262,-2.02945881810617,-26.81958233122,-28.8490411493262
-1.32229679700574,-28.4429588512278,-1.62315360131928,-26.8198052499085,-28.4429588512278
-0.681340791919509,-27.8020028461415,-0.985092673548122,-26.8169101725934,-27.8020028461415
0.343446070281428,-26.7772159839406,-1.63484500429034,-25.1423709796503,-26.7772159839406
1.24980640488437,-25.8708556493377,-0.728136693421133,-25.1427189559165,-25.8708556493377
