Total_energy,Adsorption_energy,Rigid_adsorption_energy,Deformation_energy,dEad/dNi
-1.75462154137712,-28.8752835955992,-2.057172027997,-26.8181115676022,-28.8752835955992
-1.33833844338292,-28.459000497605,-1.63971030314702,-26.8192901944579,-28.459000497605
-0.745770351356556,-27.8664324055786,-1.04724852056531,-26.8191838850133,-27.8664324055786
0.551040867825859,-26.5696211863962,-1.42722431753804,-25.1423968688581,-26.5696211863962
1.22847755134747,-25.8921845028746,-0.749769986761676,-25.1424145161129,-25.8921845028746
