Total_energy,Adsorption_energy,Rigid_adsorption_energy,Deformation_energy,dEad/dNi
-1.77065848055284,-28.8913205347749,-2.07147943574613,-26.8198410990287,-28.8913205347749
-1.27449305856594,-28.395155112788,-1.57674466560743,-26.8184104471805,-28.395155112788
-0.592782836230936,-27.713444890453,-0.893530485695902,-26.8199144047571,-27.713444890453
0.356332823970589,-26.7643292302514,-1.62177446159302,-25.1425547686584,-26.7643292302514
1.62373458091394,-25.4969274733081,-0.354569448657763,-25.1423580246503,-25.4969274733081
