Total_energy,Adsorption_energy,Rigid_adsorption_energy,Deformation_energy,dEad/dNi
-1.78684091167887,-28.9075029659009,-2.08851584624419,-26.8189871196567,-28.9075029659009
-1.34698973422974,-28.4676517884518,-1.64781641135222,-26.8198353770996,-28.4676517884518
-0.864867674645962,-27.985529728868,-1.16627001759924,-26.8192597112688,-27.985529728868
-0.409891061198859,-27.5305531154209,-0.710662342373292,-26.8198907730476,-27.5305531154209
0.837336954623108,-26.2833250995989,-1.14094452146343,-25.1423805781355,-26.2833250995989
