Total_energy,Adsorption_energy,Rigid_adsorption_energy,Deformation_energy,dEad/dNi
-1.7592463122463,-28.8799083664683,-2.06052085831754,-26.8193875081508,-28.8799083664683
-1.30551656486628,-28.4261786190883,-1.60742712829319,-26.8187514907951,-28.4261786190883
-0.69549967601799,-27.81616173024,-0.996341202620298,-26.8198205276197,-27.81616173024
-0.405356009299665,-27.5260180635217,-0.706536236562756,-26.8194818269589,-27.5260180635217
0.242677463898207,-26.8779845903238,-1.73549391752618,-25.1424906727976,-26.8779845903238
