Total_energy,Adsorption_energy,Rigid_adsorption_energy,Deformation_energy,dEad/dNi
-1.71354335738624,-28.8342054116083,-2.01446428283141,-26.8197411287769,-28.8342054116083
-1.06491874554938,-28.1855807997714,-1.36568342039129,-26.8198973793801,-28.1855807997714
-0.74847032084543,-27.8691323750675,-1.05043547736325,-26.8186968977042,-27.8691323750675
-0.0181704949577146,-27.1388325491797,-1.99633802444275,-25.142494524737,-27.1388325491797
1.33494110849192,-25.7857209457301,-0.643362568819271,-25.1423583769108,-25.7857209457301
