Total_energy,Adsorption_energy,Rigid_adsorption_energy,Deformation_energy,dEad/dNi
-1.76609707437408,-28.8867591285961,-2.06688435659251,-26.8198747720036,-28.8867591285961
-1.2937745862094,-28.4144366404314,-1.59478200889204,-26.8196546315394,-28.4144366404314
-0.431724072524543,-27.5523861267466,-0.732911837892416,-26.8194742888542,-27.5523861267466
0.95845744692211,-26.1622046072999,-1.01984085824563,-25.1423637490543,-26.1622046072999
1.58862998695401,-25.532032067268,-0.389695358208198,-25.1423367090598,-25.532032067268
