Total_energy,Adsorption_energy,Rigid_adsorption_energy,Deformation_energy,dEad/dNi
-1.77867984521724,-28.8993418994393,-2.07959934386721,-26.8197425555721,-28.8993418994393
-1.26409533767572,-28.3847573918978,-1.56498193901947,-26.8197754528783,-28.3847573918978
-0.798590555617261,-27.9192526098393,-1.10018070219242,-26.8190719076469,-27.9192526098393
-0.37376376625375,-27.4944258204758,-0.674735187469236,-26.8196906330065,-27.4944258204758
0.475251158091355,-26.6454108961307,-1.50296010442207,-25.1424507917086,-26.6454108961307
