Total_energy,Adsorption_energy,Rigid_adsorption_energy,Deformation_energy,dEad/dNi
-1.74105740858475,-28.8617194628068,-2.04189631523646,-26.8198231475703,-28.8617194628068
-1.19510966861546,-28.3157717228375,-1.4959516742164,-26.8198200486211,-28.3157717228375
-0.656982976130905,-27.7776450303529,-0.957815328886837,-26.8198297014661,-27.7776450303529
0.369467746931053,-26.751194307291,-1.60867801456385,-25.1425162927271,-26.751194307291
1.07212475004944,-26.0485373041726,-0.906168904119818,-25.1423684000528,-26.0485373041726
