Total_energy,Adsorption_energy,Rigid_adsorption_energy,Deformation_energy,dEad/dNi
-1.76847680067521,-28.8891388548972,-2.0692408351738,-26.8198980197234,-28.8891388548972
-1.25939328641884,-28.3800553406409,-1.56047056248541,-26.8195847781555,-28.3800553406409
-0.649295410262489,-27.7699574644845,-0.950043802629146,-26.8199136618554,-27.7699574644845
0.524297249155033,-26.596364805067,-1.45373397618251,-25.1426308288845,-26.596364805067
1.08389071291248,-26.0367713413096,-0.894410588212306,-25.1423607530972,-26.0367713413096
