Total_energy,Adsorption_energy,Rigid_adsorption_energy,Deformation_energy,dEad/dNi
-1.76127090333983,-28.8819329575619,-2.06206285023097,-26.8198701073309,-28.8819329575619
-1.34122246330676,-28.4618845175288,-1.64212791053744,-26.8197566069914,-28.4618845175288
-0.810979535404836,-27.9316415896269,-1.11211542576847,-26.8195261638584,-27.9316415896269
-0.0173656011362953,-27.1380276553583,-1.99562114279705,-25.1424065125613,-27.1380276553583
0.906945333934406,-26.2137167202876,-1.07131763216957,-25.1423990881181,-26.2137167202876
