Total_energy,Adsorption_energy,Rigid_adsorption_energy,Deformation_energy,dEad/dNi
-1.77525050757043,-28.8959125617925,-2.0760843419678,-26.8198282198247,-28.8959125617925
-1.34973964432891,-28.4704016985509,-1.65106063040171,-26.8193410681492,-28.4704016985509
-1.11122299214902,-28.231885046371,-1.41270828549655,-26.8191767608745,-28.231885046371
-0.610759363630435,-27.7314214178525,-0.911673811251784,-26.8197476066007,-27.7314214178525
0.333586396546022,-26.787075657676,-1.64444663529025,-25.1426290223858,-26.787075657676
