Total_energy,Adsorption_energy,Rigid_adsorption_energy,Deformation_energy,dEad/dNi
-1.76808780834523,-28.8887498625673,-2.06884104160195,-26.8199088209653,-28.8887498625673
-1.15583758478817,-28.2764996390102,-1.45720437899816,-26.819295260012,-28.2764996390102
-0.569795737494469,-27.6904577917165,-0.870689570231091,-26.8197682214854,-27.6904577917165
0.785685141527316,-26.3349769126947,-1.19257101925749,-25.1424058934372,-26.3349769126947
1.5653354732162,-25.5553265810058,-0.412971883536155,-25.1423546974697,-25.5553265810058
