Total_energy,Adsorption_energy,Rigid_adsorption_energy,Deformation_energy,dEad/dNi
-1.69628621300573,-28.8169482672278,-1.99705423403916,-26.8198940331886,-28.8169482672278
-1.28619280164327,-28.4068548558653,-1.58749848111877,-26.8193563747465,-28.4068548558653
-0.795081113007321,-27.9157431672294,-1.09653002847243,-26.8192131387569,-27.9157431672294
-0.058955956373502,-27.1796180105955,-2.03711886720965,-25.1424991433859,-27.1796180105955
1.2558328425672,-25.8648292116548,-0.72242562479297,-25.1424035868619,-25.8648292116548
