Total_energy,Adsorption_energy,Rigid_adsorption_energy,Deformation_energy,dEad/dNi
-1.76703262151302,-28.8876946757351,-2.06805051645122,-26.8196441592838,-28.8876946757351
-1.32656971770349,-28.4472317719255,-1.6274624280557,-26.8197693438698,-28.4472317719255
-0.819653592177658,-27.9403156463997,-1.12089568849573,-26.819419957904,-27.9403156463997
0.841304741621241,-26.2793573126008,-1.13679709580242,-25.1425602167984,-26.2793573126008
1.6145157423863,-25.5061463118357,-0.363805022523717,-25.142341289312,-25.5061463118357
