Total_energy,Adsorption_energy,Rigid_adsorption_energy,Deformation_energy,dEad/dNi
-1.79574846394949,-28.9164105181715,-2.09814249047524,-26.8182680276963,-28.9164105181715
-1.32008484205637,-28.4407468962784,-1.62152269103917,-26.8192242052392,-28.4407468962784
-0.621809006372657,-27.7424710605947,-0.922632384510143,-26.8198386760845,-27.7424710605947
0.428982789155056,-26.691679265067,-1.54931462364005,-25.1423646414269,-26.691679265067
1.30392837523425,-25.8167336789878,-0.673944097689412,-25.1427895812984,-25.8167336789878
