Total_energy,Adsorption_energy,Rigid_adsorption_energy,Deformation_energy,dEad/dNi
-1.7460612276669,-28.8667232818889,-2.04684600813392,-26.819877273755,-28.8667232818889
-1.21378673689138,-28.3344487911134,-1.51499599678513,-26.8194527943283,-28.3344487911134
-0.753118205484119,-27.8737802597062,-1.0539772691754,-26.8198029905308,-27.8737802597062
-0.0010459378438723,-27.1217079920659,-1.97941545115237,-25.1422925409135,-27.1217079920659
1.30586378786935,-25.8147982663527,-0.672357593954009,-25.1424406723987,-25.8147982663527
