Total_energy,Adsorption_energy,Rigid_adsorption_energy,Deformation_energy,dEad/dNi
-1.776527144434,-28.897189198656,-2.07736290829422,-26.8198262903618,-28.897189198656
-1.25870749081542,-28.3793695450375,-1.55964368138209,-26.8197258636554,-28.3793695450375
-0.787930504739129,-27.9085925589612,-1.08878065232084,-26.8198119066403,-27.9085925589612
0.592800719482295,-26.5278613347397,-1.38551528640243,-25.1423460483373,-26.5278613347397
1.19445760721486,-25.9262044470072,-0.783800129945313,-25.1424043170619,-25.9262044470072
