Total_energy,Adsorption_energy,Rigid_adsorption_energy,Deformation_energy,dEad/dNi
-1.77322124343668,-28.8938832976587,-2.07403484775408,-26.8198484499046,-28.8938832976587
-1.2920493003161,-28.4127113545381,-1.59338707945368,-26.8193242750845,-28.4127113545381
-0.830968939931478,-27.9516309941535,-1.13222407075732,-26.8194069233962,-27.9516309941535
0.0227975689927693,-27.0978644852293,-1.95545513647999,-25.1424093487493,-27.0978644852293
1.28189480925497,-25.8387672449671,-0.696223383873116,-25.142543861094,-25.8387672449671
