Total_energy,Adsorption_energy,Rigid_adsorption_energy,Deformation_energy,dEad/dNi
-1.7406081929857,-28.8612702472077,-2.04153389900215,-26.8197363482056,-28.8612702472077
-1.249901084054,-28.370563138276,-1.55175467599288,-26.8188084622832,-28.370563138276
-0.607182690512506,-27.7278447447345,-0.907926644633336,-26.8199181001012,-27.7278447447345
0.0819346615926304,-27.0387273926294,-1.89626345779202,-25.1424639348374,-27.0387273926294
1.11602137666339,-26.0046406775586,-0.862147344011547,-25.1424933335471,-26.0046406775586
