Total_energy,Adsorption_energy,Rigid_adsorption_energy,Deformation_energy,dEad/dNi
-1.76609933105751,-28.8867613852795,-2.06733016715247,-26.8194312181271,-28.8867613852795
-1.27751316464092,-28.398175218863,-1.57942294549444,-26.8187522733685,-28.398175218863
-0.725266942250422,-27.8459289964725,-1.02614043462513,-26.8197885618473,-27.8459289964725
-0.0518635821523465,-27.1725256363744,-2.02936816810569,-25.1431574682687,-27.1725256363744
0.966916257227476,-26.1537457969946,-1.01137401707456,-25.14237177992,-26.1537457969946
