Total_energy,Adsorption_energy,Rigid_adsorption_energy,Deformation_energy,dEad/dNi
-1.69966503060038,-28.8203270848224,-2.00051644719388,-26.8198106376285,-28.8203270848224
-1.29301571396438,-28.4136777681864,-1.59459898482859,-26.8190787833578,-28.4136777681864
-0.693629908117921,-27.81429196234,-0.994489274431338,-26.8198026879086,-27.81429196234
0.335480924791922,-26.7851811294301,-1.64246057339023,-25.1427205560399,-26.7851811294301
1.06911208572132,-26.0515499685007,-0.909150911848096,-25.1423990566526,-26.0515499685007
