Total_energy,Adsorption_energy,Rigid_adsorption_energy,Deformation_energy,dEad/dNi
-1.76155594788582,-28.8822180021079,-2.06237354938032,-26.8198444527275,-28.8822180021079
-1.16871719214518,-28.2893792463672,-1.4696719972669,-26.8197072491003,-28.2893792463672
-0.676590328487742,-27.7972523827098,-0.977405915565856,-26.8198464671439,-27.7972523827098
-0.0566359158505347,-27.1772979700726,-2.03485939274365,-25.1424385773289,-27.1772979700726
1.27380604177863,-25.8468560124434,-0.704396998589839,-25.1424590138536,-25.8468560124434
