Total_energy,Adsorption_energy,Rigid_adsorption_energy,Deformation_energy,dEad/dNi
-1.73373558574629,-28.8543976399683,-2.0345478475445,-26.8198497924238,-28.8543976399683
-1.26169882706285,-28.3823608812849,-1.56321522212419,-26.8191456591607,-28.3823608812849
-0.691564309192992,-27.812226363415,-0.992538533725807,-26.8196878296892,-27.812226363415
0.487285704639273,-26.6333763495828,-1.49050354144276,-25.14287280814,-26.6333763495828
1.19634802652587,-25.9243140276962,-0.781932198969051,-25.1423818287271,-25.9243140276962
