Total_energy,Adsorption_energy,Rigid_adsorption_energy,Deformation_energy,dEad/dNi
-1.76349766143358,-28.8841597156556,-2.064328914836,-26.8198308008196,-28.8841597156556
-1.24738633022375,-28.3680483844458,-1.54863829338065,-26.8194100910651,-28.3680483844458
-0.73679530854464,-27.8574573627667,-1.03767407116904,-26.8197832915976,-27.8574573627667
0.301601367446772,-26.8190606867753,-1.67638943473017,-25.1426712520451,-26.8190606867753
1.41013791698383,-25.7105241372382,-0.568050898589616,-25.1424732386486,-25.7105241372382
