Total_energy,Adsorption_energy,Rigid_adsorption_energy,Deformation_energy,dEad/dNi
-1.7537080686438,-28.8743701228658,-2.05455327990195,-26.8198168429639,-28.8743701228658
-1.30326579664758,-28.4239278508696,-1.61091128542054,-26.8130165654491,-28.4239278508696
-0.663817135175271,-27.7844791893973,-0.964562864097165,-26.8199163253001,-27.7844791893973
-0.0950138990830545,-27.2156759533051,-0.395841637762585,-26.8198343155425,-27.2156759533051
0.625495971660848,-26.4951660825612,-1.35274982715841,-25.1424162554028,-26.4951660825612
