Total_energy,Adsorption_energy,Rigid_adsorption_energy,Deformation_energy,dEad/dNi
-1.78592925848739,-28.9065913127094,-2.08704806640509,-26.8195432463043,-28.9065913127094
-1.33766011016598,-28.458322164388,-1.63887917619237,-26.8194429881956,-28.458322164388
-0.849390402478934,-27.970052456701,-1.15033944141625,-26.8197130152847,-27.970052456701
-0.284703032935159,-27.4053650871572,-0.585501971162846,-26.8198631159943,-27.4053650871572
0.32690938365853,-26.7937526705635,-1.65094636425793,-25.1428063063056,-26.7937526705635
