Total_energy,Adsorption_energy,Rigid_adsorption_energy,Deformation_energy,dEad/dNi
-1.75534198447063,-28.8760040386927,-2.0561029275429,-26.8199011111498,-28.8760040386927
-1.31772705702101,-28.438389111243,-1.6185316285227,-26.8198574827203,-28.438389111243
-0.645025692203094,-27.7656877464251,-0.945783441965084,-26.81990430446,-27.7656877464251
0.510257675603245,-26.6104043786188,-1.46784735594689,-25.1425570226719,-26.6104043786188
1.33548626584377,-25.7851757883783,-0.642785178840303,-25.142390609538,-25.7851757883783
