Total_energy,Adsorption_energy,Rigid_adsorption_energy,Deformation_energy,dEad/dNi
-1.7580190183256,-28.8786810725476,-2.05916277012088,-26.8195183024268,-28.8786810725476
-1.11461114725558,-28.2352732014776,-1.41541050352257,-26.819862697955,-28.2352732014776
-0.075497659725331,-27.1961597139474,-2.05306193893703,-25.1430977750103,-27.1961597139474
0.512281797643977,-26.6083802565781,-1.46568273442464,-25.1426975221534,-26.6083802565781
1.28864757881996,-25.8320144754021,-0.689611761140439,-25.1424027142616,-25.8320144754021
