Total_energy,Adsorption_energy,Rigid_adsorption_energy,Deformation_energy,dEad/dNi
-1.75406961514099,-28.874731669363,-2.05512342554762,-26.8196082438154,-28.874731669363
-1.31887583933452,-28.4395378935565,-1.61993797188829,-26.8195999216683,-28.4395378935565
-0.886164883087352,-28.0068269373094,-1.18789042352313,-26.8189365137863,-28.0068269373094
0.0252466966308589,-27.0954153575912,-1.95299092902465,-25.1424244285665,-27.0954153575912
0.950155777572356,-26.1705062766497,-1.02801398199165,-25.142492294658,-26.1705062766497
