Total_energy,Adsorption_energy,Rigid_adsorption_energy,Deformation_energy,dEad/dNi
-1.76148477743289,-28.8821468316549,-2.06227580081686,-26.8198710308381,-28.8821468316549
-1.26760048091141,-28.3882625351334,-1.56838178223664,-26.8198807528968,-28.3882625351334
-0.665565785326217,-27.7862278395483,-0.966298563402463,-26.8199292761458,-27.7862278395483
0.597988271176551,-26.5226737830455,-1.38027244875528,-25.1424013342902,-26.5226737830455
1.33070375480819,-25.7899582994138,-0.64760491387623,-25.1423533855376,-25.7899582994138
