Total_energy,Adsorption_energy,Rigid_adsorption_energy,Deformation_energy,dEad/dNi
-1.7836901631679,-28.9043522173899,-2.08454608565216,-26.8198061317378,-28.9043522173899
-1.1831461942263,-28.3038082484483,-1.48627297885673,-26.8175352695916,-28.3038082484483
-0.0597508601838448,-27.1804129144059,-2.03787722389719,-25.1425356905087,-27.1804129144059
0.741519715733141,-26.3791423384889,-1.23652578336217,-25.1426165551267,-26.3791423384889
1.44964300420154,-25.6710190500205,-0.528661000052092,-25.1423580499684,-25.6710190500205
