Total_energy,Adsorption_energy,Rigid_adsorption_energy,Deformation_energy,dEad/dNi
-1.78040062881703,-28.9010626830391,-2.08131662389111,-26.819746059148,-28.9010626830391
-1.29557405484778,-28.4162361090698,-1.59677738808213,-26.8194587209877,-28.4162361090698
-0.871527502970796,-27.9921895571928,-1.1723400814458,-26.819849475747,-27.9921895571928
-0.33480596876136,-27.4554680229834,-0.63616451206168,-26.8193035109217,-27.4554680229834
0.868954404817247,-26.2517076494048,-1.10924405467032,-25.1424635947345,-26.2517076494048
