Total_energy,Adsorption_energy,Rigid_adsorption_energy,Deformation_energy,dEad/dNi
-1.73045007698396,-28.851112131206,-2.03126336021763,-26.8198487709884,-28.851112131206
-1.24014038019385,-28.3608024344159,-1.54193304488368,-26.8188693895322,-28.3608024344159
-0.683579934663346,-27.8042419888854,-0.984391218707896,-26.8198507701775,-27.8042419888854
1.06104880444723,-26.0596132497748,-0.917241972874352,-25.1423712769005,-26.0596132497748
