Total_energy,Adsorption_energy,Rigid_adsorption_energy,Deformation_energy,dEad/dNi
-1.75957127497396,-28.880233329196,-2.06042240034038,-26.8198109288556,-28.880233329196
-1.34265121219765,-28.4633132664197,-1.64358664719662,-26.8197266192231,-28.4633132664197
-0.87684922526963,-27.9975112794917,-1.1781130000436,-26.8193982794481,-27.9975112794917
0.338572010568123,-26.7820900436539,-1.63956485493445,-25.1425251887195,-26.7820900436539
1.13013126799628,-25.9905307862258,-0.847981339862765,-25.142549446363,-25.9905307862258
