Total_energy,Adsorption_energy,Rigid_adsorption_energy,Deformation_energy,dEad/dNi
-1.7310534802038,-28.8517155344258,-2.03213627131559,-26.8195792631102,-28.8517155344258
-1.27306914310407,-28.3937311973261,-1.57463735551188,-26.8190938418142,-28.3937311973261
-0.90246903835644,-28.0231310925785,-1.21093226773151,-26.812198824847,-28.0231310925785
-0.295235898209618,-27.4158979524317,-0.596487465720432,-26.8194104867112,-27.4158979524317
0.52702293427855,-26.5936391199435,-1.45107010691579,-25.1425690130277,-26.5936391199435
