Total_energy,Adsorption_energy,Rigid_adsorption_energy,Deformation_energy,dEad/dNi
-1.79755930663393,-28.918221360856,-2.09846400537104,-26.8197573554849,-28.918221360856
-1.26438022699654,-28.3850422812186,-1.56658093582054,-26.818461345398,-28.3850422812186
-0.911890872242583,-28.0325529264646,-1.21294691332272,-26.8196060131419,-28.0325529264646
-0.616813175024893,-27.7374752292469,-0.918162770715961,-26.819312458531,-27.7374752292469
-0.0759214124585159,-27.1965834666806,-2.05404986147182,-25.1425336052087,-27.1965834666806
