Total_energy,Adsorption_energy,Rigid_adsorption_energy,Deformation_energy,dEad/dNi
-1.77495309605352,-28.8956151502755,-2.07580204526539,-26.8198131050102,-28.8956151502755
-1.3468376649388,-28.4674997191608,-1.64760704193393,-26.8198926772269,-28.4674997191608
-0.902084132721127,-28.0227461869432,-1.20356635611973,-26.8191798308234,-28.0227461869432
-0.0527998220103054,-27.1734618762323,-2.03105589626858,-25.1424059799638,-27.1734618762323
0.576290501470393,-26.5443715527516,-1.40200221326369,-25.1423693394879,-26.5443715527516
