Total_energy,Adsorption_energy,Rigid_adsorption_energy,Deformation_energy,dEad/dNi
-1.77012682386725,-28.8907888780893,-2.07452201797054,-26.8162668601188,-28.8907888780893
-1.34880468307111,-28.4694667372931,-1.65053565836741,-26.8189310789257,-28.4694667372931
-0.845338441839676,-27.9660004960617,-1.14787862653806,-26.8181218695237,-27.9660004960617
-0.248039123827447,-27.3687011780495,-0.548818889195565,-26.8198822888539,-27.3687011780495
1.20664628625777,-25.9140157679643,-0.771624924752669,-25.1423908432116,-25.9140157679643
