Total_energy,Adsorption_energy,Rigid_adsorption_energy,Deformation_energy,dEad/dNi
-1.78503510418444,-28.9056971584065,-2.08583556099563,-26.8198615974108,-28.9056971584065
-1.33328847333147,-28.4539505275535,-1.63437656963103,-26.8195739579225,-28.4539505275535
-0.827143164428784,-27.9478052186508,-1.12815631310096,-26.8196489055499,-27.9478052186508
-0.0637042391410401,-27.1843662933631,-2.0412325659169,-25.1431337274462,-27.1843662933631
1.1274357601831,-25.9932262940389,-0.850828506698748,-25.1423977873402,-25.9932262940389
