Total_energy,Adsorption_energy,Rigid_adsorption_energy,Deformation_energy,dEad/dNi
-1.67566266107509,-28.7963247152971,-1.97654708484417,-26.819777630453,-28.7963247152971
-1.14030629996127,-28.2609683541833,-1.44137351570294,-26.8195948384804,-28.2609683541833
-0.61508983883561,-27.7357518930576,-0.915850729082536,-26.8199011639751,-27.7357518930576
0.328243044193793,-26.7924190100282,-1.64969446838189,-25.1427245416464,-26.7924190100282
1.58040318580413,-25.5402588684179,-0.39789724186174,-25.1423616265562,-25.5402588684179
