Total_energy,Adsorption_energy,Rigid_adsorption_energy,Deformation_energy,dEad/dNi
-1.76201117329813,-28.8826732275202,-2.06316452751439,-26.8195087000058,-28.8826732275202
-1.24002738878836,-28.3606894430104,-1.54166554801099,-26.8190238949994,-28.3606894430104
-0.680708056203812,-27.8013701104258,-0.981474259626765,-26.8198958507991,-27.8013701104258
0.0158126885441643,-27.1048493656779,-1.96201532256415,-25.1428340431137,-27.1048493656779
0.817354752417707,-26.3033073018043,-1.16093924348767,-25.1423680583167,-26.3033073018043
