Total_energy,Adsorption_energy,Rigid_adsorption_energy,Deformation_energy,dEad/dNi
-1.72445686343229,-28.8451189176543,-2.02532116930172,-26.8197977483526,-28.8451189176543
-1.25281874311104,-28.3734807973331,-1.55374274061417,-26.8197380567189,-28.3734807973331
-0.67341186117337,-27.7940739153954,-0.974183636314151,-26.8198902790813,-27.7940739153954
1.03789898315378,-26.0827630710683,-0.940406514356227,-25.142356556712,-26.0827630710683
1.55945250659049,-25.5612095476315,-0.418845631466882,-25.1423639161647,-25.5612095476315
