Total_energy,Adsorption_energy,Rigid_adsorption_energy,Deformation_energy,dEad/dNi
-1.74371027162091,-28.8643723258429,-2.04451370690963,-26.8198586189333,-28.8643723258429
-1.22639275090357,-28.3470548051256,-1.52741903998064,-26.819635765145,-28.3470548051256
-0.0273406035934931,-27.1480026578155,-0.328103905541265,-26.8198987522743,-27.1480026578155
0.794029934531025,-26.326632119691,-1.18424451170348,-25.1423876079875,-26.326632119691
1.32609637374126,-25.7945656804808,-0.65202394392684,-25.1425417365539,-25.7945656804808
