Total_energy,Adsorption_energy,Rigid_adsorption_energy,Deformation_energy,dEad/dNi
-1.7896636977936,-28.9103257520156,-2.09046765611297,-26.8198580959027,-28.9103257520156
-1.32031106572923,-28.4409731199513,-1.62238280149085,-26.8185903184604,-28.4409731199513
-0.834831172823764,-27.9554932270458,-1.13559827777974,-26.8198949492661,-27.9554932270458
-0.0810796512360139,-27.201741705458,-2.05917123720872,-25.1425704682493,-27.201741705458
0.909083123166031,-26.211578931056,-1.06905102960475,-25.1425279014513,-26.211578931056
