Total_energy,Adsorption_energy,Rigid_adsorption_energy,Deformation_energy,dEad/dNi
-1.73508763373511,-28.8557496879571,-2.03597921366704,-26.8197704742901,-28.8557496879571
-1.28357887411582,-28.4042409283379,-1.58447173576629,-26.8197691925716,-28.4042409283379
-0.755968156675207,-27.8766302108972,-1.05779846436547,-26.8188317465318,-27.8766302108972
0.475332741345262,-26.6453293128768,-1.50297314998179,-25.142356162895,-26.6453293128768
1.52572126282168,-25.5949407914004,-0.452584982049564,-25.1423558093508,-25.5949407914004
