Total_energy,Adsorption_energy,Rigid_adsorption_energy,Deformation_energy,dEad/dNi
-1.77536328853295,-28.896025342755,-2.07624567865513,-26.8197796640999,-28.896025342755
-1.22233392050289,-28.3429959747249,-1.52325537731916,-26.8197405974058,-28.3429959747249
-0.697088183229958,-27.817750237452,-0.997952233594986,-26.819798003857,-27.817750237452
-0.0238983628101069,-27.1445604170321,-0.324634789888126,-26.819925627144,-27.1445604170321
1.16613610358255,-25.9545259506395,-0.812158027812986,-25.1423679228265,-25.9545259506395
