Total_energy,Adsorption_energy,Rigid_adsorption_energy,Deformation_energy,dEad/dNi
-1.79298646429941,-28.9136485185214,-2.09382020451214,-26.8198283140093,-28.9136485185214
-1.32984088735368,-28.4505029415757,-1.63095893365242,-26.8195440079233,-28.4505029415757
-0.805524583936013,-27.926186638158,-1.10630271625983,-26.8198839218982,-27.926186638158
-0.0985811424441507,-27.2192431966662,-2.0765884283762,-25.14265476829,-27.2192431966662
0.800218218163981,-26.3204438360581,-1.17806171302141,-25.1423821230366,-26.3204438360581
