Total_energy,Adsorption_energy,Rigid_adsorption_energy,Deformation_energy,dEad/dNi
-1.78329350274304,-28.9039555569651,-2.08406011186665,-26.8198954450984,-28.9039555569651
-1.34429704403804,-28.4649590982601,-1.64510287077826,-26.8198562274818,-28.4649590982601
-0.787057663231944,-27.907719717454,-1.08781796803958,-26.8199017494144,-27.907719717454
0.266431564360673,-26.8542304898614,-1.71186033703291,-25.1423701528285,-26.8542304898614
1.16134644392116,-25.9593156103009,-0.816888011616601,-25.1424275986843,-25.9593156103009
