Total_energy,Adsorption_energy,Rigid_adsorption_energy,Deformation_energy,dEad/dNi
-1.75715293889189,-28.8778149931139,-2.05822883608758,-26.8195861570264,-28.8778149931139
-1.28541072412046,-28.4060727783425,-1.5872502314037,-26.8188225469388,-28.4060727783425
-0.696454140489996,-27.817116194712,-0.997323843609051,-26.819792351103,-27.817116194712
-0.0507502796088224,-27.1714123338309,-2.02882535689301,-25.1425869769378,-27.1714123338309
1.16844235617146,-25.9522196980506,-0.809634342529113,-25.1425853555215,-25.9522196980506
