Total_energy,Adsorption_energy,Rigid_adsorption_energy,Deformation_energy,dEad/dNi
-1.79878642943348,-28.9194484836555,-2.09961823560124,-26.8198302480543,-28.9194484836555
-1.24844332978132,-28.3691053840034,-1.54988052694342,-26.8192248570599,-28.3691053840034
-0.70048382919796,-27.82114588342,-1.00237694032312,-26.8187689430969,-27.82114588342
0.184253175317971,-26.9364088789041,-1.79403599686104,-25.142372882043,-26.9364088789041
1.17036146884471,-25.9503005853773,-0.807847106115235,-25.1424534792621,-25.9503005853773
