Total_energy,Adsorption_energy,Rigid_adsorption_energy,Deformation_energy,dEad/dNi
-1.78968609035809,-28.9103481445801,-2.09655517526767,-26.8137929693125,-28.9103481445801
-1.27385108052768,-28.3945131347497,-1.57515683050388,-26.8193563042458,-28.3945131347497
-0.759055005847429,-27.8797170600695,-1.06163263947038,-26.8180844205991,-27.8797170600695
0.0379170280121546,-27.0827450262099,-1.93987549118619,-25.1428695350237,-27.0827450262099
1.01038664665975,-26.1102754075623,-0.967850744421933,-25.1424246631404,-26.1102754075623
