Total_energy,Adsorption_energy,Rigid_adsorption_energy,Deformation_energy,dEad/dNi
-1.76815464784239,-28.8888167020644,-2.06900261918591,-26.8198140828785,-28.8888167020644
-1.20481432139936,-28.3254763756214,-1.50622844714263,-26.8192479284788,-28.3254763756214
-0.736541029017783,-27.8572030832398,-1.03728467735679,-26.819918405883,-27.8572030832398
0.869316015906437,-26.2513460383156,-1.10891967222791,-25.1424263660877,-26.2513460383156
1.5293585262612,-25.5913035279608,-0.448942112156271,-25.1423614158046,-25.5913035279608
