Total_energy,Adsorption_energy,Rigid_adsorption_energy,Deformation_energy,dEad/dNi
-1.81087937913738,-28.9315414333594,-2.11165812786725,-26.8198833054922,-28.9315414333594
-1.41007921994467,-28.5307412741667,-1.71157893566041,-26.8191623385063,-28.5307412741667
-0.904231193690926,-28.024893247913,-1.20541920366265,-26.8194740442503,-28.024893247913
-0.489533650169892,-27.6101957043919,-0.790273622758185,-26.8199220816337,-27.6101957043919
0.855001316149036,-26.265660738073,-1.1232922380628,-25.1423685000102,-26.265660738073
