Total_energy,Adsorption_energy,Rigid_adsorption_energy,Deformation_energy,dEad/dNi
-1.83210545082968,-28.9527675050517,-2.13288382073811,-26.8198836843136,-28.9527675050517
-1.41082985264222,-28.5314919068643,-1.71307127100642,-26.8184206358578,-28.5314919068643
-1.00784697312012,-28.1285090273422,-1.30891383279211,-26.8195951945501,-28.1285090273422
-0.394303579521842,-27.5149656337439,-0.695112377005884,-26.819853256738,-27.5149656337439
0.406699084393906,-26.7139629698281,-1.57160336757815,-25.14235960225,-26.7139629698281
