Total_energy,Adsorption_energy,Rigid_adsorption_energy,Deformation_energy,dEad/dNi
-1.81053081755936,-28.9311928717814,-2.11131172177784,-26.8198811500036,-28.9311928717814
-1.24175033982823,-28.3624123940503,-1.54411402462101,-26.8182983694292,-28.3624123940503
-0.795042551503184,-27.9157046057252,-1.09715814162595,-26.8185464640993,-27.9157046057252
-0.098752748099461,-27.2194148023215,-2.07665673137014,-25.1427580709514,-27.2194148023215
0.539704345214143,-26.5809577090079,-1.43859402269571,-25.1423636863122,-26.5809577090079
