Total_energy,Adsorption_energy,Rigid_adsorption_energy,Deformation_energy,dEad/dNi
-1.75805565356068,-28.8787177077827,-2.05889212688677,-26.8198255808959,-28.8787177077827
-1.29837067505287,-28.4190327292749,-1.59922591025348,-26.8198068190214,-28.4190327292749
-0.814900452276828,-27.9355625064989,-1.1157210578933,-26.8198414486056,-27.9355625064989
0.0227130829299576,-27.0979489712921,-1.95451076335122,-25.1434382079409,-27.0979489712921
1.04658953155188,-26.0740725226702,-0.931604356465921,-25.1424681662042,-26.0740725226702
