Total_energy,Adsorption_energy,Rigid_adsorption_energy,Deformation_energy,dEad/dNi
-1.75221657280662,-28.8728786270287,-2.05308516516465,-26.819793461864,-28.8728786270287
-1.23806164136146,-28.3587236955835,-1.5390786992241,-26.8196449963594,-28.3587236955835
-0.788505628093587,-27.9091676823156,-1.08929873228402,-26.8198689500316,-27.9091676823156
0.490603384066504,-26.6300586701555,-1.48770296895642,-25.1423557011991,-26.6300586701555
1.57066475407208,-25.54999730015,-0.407657668524307,-25.1423396316256,-25.54999730015
