Total_energy,Adsorption_energy,Rigid_adsorption_energy,Deformation_energy,dEad/dNi
-1.80395935566316,-28.9246214098852,-2.10494669871337,-26.8196747111718,-28.9246214098852
-1.27403631589879,-28.3946983701208,-1.57522677527832,-26.8194715948425,-28.3946983701208
-0.572307309628116,-27.6929693638501,-0.873363268846891,-26.8196060950033,-27.6929693638501
1.08266826881731,-26.0379937854047,-0.895609037928638,-25.1423847474761,-26.0379937854047
