Total_energy,Adsorption_energy,Rigid_adsorption_energy,Deformation_energy,dEad/dNi
-1.73383607827796,-28.8544981325,-2.03462788525725,-26.8198702472427,-28.8544981325
-1.26443425785999,-28.385096312082,-1.56522134935255,-26.8198749627295,-28.385096312082
-0.699404372691268,-27.8200664269133,-1.00015398113114,-26.8199124457822,-27.8200664269133
-0.0678591362963523,-27.1885211905184,-0.368626590612786,-26.8198945999056,-27.1885211905184
0.96584816987308,-26.154813884349,-1.012392862236,-25.142421022113,-26.154813884349
