Total_energy,Adsorption_energy,Rigid_adsorption_energy,Deformation_energy,dEad/dNi
-1.79192621189932,-28.9125882661214,-2.09277995072152,-26.8198083153998,-28.9125882661214
-1.35581604657484,-28.4764781007969,-1.65724130235873,-26.8192367984381,-28.4764781007969
-0.788600297196093,-27.9092623514181,-1.08948881093373,-26.8197735404844,-27.9092623514181
-0.0966133700466465,-27.2172754242687,-2.07444747705722,-25.1428279472115,-27.2172754242687
0.872072983746225,-26.2485890704758,-1.106168874155,-25.1424201963208,-26.2485890704758
