Total_energy,Adsorption_energy,Rigid_adsorption_energy,Deformation_energy,dEad/dNi
-1.79074105309073,-28.9114031073128,-2.09156970112655,-26.8198334061862,-28.9114031073128
-1.30599390022778,-28.4266559544498,-1.60682184604853,-26.8198341084013,-28.4266559544498
-0.715749876425282,-27.8364119306473,-1.01750352902153,-26.8189084016258,-27.8364119306473
-0.0710146647939811,-27.191676719016,-2.04904888410748,-25.1426278349085,-27.191676719016
1.56376616162536,-25.5568958925967,-0.414500263571008,-25.1423956290257,-25.5568958925967
