Total_energy,Adsorption_energy,Rigid_adsorption_energy,Deformation_energy,dEad/dNi
-1.79995289628313,-28.9206149505052,-2.10087620245943,-26.8197387480457,-28.9206149505052
-1.16967497490716,-28.2903370291292,-1.47301982024373,-26.8173172088855,-28.2903370291292
-0.68875198947217,-27.8094140436942,-0.989608717330276,-26.8198053263639,-27.8094140436942
1.26383740380848,-25.8568246504136,-0.71446927757153,-25.142355372842,-25.8568246504136
