Total_energy,Adsorption_energy,Rigid_adsorption_energy,Deformation_energy,dEad/dNi
-1.79348795999809,-28.9141500142201,-2.09435978223468,-26.8197902319854,-28.9141500142201
-1.22564813453982,-28.3463101887619,-1.52728216457394,-26.8190280241879,-28.3463101887619
-0.794943434407679,-27.9156054886297,-1.09598259433148,-26.8196228942982,-27.9156054886297
-0.0880077305242428,-27.2086697847463,-2.06613609763705,-25.1425336871092,-27.2086697847463
0.926752831603542,-26.1939092226185,-1.05147846770854,-25.1424307549099,-26.1939092226185
