Total_energy,Adsorption_energy,Rigid_adsorption_energy,Deformation_energy,dEad/dNi
-1.80181510859978,-28.9224771628218,-2.10261234329994,-26.8198648195219,-28.9224771628218
-1.32007292405036,-28.4407349782724,-1.6210905584885,-26.8196444197839,-28.4407349782724
-0.841735307771852,-27.9623973619939,-1.14249922042781,-26.8198981415661,-27.9623973619939
0.0735915614960669,-27.047070492726,-1.90482250328527,-25.1422479894407,-27.047070492726
0.901436438684017,-26.219225615538,-1.07681166556835,-25.1424139499697,-26.219225615538
