Total_energy,Adsorption_energy,Rigid_adsorption_energy,Deformation_energy,dEad/dNi
-1.7936288208859,-28.9142908751079,-2.09518510083358,-26.8191057742743,-28.9142908751079
-1.33580081183411,-28.4564628660561,-1.63674700630643,-26.8197158597497,-28.4564628660561
-0.48048018402728,-27.6011422382493,-0.781336953928859,-26.8198052843205,-27.6011422382493
0.795494311785717,-26.3251677424363,-1.1828110893485,-25.1423566530878,-26.3251677424363
1.51948624470457,-25.6011758095175,-0.458822334449662,-25.1423534750678,-25.6011758095175
