Total_energy,Adsorption_energy,Rigid_adsorption_energy,Deformation_energy,dEad/dNi
-1.79537123473695,-28.916033288959,-2.09624505135688,-26.8197882376021,-28.916033288959
-1.28673414061814,-28.4073961948402,-1.58768494972128,-26.8197112451189,-28.4073961948402
-0.859083661819179,-27.9797457160412,-1.16049428691854,-26.8192514291227,-27.9797457160412
0.385038316741053,-26.735623737481,-1.59000286429722,-25.1456208731838,-26.735623737481
1.00286698546246,-26.1177950687596,-0.975295838732598,-25.142499230027,-26.1177950687596
