Total_energy,Adsorption_energy,Rigid_adsorption_energy,Deformation_energy,dEad/dNi
-1.81035525231156,-28.9310173065336,-2.11164793356515,-26.8193693729684,-28.9310173065336
-1.26776246455504,-28.3884245187771,-1.5700892360319,-26.8183352827452,-28.3884245187771
-0.84955712759134,-27.9702191818134,-1.15032764812721,-26.8198915336862,-27.9702191818134
-0.0421260415923685,-27.1627880958144,-0.342872551048888,-26.8199155447655,-27.1627880958144
0.842228326883886,-26.2784337273381,-1.13604670357169,-25.1423870237665,-26.2784337273381
