Total_energy,Adsorption_energy,Rigid_adsorption_energy,Deformation_energy,dEad/dNi
-1.79428630720789,-28.9149483614299,-2.09505106435983,-26.8198972970701,-28.9149483614299
-1.29686175373503,-28.4175238079571,-1.59815489513381,-26.8193689128233,-28.4175238079571
-0.811797406874216,-27.9324594610963,-1.11256836355238,-26.8198910975439,-27.9324594610963
-0.052906373195333,-27.1735684274174,-2.03088421069506,-25.1426842167223,-27.1735684274174
0.440627351844477,-26.6800347023776,-1.53714029124522,-25.1428944111323,-26.6800347023776
