Total_energy,Adsorption_energy,Rigid_adsorption_energy,Deformation_energy,dEad/dNi
-1.78830847973646,-28.9089705339585,-2.08906892421758,-26.8199016097409,-28.9089705339585
-1.27029610612839,-28.3909581603504,-1.57105668995169,-26.8199014703987,-28.3909581603504
-0.61500838387108,-27.7356704380931,-0.915823536933172,-26.8198469011599,-27.7356704380931
0.769531611676619,-26.3511304425454,-1.20866779333577,-25.1424626492096,-26.3511304425454
1.57828563682353,-25.5423764173985,-0.399992269317293,-25.1423841480812,-25.5423764173985
