Total_energy,Adsorption_energy,Rigid_adsorption_energy,Deformation_energy,dEad/dNi
-1.37076730005306,-7.97058491193695,-1.37078678477032,-6.59979812716664,-7.97058491193695
-0.934257221563294,-7.53407483344719,-0.934257513853524,-6.59981731959367,-7.53407483344719
-0.627436527409742,-7.22725413929364,-0.627436841896919,-6.59981729739672,-7.22725413929364
