Total_energy,Adsorption_energy,Rigid_adsorption_energy,Deformation_energy,dEad/dNi
-1.37585994541633,-7.97567755730022,-1.37587135089975,-6.59980620640047,-7.97567755730022
-0.945780118216431,-7.54559773010033,-0.945789754116208,-6.59980797598412,-7.54559773010033
-0.525575225643363,-7.12539283752726,-0.525578277690755,-6.5998145598365,-7.12539283752726
