Total_energy,Adsorption_energy,Rigid_adsorption_energy,Deformation_energy,dEad/dNi
-1.38345396364939,-7.98327157553328,-1.38346362409537,-6.59980795143792,-7.98327157553328
-0.865450538084031,-7.46526814996793,-0.865450707529135,-6.59981744243879,-7.46526814996793
-0.294640863227435,-6.89445847511133,-0.294645854612272,-6.59981262049906,-6.89445847511133
