Total_energy,Adsorption_energy,Rigid_adsorption_energy,Deformation_energy,dEad/dNi
-1.37451706801094,-7.97433467989484,-1.37451730231013,-6.59981737758471,-7.97433467989484
-0.929866769363036,-7.52968438124693,-0.929868978872072,-6.59981540237486,-7.52968438124693
-0.57783323341018,-7.17765084529408,-0.57783468845658,-6.5998161568375,-7.17765084529408
