Total_energy,Adsorption_energy,Rigid_adsorption_energy,Deformation_energy,dEad/dNi
-1.36862429203194,-7.96844190391584,-1.36864106562588,-6.59980083828996,-7.96844190391584
-0.934026370521121,-7.53384398240502,-0.934026375699083,-6.59981760670593,-7.53384398240502
-0.559325412401153,-7.15914302428505,-0.559325429532253,-6.5998175947528,-7.15914302428505
