Total_energy,Adsorption_energy,Rigid_adsorption_energy,Deformation_energy,dEad/dNi
-1.37351204547175,-7.97332965735564,-1.37352107871701,-6.59980857863863,-7.97332965735564
-0.903080733424357,-7.50289834530825,-0.903080853366767,-6.59981749194148,-7.50289834530825
-0.242762043873943,-6.84257965575784,-0.242765339750847,-6.59981431600699,-6.84257965575784
