Total_energy,Adsorption_energy,Rigid_adsorption_energy,Deformation_energy,dEad/dNi
-1.38442787370503,-7.98424548558892,-1.38442847079613,-6.59981701479279,-7.98424548558892
-0.764948634749322,-7.36476624663322,-0.764949330247457,-6.59981691638576,-7.36476624663322
-0.465145942220479,-7.06496355410437,-0.465145987949568,-6.59981756615481,-7.06496355410437
