Total_energy,Adsorption_energy,Rigid_adsorption_energy,Deformation_energy,dEad/dNi
-1.37694326763385,-7.97676087951775,-1.37694391907912,-6.59981696043863,-7.97676087951775
-0.832860199086637,-7.43267781097053,-0.832864592598872,-6.59981321837166,-7.43267781097053
-0.742738088437718,-7.34255570032161,-0.74274179310539,-6.59981390721622,-7.34255570032161
