Total_energy,Adsorption_energy,Rigid_adsorption_energy,Deformation_energy,dEad/dNi
-1.37861285960237,-7.97843047148626,-1.37861297787109,-6.59981749361517,-7.97843047148626
-0.932827778635539,-7.53264539051943,-0.932827781540487,-6.59981760897895,-7.53264539051943
-0.396947571414337,-6.99676518329823,-0.396956357863282,-6.59980882543495,-6.99676518329823
