Total_energy,Adsorption_energy,Rigid_adsorption_energy,Deformation_energy,dEad/dNi
-1.37168663650704,-7.97150424839094,-1.37169092658873,-6.5998133218022,-7.97150424839094
-0.928590224638018,-7.52840783652191,-0.928590926991048,-6.59981690953087,-7.52840783652191
-0.327890196968215,-6.92770780885211,-0.327894160697418,-6.59981364815469,-6.92770780885211
