Total_energy,Adsorption_energy,Rigid_adsorption_energy,Deformation_energy,dEad/dNi
-1.37532627679251,-7.9751438886764,-1.3753326269781,-6.5998112616983,-7.9751438886764
-0.838829564145452,-7.43864717602935,-0.838832968661659,-6.59981420736769,-7.43864717602935
