Total_energy,Adsorption_energy,Rigid_adsorption_energy,Deformation_energy,dEad/dNi
-1.37464340308213,-7.97446101496602,-1.37466093001551,-6.59980008495051,-7.97446101496602
-0.914062739067993,-7.51388035095189,-0.914062745463073,-6.59981760548882,-7.51388035095189
-0.228522249125207,-6.8283398610091,-0.2285294155034,-6.5998104455057,-6.8283398610091
