Total_energy,Adsorption_energy,Rigid_adsorption_energy,Deformation_energy,dEad/dNi
-1.39311220467115,-7.99292981655505,-1.39311712838616,-6.59981268816889,-7.99292981655505
-1.03984744551445,-7.63966505739834,-1.03984754459702,-6.59981751280132,-7.63966505739834
-0.640107596679945,-7.23992520856384,-0.640107945664994,-6.59981726289885,-7.23992520856384
