Total_energy,Adsorption_energy,Rigid_adsorption_energy,Deformation_energy,dEad/dNi
-1.38431085072661,-7.9841284626105,-1.38431085702432,-6.59981760558618,-7.9841284626105
-0.837591159685434,-7.43740877156933,-0.837592063673826,-6.5998167078955,-7.43740877156933
-0.253076866311633,-6.85289447819553,-0.253082012518622,-6.59981246567691,-6.85289447819553
