Total_energy,Adsorption_energy,Rigid_adsorption_energy,Deformation_energy,dEad/dNi
-1.38119681205172,-7.98101442393562,-1.38119974106792,-6.5998146828677,-7.98101442393562
-0.856676591027678,-7.45649420291157,-0.856686190276284,-6.59980801263529,-7.45649420291157
-0.560426214469041,-7.16024382635294,-0.560432728921618,-6.59981109743132,-7.16024382635294
