Total_energy,Adsorption_energy,Rigid_adsorption_energy,Deformation_energy,dEad/dNi
-1.38233706826153,-7.98215468014542,-1.38235074229763,-6.59980393784779,-7.98215468014542
-0.953757503250981,-7.55357511513488,-0.953757861688197,-6.59981725344668,-7.55357511513488
-0.614941237976676,-7.21475884986057,-0.614941241213262,-6.59981760864731,-7.21475884986057
