Total_energy,Adsorption_energy,Rigid_adsorption_energy,Deformation_energy,dEad/dNi
-1.39180245705919,-7.99162006894309,-1.39180641906992,-6.59981364987317,-7.99162006894309
-0.781305729663996,-7.38112334154789,-0.781307091299119,-6.59981625024877,-7.38112334154789
-0.248557286595917,-6.84837489847981,-0.248559027629322,-6.59981587085049,-6.84837489847981
