Total_energy,Adsorption_energy,Rigid_adsorption_energy,Deformation_energy,dEad/dNi
-1.37370688540099,-7.97352449728488,-1.37372009999087,-6.59980439729401,-7.97352449728488
-0.801360553441161,-7.40117816532506,-0.801362017990005,-6.59981614733505,-7.40117816532506
-0.554493629987622,-7.15431124187152,-0.55449363023837,-6.59981761163315,-7.15431124187152
