Total_energy,Adsorption_energy,Rigid_adsorption_energy,Deformation_energy,dEad/dNi
-1.39101529299838,-7.99083290488227,-1.3910158259991,-6.59981707888318,-7.99083290488227
-0.825027315674554,-7.42484492755845,-0.825036101475992,-6.59980882608246,-7.42484492755845
-0.266554163669876,-6.86637177555377,-0.266561770858758,-6.59981000469501,-6.86637177555377
