Total_energy,Adsorption_energy,Rigid_adsorption_energy,Deformation_energy,dEad/dNi
-1.38744454155729,-7.98726215344119,-1.38744535418563,-6.59981679925556,-7.98726215344119
-0.948293594069044,-7.54811120595294,-0.948299861704335,-6.5998113442486,-7.54811120595294
-0.489214511796545,-7.08903212368044,-0.493097197915156,-6.59593492576528,-7.08903212368044
