Total_energy,Adsorption_energy,Rigid_adsorption_energy,Deformation_energy,dEad/dNi
-1.38267107266301,-7.98248868454691,-1.38267111555149,-6.59981756899542,-7.98248868454691
-0.907300617712031,-7.50711822959593,-0.907300626371437,-6.59981760322449,-7.50711822959593
-0.676063557697356,-7.27588116958125,-0.676067345999959,-6.59981382358129,-7.27588116958125
