Total_energy,Adsorption_energy,Rigid_adsorption_energy,Deformation_energy,dEad/dNi
-1.38920944949029,-7.98902706137419,-1.38921111491828,-6.59981594645591,-7.98902706137419
-0.877250749844935,-7.47706836172883,-0.877250791925419,-6.59981756980341,-7.47706836172883
