Total_energy,Adsorption_energy,Rigid_adsorption_energy,Deformation_energy,dEad/dNi
-1.38311910563989,-7.98293671752378,-1.38312905120655,-6.59980766631724,-7.98293671752378
-0.940868106241217,-7.54068571812511,-0.940868241464034,-6.59981747666108,-7.54068571812511
-0.272182793624439,-6.87200040550833,-0.272189355254962,-6.59981105025337,-6.87200040550833
