Total_energy,Adsorption_energy,Rigid_adsorption_energy,Deformation_energy,dEad/dNi
-1.37465162908983,-7.97446924097372,-1.37465305938527,-6.59981618158845,-7.97446924097372
-0.939629592785757,-7.53944720466965,-0.939629863285682,-6.59981734138397,-7.53944720466965
-0.427772108890223,-7.02758972077412,-0.42777884557202,-6.5998108752021,-7.02758972077412
