Total_energy,Adsorption_energy,Rigid_adsorption_energy,Deformation_energy,dEad/dNi
-1.38539091205408,-7.98520852393797,-1.38539114029498,-6.59981738364299,-7.98520852393797
-0.94248333435984,-7.54230094624374,-0.942495441894382,-6.59980550434935,-7.54230094624374
-0.538077907356858,-7.13789551924075,-0.538081436277651,-6.5998140829631,-7.13789551924075
