Total_energy,Adsorption_energy,Rigid_adsorption_energy,Deformation_energy,dEad/dNi
-1.38562715963451,-7.98544477151841,-1.38562745232221,-6.5998173191962,-7.98544477151841
-0.956349533967523,-7.55616714585142,-0.956349774764519,-6.5998173710869,-7.55616714585142
-0.29227636031713,-6.89209397220103,-0.292280975945649,-6.59981299625538,-6.89209397220103
