Total_energy,Adsorption_energy,Rigid_adsorption_energy,Deformation_energy,dEad/dNi
-1.40067658814076,-8.00049420002466,-1.40069439987235,-6.59979980015231,-8.00049420002466
-0.978468583766648,-7.57828619565054,-0.978472283693846,-6.5998139119567,-7.57828619565054
-0.557276004276077,-7.15709361615997,-0.557276200216533,-6.59981741594344,-7.15709361615997
