Total_energy,Adsorption_energy,Rigid_adsorption_energy,Deformation_energy,dEad/dNi
-1.37957120206451,-7.9793888139484,-1.37957157146625,-6.59981724248215,-7.9793888139484
-0.950993798522688,-7.55081141040658,-0.951001780346027,-6.59980963006056,-7.55081141040658
-0.472894437909054,-7.07271204979295,-0.472900807550868,-6.59981124224208,-7.07271204979295
