Total_energy,Adsorption_energy,Rigid_adsorption_energy,Deformation_energy,dEad/dNi
-1.3770988174137,-7.9769164292976,-1.37711087449561,-6.59980555480199,-7.9769164292976
-0.939961405416502,-7.5397790173004,-0.939961424618903,-6.59981759268149,-7.5397790173004
-0.581090272105305,-7.1809078839892,-0.581091093517704,-6.5998167904715,-7.1809078839892
