Total_energy,Adsorption_energy,Rigid_adsorption_energy,Deformation_energy,dEad/dNi
-1.3821806022948,-7.98199821417869,-1.38218118588544,-6.59981702829325,-7.98199821417869
-0.971167158745416,-7.57098477062931,-0.97117175486353,-6.59981301576578,-7.57098477062931
-0.505033905624063,-7.10485151750796,-0.505043841837598,-6.59980767567036,-7.10485151750796
