Total_energy,Adsorption_energy,Rigid_adsorption_energy,Deformation_energy,dEad/dNi
-1.39220576900179,-7.99202338088568,-1.3922198328478,-6.59980354803789,-7.99202338088568
-0.944860982908189,-7.54467859479208,-0.944863211547614,-6.59981538324447,-7.54467859479208
-0.261711104667624,-6.86152871655152,-0.261713998908357,-6.59981471764316,-6.86152871655152
