Total_energy,Adsorption_energy,Rigid_adsorption_energy,Deformation_energy,dEad/dNi
-1.37826709682798,-7.97808470871188,-1.37827063446772,-6.59981407424416,-7.97808470871188
-0.775143587597612,-7.37496119948151,-0.775150363535163,-6.59981083594634,-7.37496119948151
-0.271850078442259,-6.87166769032615,-0.271859382834449,-6.59980830749171,-6.87166769032615
