Total_energy,Adsorption_energy,Rigid_adsorption_energy,Deformation_energy,dEad/dNi
-1.38200398150036,-7.98182159338425,-1.38200440483297,-6.59981718855129,-7.98182159338425
-0.951434167233314,-7.55125177911721,-0.951434426500424,-6.59981735261679,-7.55125177911721
-0.389080451858627,-6.98889806374252,-0.389082097227733,-6.59981596651479,-6.98889806374252
