Total_energy,Adsorption_energy,Rigid_adsorption_energy,Deformation_energy,dEad/dNi
-1.37769118296931,-7.9775087948532,-1.37770333876939,-6.59980545608381,-7.9775087948532
-0.941274147956731,-7.54109175984063,-0.941274710382885,-6.59981704945774,-7.54109175984063
-0.293153934822069,-6.89297154670596,-0.293159388265086,-6.59981215844088,-6.89297154670596
