Total_energy,Adsorption_energy,Rigid_adsorption_energy,Deformation_energy,dEad/dNi
-1.38482900833856,-7.98464662022245,-1.38482907892201,-6.59981754130044,-7.98464662022245
-0.869137324647723,-7.46895493653162,-0.869137324815178,-6.59981761171644,-7.46895493653162
-0.289998577127105,-6.889816189011,-0.290007470646999,-6.599808718364,-6.889816189011
