Total_energy,Adsorption_energy,Rigid_adsorption_energy,Deformation_energy,dEad/dNi
-1.39166904351686,-7.99148665540076,-1.39166965007175,-6.599817005329,-7.99148665540076
-0.759812891610846,-7.35963050349474,-0.759824967393224,-6.59980553610152,-7.35963050349474
-0.495053983347542,-7.09487159523144,-0.495057818108148,-6.59981377712329,-7.09487159523144
