Total_energy,Adsorption_energy,Rigid_adsorption_energy,Deformation_energy,dEad/dNi
-1.38433533061185,-7.98415294249574,-1.38433599185582,-6.59981695063992,-7.98415294249574
-0.846924769216976,-7.44674238110087,-0.846924923803046,-6.59981745729783,-7.44674238110087
-0.282962932329474,-6.88278054421337,-0.282965525198072,-6.5998150190153,-6.88278054421337
