Total_energy,Adsorption_energy,Rigid_adsorption_energy,Deformation_energy,dEad/dNi
-1.38791315095229,-7.98773076283619,-1.38792259156712,-6.59980817126907,-7.98773076283619
-0.826933767295641,-7.42675137917954,-0.826934191271427,-6.59981718790811,-7.42675137917954
-0.249788174083566,-6.84960578596746,-0.249791776668126,-6.59981400929934,-6.84960578596746
