Total_energy,Adsorption_energy,Rigid_adsorption_energy,Deformation_energy,dEad/dNi
-1.37918011390634,-7.97899772579024,-1.37918081861365,-6.59981690717659,-7.97899772579024
-0.844640078879099,-7.444457690763,-0.844644951638252,-6.59981273912474,-7.444457690763
-0.212477465626665,-6.81229507751056,-0.212480410949982,-6.59981466656058,-6.81229507751056
