Total_energy,Adsorption_energy,Rigid_adsorption_energy,Deformation_energy,dEad/dNi
-1.37958583306249,-7.97940344494638,-1.37959514733461,-6.59980829761177,-7.97940344494638
-0.888830724374637,-7.48864833625853,-0.888834313150147,-6.59981402310838,-7.48864833625853
-0.270867868465608,-6.8706854803495,-0.270872771637584,-6.59981270871192,-6.8706854803495
