Total_energy,Adsorption_energy,Rigid_adsorption_energy,Deformation_energy,dEad/dNi
-1.37107671610066,-7.97089432798455,-1.37107696109452,-6.59981736689004,-7.97089432798455
-0.946573759790148,-7.54639137167404,-0.94657647928818,-6.59981489238586,-7.54639137167404
-0.262774958845616,-6.86259257072951,-0.262778029076495,-6.59981454165302,-6.86259257072951
