Total_energy,Adsorption_energy,Rigid_adsorption_energy,Deformation_energy,dEad/dNi
-1.37517659196802,-7.97499420385191,-1.37518103608743,-6.59981316776448,-7.97499420385191
-0.922863088672215,-7.52268070055611,-0.922863851876837,-6.59981684867927,-7.52268070055611
-0.371508140262819,-6.97132575214671,-0.371511227725569,-6.59981452442114,-6.97132575214671
