Total_energy,Adsorption_energy,Rigid_adsorption_energy,Deformation_energy,dEad/dNi
-1.37645703473042,-7.97627464661432,-1.37645743430454,-6.59981721230977,-7.97627464661432
-0.871009595173497,-7.47082720705739,-0.871011373053035,-6.59981583400436,-7.47082720705739
-0.186812238176955,-6.78662985006085,-0.186815249369123,-6.59981460069173,-6.78662985006085
