Total_energy,Adsorption_energy,Rigid_adsorption_energy,Deformation_energy,dEad/dNi
-1.37777240188149,-7.97759001376538,-1.37777241493355,-6.59981759883183,-7.97759001376538
-0.884248434031613,-7.48406604591551,-0.884248621957774,-6.59981742395773,-7.48406604591551
-0.454993732939822,-7.05481134482372,-0.454994322819046,-6.59981702200467,-7.05481134482372
