Total_energy,Adsorption_energy,Rigid_adsorption_energy,Deformation_energy,dEad/dNi
-1.37643989042104,-7.97625750230493,-1.37645616014031,-6.59980134216463,-7.97625750230493
-0.84008249055847,-7.43990010244237,-0.840084481160465,-6.5998156212819,-7.43990010244237
-0.33897200436765,-6.93878961625155,-0.338977301988821,-6.59981231426272,-6.93878961625155
