Total_energy,Adsorption_energy,Rigid_adsorption_energy,Deformation_energy,dEad/dNi
-1.38901521799016,-7.98883282987406,-1.38902095905085,-6.59981187082321,-7.98883282987406
-0.933379787504448,-7.53319739938834,-0.933381384743825,-6.59981601464452,-7.53319739938834
-0.25510929355826,-6.85492690544215,-0.255111134757838,-6.59981577068432,-6.85492690544215
