Total_energy,Adsorption_energy,Rigid_adsorption_energy,Deformation_energy,dEad/dNi
-1.39138039783849,-7.99119800972239,-1.39138061896447,-6.59981739075792,-7.99119800972239
-0.92414198172455,-7.52395959360845,-0.924144743665217,-6.59981484994323,-7.52395959360845
-0.232904075059685,-6.83272168694358,-0.232905913618776,-6.5998157733248,-6.83272168694358
