Total_energy,Adsorption_energy,Rigid_adsorption_energy,Deformation_energy,dEad/dNi
-1.37593443681474,-7.97575204869863,-1.37593541385875,-6.59981663483988,-7.97575204869863
-0.855821181960135,-7.45563879384403,-0.855821356041044,-6.59981743780299,-7.45563879384403
-0.50134997051646,-7.10116758240035,-0.501350496776257,-6.5998170856241,-7.10116758240035
