Total_energy,Adsorption_energy,Rigid_adsorption_energy,Deformation_energy,dEad/dNi
-1.37739900365033,-7.97721661553423,-1.37740778461334,-6.59980883092089,-7.97721661553423
-0.749780819987715,-7.34959843187161,-0.749783308462943,-6.59981512340867,-7.34959843187161
-0.294328302490331,-6.89414591437423,-0.294330292600867,-6.59981562177336,-6.89414591437423
