Total_energy,Adsorption_energy,Rigid_adsorption_energy,Deformation_energy,dEad/dNi
-1.38336937168708,-7.98318698357097,-1.38337298250705,-6.59981400106392,-7.98318698357097
-0.941730776578627,-7.54154838846252,-0.941736396512986,-6.59981199194954,-7.54154838846252
-0.293049569016277,-6.89286718090017,-0.293051915001747,-6.59981526589843,-6.89286718090017
