Total_energy,Adsorption_energy,Rigid_adsorption_energy,Deformation_energy,dEad/dNi
-1.37267165690052,-7.97248926878442,-1.37267974948175,-6.59980951930267,-7.97248926878442
-0.783397656692668,-7.38321526857656,-0.783400228549606,-6.59981504002696,-7.38321526857656
-0.275619616652196,-6.87543722853609,-0.275624952150283,-6.59981227638581,-6.87543722853609
