Total_energy,Adsorption_energy,Rigid_adsorption_energy,Deformation_energy,dEad/dNi
-1.37625204393647,-7.97606965582037,-1.37626518869799,-6.59980446712238,-7.97606965582037
-0.954522586965381,-7.55434019884928,-0.954531836201101,-6.59980836264818,-7.55434019884928
-0.229018628875927,-6.82883624075982,-0.229022918644352,-6.59981332211547,-6.82883624075982
