Total_energy,Adsorption_energy,Rigid_adsorption_energy,Deformation_energy,dEad/dNi
-1.37564621623501,-7.97546382811891,-1.37565117988531,-6.5998126482336,-7.97546382811891
-0.880303484664462,-7.48012109654836,-0.88030365331594,-6.59981744323242,-7.48012109654836
-0.267777232859956,-6.86759484474385,-0.26777928708432,-6.59981555765953,-6.86759484474385
