Total_energy,Adsorption_energy,Rigid_adsorption_energy,Deformation_energy,dEad/dNi
-1.38113610861935,-7.98095372050324,-1.38114454497748,-6.59980917552576,-7.98095372050324
-0.932666922590994,-7.53248453447489,-0.93266697192672,-6.59981756254817,-7.53248453447489
-0.257735011243745,-6.85755262312764,-0.257739444675569,-6.59981317845207,-6.85755262312764
