Total_energy,Adsorption_energy,Rigid_adsorption_energy,Deformation_energy,dEad/dNi
-1.38160835150102,-7.98142596338491,-1.3816240111452,-6.59980195223971,-7.98142596338491
-0.83481140782478,-7.43462901970868,-0.834811749244698,-6.59981727046398,-7.43462901970868
-0.595752487848565,-7.19557009973246,-0.595756632452702,-6.59981346727976,-7.19557009973246
