Total_energy,Adsorption_energy,Rigid_adsorption_energy,Deformation_energy,dEad/dNi
-1.6917161803574,-1.91783980868492,-1.69176178350342,-0.226078025181497,-1.91783980868492
-1.25353319108158,-1.4796568194091,-1.25374428649144,-0.225912532917663,-1.4796568194091
-0.815620067325627,-1.04174369565315,-0.815646060296132,-0.226097635357015,-1.04174369565315
-0.264546480167122,-0.490670108494641,-0.264560483198557,-0.226109625296085,-0.490670108494641
