Total_energy,Adsorption_energy,Rigid_adsorption_energy,Deformation_energy,dEad/dNi
-1.691302585284,-1.91742621361152,-1.69131989373959,-0.226106319871928,-1.91742621361152
-1.22082555499918,-1.4469491833267,-1.22084186082829,-0.226107322498415,-1.4469491833267
-0.581760828217005,-0.807884456544524,-0.581775151145558,-0.226109305398966,-0.807884456544524
-0.253456516698476,-0.479580145025995,-0.253473072905735,-0.22610707212026,-0.479580145025995
