Total_energy,Adsorption_energy,Rigid_adsorption_energy,Deformation_energy,dEad/dNi
-1.68778191270324,-1.91390554103076,-1.68781852821289,-0.226087012817866,-1.91390554103076
-1.21140512024453,-1.43752874857205,-1.21141550528177,-0.226113243290275,-1.43752874857205
-0.710670933883957,-0.936794562211476,-0.710742756954403,-0.226051805257073,-0.936794562211476
