Total_energy,Adsorption_energy,Rigid_adsorption_energy,Deformation_energy,dEad/dNi
-1.67718161390801,-1.90330524223553,-1.67718867520447,-0.226116567031064,-1.90330524223553
-1.25951746518526,-1.48564109351278,-1.25955242751745,-0.226088665995331,-1.48564109351278
-0.643867307329025,-0.869990935656544,-0.643872955346252,-0.226117980310292,-0.869990935656544
