Total_energy,Adsorption_energy,Rigid_adsorption_energy,Deformation_energy,dEad/dNi
-1.69700084228248,-1.92312447061,-1.69700336715598,-0.226121103454021,-1.92312447061
-1.21044889827264,-1.43657252660016,-1.21052484764817,-0.22604767895199,-1.43657252660016
-0.759212807854816,-0.985336436182335,-0.759224858898796,-0.226111577283538,-0.985336436182335
