File_name,Total_energy,Adsorption_energy,Rigid_adsorption_energy,Deformation_energy,dEad/dNi
op_0 (3 1 1).std.csv,-1.2535,-1.4797,-1.2537,-0.22591,-1.4797
op_1 (3 1 1).std.csv,-1.2208,-1.4469,-1.2208,-0.22611,-1.4469
op_2 (3 1 1).std.csv,-1.2114,-1.4375,-1.2114,-0.22611,-1.4375
op_3 (3 1 1).std.csv,-1.2595,-1.4856,-1.2596,-0.22609,-1.4856
op_4 (3 1 1).std.csv,-1.2104,-1.4366,-1.2105,-0.22605,-1.4366
op_5 (3 1 1).std.csv,-1.2031,-1.4292,-1.2031,-0.2261,-1.4292
