Total_energy,Adsorption_energy,Rigid_adsorption_energy,Deformation_energy,dEad/dNi
-1.37514179515717,-7.97495940704107,-1.37514378880558,-6.59981561823549,-7.97495940704107
-0.855731348096313,-7.45554895998021,-0.855732783465502,-6.59981617651471,-7.45554895998021
-0.387142108379534,-6.98695972026343,-0.387142612755625,-6.5998171075078,-6.98695972026343
