Total_energy,Adsorption_energy,Rigid_adsorption_energy,Deformation_energy,dEad/dNi
-1.674262109153,-1.90038573748052,-1.67429791336165,-0.226087824118866,-1.90038573748052
-1.23474779420066,-1.46087142252817,-1.23476291015952,-0.226108512368657,-1.46087142252817
-0.78688190112914,-1.01300552945666,-0.786892221044774,-0.226113308411885,-1.01300552945666
