Total_energy,Adsorption_energy,Rigid_adsorption_energy,Deformation_energy,dEad/dNi
-1.68793131428029,-1.91405494260781,-1.68796650491277,-0.226088437695035,-1.91405494260781
-1.2104868536056,-1.43661048193312,-1.21050552977446,-0.226104952158662,-1.43661048193312
-0.789953085512194,-1.01607671383971,-0.789956633958561,-0.226120079881152,-1.01607671383971
-0.230120843897983,-0.456244472225502,-0.230138615532315,-0.226105856693187,-0.456244472225502
