Total_energy,Adsorption_energy,Rigid_adsorption_energy,Deformation_energy,dEad/dNi
-1.69826771336532,-1.92439134169284,-1.69829169136733,-0.226099650325518,-1.92439134169284
-1.22233366623329,-1.44845729456081,-1.22235847578103,-0.226098818779782,-1.44845729456081
-0.757319742255535,-0.983443370583054,-0.757337999354734,-0.22610537122832,-0.983443370583054
-0.22543301210172,-0.451556640429239,-0.225445051131515,-0.226111589297724,-0.451556640429239
