Total_energy,Adsorption_energy,Rigid_adsorption_energy,Deformation_energy,dEad/dNi
-1.67634702796219,-1.90247065628971,-1.67637728008764,-0.226093376202064,-1.90247065628971
-1.21503111862883,-1.44115474695635,-1.21509694865194,-0.226057798304417,-1.44115474695635
-0.817353750721222,-1.04347737904874,-0.817358165172391,-0.22611921387635,-1.04347737904874
-0.227178121001026,-0.453301749328545,-0.227192659163197,-0.226109090165348,-0.453301749328545
