Total_energy,Adsorption_energy,Rigid_adsorption_energy,Deformation_energy,dEad/dNi
-1.67791674290794,-1.90404037123546,-1.67797076066109,-0.226069610574367,-1.90404037123546
-1.20380331794304,-1.42992694627056,-1.20380398010892,-0.226122966161642,-1.42992694627056
-0.762996522264466,-0.989120150591985,-0.763004111921297,-0.226116038670689,-0.989120150591985
-0.241405407084848,-0.467529035412367,-0.241421664619725,-0.226107370792642,-0.467529035412367
