Total_energy,Adsorption_energy,Rigid_adsorption_energy,Deformation_energy,dEad/dNi
-1.69296718243274,-1.91909081076026,-1.69297560047435,-0.226115210285906,-1.91909081076026
-1.19347554907169,-1.41959917739921,-1.19353695378692,-0.226062223612286,-1.41959917739921
-0.703926900435688,-0.930050528763207,-0.70395506575618,-0.226095463007027,-0.930050528763207
-0.190628974452751,-0.41675260278027,-0.190630026301301,-0.22612257647897,-0.41675260278027
