Total_energy,Adsorption_energy,Rigid_adsorption_energy,Deformation_energy,dEad/dNi
-1.69578947790036,-1.92191310622788,-1.69579553755254,-0.226117568675344,-1.92191310622788
-1.15331083191684,-1.37943446024435,-1.15331676598456,-0.226117694259796,-1.37943446024435
-0.685716160820568,-0.911839789148088,-0.68573022578106,-0.226109563367028,-0.911839789148088
