Total_energy,Adsorption_energy,Rigid_adsorption_energy,Deformation_energy,dEad/dNi
-1.68855643273746,-1.91468006106498,-1.68862200775836,-0.226058053306613,-1.91468006106498
-1.14180482922717,-1.36792845755469,-1.14183302296799,-0.226095434586707,-1.36792845755469
-0.663393123796501,-0.88951675212402,-0.663424836877782,-0.226091915246238,-0.88951675212402
