Total_energy,Adsorption_energy,Rigid_adsorption_energy,Deformation_energy,dEad/dNi
-1.69401798562406,-1.92014161395158,-1.69402491887576,-0.226116695075822,-1.92014161395158
-1.23573478452983,-1.46185841285735,-1.23577579852048,-0.226082614336871,-1.46185841285735
-0.625924638276811,-0.85204826660433,-0.625929647875955,-0.226118618728375,-0.85204826660433
