Total_energy,Adsorption_energy,Rigid_adsorption_energy,Deformation_energy,dEad/dNi
-1.69599315254866,-1.92211678087618,-1.69600714394905,-0.226109636927129,-1.92211678087618
-1.25917088997514,-1.48529451830266,-1.25917599752495,-0.226118520777702,-1.48529451830266
-0.807371703624675,-1.03349533195219,-0.807393508803011,-0.226101823149183,-1.03349533195219
-0.259964297129344,-0.486087925456863,-0.259997867238715,-0.226090058218149,-0.486087925456863
