Total_energy,Adsorption_energy,Rigid_adsorption_energy,Deformation_energy,dEad/dNi
-1.68515883964004,-1.91128246796756,-1.68519816778879,-0.226084300178775,-1.91128246796756
-0.995257826290308,-1.22138145461783,-0.995269825936883,-0.226111628680944,-1.22138145461783
-0.63640707956253,-0.862530707890049,-0.636408632839182,-0.226122075050867,-0.862530707890049
