Total_energy,Adsorption_energy,Rigid_adsorption_energy,Deformation_energy,dEad/dNi
-1.67682828741144,-1.90295191573895,-1.67684954589768,-0.226102369841279,-1.90295191573895
-1.22010189419345,-1.44622552252097,-1.22016974828242,-0.226055774238558,-1.44622552252097
-0.647193703761535,-0.873317332089054,-0.647206864385072,-0.226110467703983,-0.873317332089054
