Total_energy,Adsorption_energy,Rigid_adsorption_energy,Deformation_energy,dEad/dNi
-1.68170110942953,-1.90782473775705,-1.68174573647506,-0.226079001281985,-1.90782473775705
-1.25276189693617,-1.47888552526369,-1.2528122045567,-0.226073320706989,-1.47888552526369
-0.84111430229981,-1.06723793062733,-0.841127403209879,-0.22611052741745,-1.06723793062733
-0.46948677869474,-0.695610407022259,-0.469508837286813,-0.226101569735446,-0.695610407022259
