Total_energy,Adsorption_energy,Rigid_adsorption_energy,Deformation_energy,dEad/dNi
-1.69663921871097,-1.92276284703849,-1.69664506271811,-0.226117784320382,-1.92276284703849
-1.25609847512858,-1.4822221034561,-1.25610894896857,-0.22611315448753,-1.4822221034561
-0.880735552924742,-1.10685918125226,-0.880797687571926,-0.226061493680336,-1.10685918125226
-0.200049959795787,-0.426173588123306,-0.200078764970597,-0.22609482315271,-0.426173588123306
