Total_energy,Adsorption_energy,Rigid_adsorption_energy,Deformation_energy,dEad/dNi
-1.6833279249759,-1.90945155330342,-1.68334252838214,-0.226109024921283,-1.90945155330342
-1.24038684697731,-1.46651047530483,-1.24039501398469,-0.226115461320139,-1.46651047530483
-0.751486442074298,-0.977610070401818,-0.751503157502538,-0.226106912899279,-0.977610070401818
-0.519265275270584,-0.745388903598103,-0.519278861699564,-0.226110041898539,-0.745388903598103
