Total_energy,Adsorption_energy,Rigid_adsorption_energy,Deformation_energy,dEad/dNi
-1.68873943463188,-1.9148630629594,-1.6887647493169,-0.226098313642503,-1.9148630629594
-1.21406417967266,-1.44018780800018,-1.2140855751786,-0.226102232821585,-1.44018780800018
-0.656555440800554,-0.882679069128073,-0.656567312128894,-0.226111756999179,-0.882679069128073
-0.230446929818644,-0.456570558146163,-0.230504743369795,-0.226065814776368,-0.456570558146163
