Total_energy,Adsorption_energy,Rigid_adsorption_energy,Deformation_energy,dEad/dNi
-1.68138563461896,-1.90750926294648,-1.68141195379957,-0.226097309146917,-1.90750926294648
-1.07497658050912,-1.30110020883664,-1.07498536297268,-0.226114845863963,-1.30110020883664
-0.508712012506669,-0.734835640834188,-0.508726772180993,-0.226108868653195,-0.734835640834188
