Total_energy,Adsorption_energy,Rigid_adsorption_energy,Deformation_energy,dEad/dNi
-1.69526962484244,-1.92139325316996,-1.69531940918601,-0.226073843983945,-1.92139325316996
-1.24779543881736,-1.47391906714488,-1.24785520485081,-0.226063862294071,-1.47391906714488
-0.782864126632299,-1.00898775495982,-0.782914157316721,-0.226073597643097,-1.00898775495982
-0.224627771593171,-0.45075139992069,-0.224630672021755,-0.226120727898935,-0.45075139992069
