Total_energy,Adsorption_energy,Rigid_adsorption_energy,Deformation_energy,dEad/dNi
-1.68318961683867,-1.90931324516619,-1.68319140709033,-0.226121838075865,-1.90931324516619
-1.26089564587508,-1.4870192742026,-1.26089732368086,-0.226121950521741,-1.4870192742026
-0.77341819255801,-0.999541820885529,-0.77341835861914,-0.226123462266389,-0.999541820885529
-0.461560707478027,-0.687684335805546,-0.461564143914404,-0.226120191891142,-0.687684335805546
