Total_energy,Adsorption_energy,Rigid_adsorption_energy,Deformation_energy,dEad/dNi
-1.68223950952879,-1.90836313785631,-1.68225409050166,-0.226109047354657,-1.90836313785631
-1.19833005001477,-1.42445367834229,-1.19834310239228,-0.226110575950009,-1.42445367834229
-0.675634200843513,-0.901757829171032,-0.675640994202346,-0.226116834968686,-0.901757829171032
-0.259713253794615,-0.485836882122134,-0.259727928954543,-0.226108953167591,-0.485836882122134
