Total_energy,Adsorption_energy,Rigid_adsorption_energy,Deformation_energy,dEad/dNi
-1.66512206498471,-1.89124569331223,-1.66516796416413,-0.226077729148094,-1.89124569331223
-1.04924153470214,-1.27536516302966,-1.04928734818789,-0.226077814841776,-1.27536516302966
-0.655567428622701,-0.88169105695022,-0.655587429013261,-0.226103627936959,-0.88169105695022
