Total_energy,Adsorption_energy,Rigid_adsorption_energy,Deformation_energy,dEad/dNi
-1.66724807892787,-1.89337170725538,-1.66726171289304,-0.226109994362344,-1.89337170725538
-1.20135684704344,-1.42748047537096,-1.2013716767455,-0.226108798625454,-1.42748047537096
-0.675225830361198,-0.901349458688717,-0.675235005800286,-0.226114452888432,-0.901349458688717
-0.24979892548484,-0.47592255381236,-0.249812358644155,-0.226110195168205,-0.47592255381236
