Total_energy,Adsorption_energy,Rigid_adsorption_energy,Deformation_energy,dEad/dNi
-1.70415293248286,-1.93027656081038,-1.70416444446512,-0.226112116345255,-1.93027656081038
-1.22081691432382,-1.44694054265134,-1.2208620945858,-0.226078448065537,-1.44694054265134
-0.682240296406107,-0.908363924733626,-0.682347372119152,-0.226016552614474,-0.908363924733626
-0.233804377058709,-0.459928005386228,-0.233810497228529,-0.226117508157699,-0.459928005386228
