Total_energy,Adsorption_energy,Rigid_adsorption_energy,Deformation_energy,dEad/dNi
-1.67171940966079,-1.89784303798831,-1.67172474186296,-0.226118296125349,-1.89784303798831
-1.23245784456163,-1.45858147288915,-1.23257409591993,-0.226007376969215,-1.45858147288915
-0.809451042207799,-1.03557467053532,-0.809464397331563,-0.226110273203755,-1.03557467053532
