Total_energy,Adsorption_energy,Rigid_adsorption_energy,Deformation_energy,dEad/dNi
-1.674727212512,-1.90085084083952,-1.67473784532542,-0.226112995514103,-1.90085084083952
-1.1144829253241,-1.34060655365162,-1.11450975356377,-0.226096800087854,-1.34060655365162
-0.88540717547655,-1.11153080380407,-0.885447459288661,-0.226083344515408,-1.11153080380407
-0.533174725731794,-0.759298354059314,-0.533200394921143,-0.226097959138171,-0.759298354059314
