Total_energy,Adsorption_energy,Rigid_adsorption_energy,Deformation_energy,dEad/dNi
-1.69898937958277,-1.92511300791029,-1.69899450788951,-0.226118500020785,-1.92511300791029
-1.24940897007036,-1.47553259839787,-1.24942732228535,-0.226105276112522,-1.47553259839787
-0.84227519712062,-1.06839882544814,-0.842295512135219,-0.22610331331292,-1.06839882544814
-0.29394119847097,-0.520064826798489,-0.293973114888449,-0.226091711910039,-0.520064826798489
