Total_energy,Adsorption_energy,Rigid_adsorption_energy,Deformation_energy,dEad/dNi
-1.6869654791403,-1.91308910746782,-1.68700767479981,-0.226081432668002,-1.91308910746782
-1.09730271318263,-1.32342634151015,-1.0973524954211,-0.226073846089057,-1.32342634151015
-0.591147586039755,-0.817271214367274,-0.591234167600357,-0.226037046766917,-0.817271214367274
