Total_energy,Adsorption_energy,Rigid_adsorption_energy,Deformation_energy,dEad/dNi
-1.68976008213487,-1.91588371046239,-1.68986392133528,-0.226019789127112,-1.91588371046239
-1.26571049200697,-1.49183412033449,-1.2657562176581,-0.22607790267639,-1.49183412033449
-0.7011838751597,-0.92730750348722,-0.70119919855269,-0.226108304934529,-0.92730750348722
-0.258711250713987,-0.484834879041507,-0.261094486447323,-0.223740392594184,-0.484834879041507
