Total_energy,Adsorption_energy,Rigid_adsorption_energy,Deformation_energy,dEad/dNi
-1.69096903994103,-1.91709266826855,-1.69097476272984,-0.226117905538716,-1.91709266826855
-1.24665685576216,-1.47278048408968,-1.24668109945082,-0.226099384638868,-1.47278048408968
-0.795074796854253,-1.02119842518177,-0.795091583387441,-0.226106841794331,-1.02119842518177
-0.492685302553834,-0.718808930881353,-0.492700891915526,-0.226108038965827,-0.718808930881353
