Total_energy,Adsorption_energy,Rigid_adsorption_energy,Deformation_energy,dEad/dNi
-1.62484306264792,-1.85096669097544,-1.62489210827283,-0.226074582702613,-1.85096669097544
-1.09562549992205,-1.32174912824957,-1.09563370545253,-0.226115422797034,-1.32174912824957
-0.271313546953996,-0.497437175281515,-0.271330437508328,-0.226106737773187,-0.497437175281515
