Total_energy,Adsorption_energy,Rigid_adsorption_energy,Deformation_energy,dEad/dNi
-1.68236430321791,-1.90848793154542,-1.68239253449416,-0.226095397051261,-1.90848793154542
-1.26548752361865,-1.49161115194617,-1.26550479377569,-0.226106358170476,-1.49161115194617
-0.84030597409329,-1.06642960242081,-0.840320992233663,-0.226108610187145,-1.06642960242081
-0.252386479407604,-0.478510107735123,-0.252401826838231,-0.226108280896893,-0.478510107735123
