Total_energy,Adsorption_energy,Rigid_adsorption_energy,Deformation_energy,dEad/dNi
-1.68244799196718,-1.9085716202947,-1.68245426955422,-0.226117350740473,-1.9085716202947
-1.20235078880426,-1.42847441713178,-1.20243330882113,-0.226041108310645,-1.42847441713178
-0.704243707514841,-0.93036733584236,-0.704260144693928,-0.226107191148432,-0.93036733584236
-0.235711444395519,-0.461835072723038,-0.235720581793535,-0.226114490929503,-0.461835072723038
