Total_energy,Adsorption_energy,Rigid_adsorption_energy,Deformation_energy,dEad/dNi
-1.68200859881447,-1.90813222714199,-1.68203822572812,-0.226094001413871,-1.90813222714199
-1.18313424984239,-1.40925787816991,-1.18329184251197,-0.225966035657946,-1.40925787816991
-0.73662453193578,-0.962748160263299,-0.736657600765883,-0.226090559497416,-0.962748160263299
