Total_energy,Adsorption_energy,Rigid_adsorption_energy,Deformation_energy,dEad/dNi
-1.68385655699928,-1.9099801853268,-1.68389674634421,-0.226083438982588,-1.9099801853268
-1.11266553522996,-1.33878916355748,-1.11267764236616,-0.226111521191316,-1.33878916355748
-0.626052055031434,-0.852175683358953,-0.626065486445971,-0.226110196912982,-0.852175683358953
