Total_energy,Adsorption_energy,Rigid_adsorption_energy,Deformation_energy,dEad/dNi
-1.68880022308669,-1.91492385141421,-1.68880642826779,-0.226117423146417,-1.91492385141421
-1.09845375530613,-1.32457738363365,-1.09845880080712,-0.226118582826533,-1.32457738363365
-0.559213496106561,-0.78533712443408,-0.559227547351927,-0.226109577082153,-0.78533712443408
