Total_energy,Adsorption_energy,Rigid_adsorption_energy,Deformation_energy,dEad/dNi
-1.69567115803552,-1.92179478636304,-1.69567506826422,-0.226119718098817,-1.92179478636304
-1.18910411913059,-1.41522774745811,-1.18912244790599,-0.226105299552125,-1.41522774745811
-0.591066480709395,-0.817190109036914,-0.591067576371998,-0.226122532664916,-0.817190109036914
