Total_energy,Adsorption_energy,Rigid_adsorption_energy,Deformation_energy,dEad/dNi
-1.3773227912708,-7.9771404031547,-1.37733830740266,-6.59980209575203,-7.9771404031547
-0.978833155058012,-7.57865076694191,-0.978833966311331,-6.59981680063058,-7.57865076694191
-0.536473151925367,-7.13629076380926,-0.536473512811016,-6.59981725099825,-7.13629076380926
-0.267203627661124,-6.86702123954502,-0.267208037091814,-6.5998132024532,-6.86702123954502
