Total_energy,Adsorption_energy,Rigid_adsorption_energy,Deformation_energy,dEad/dNi
-1.37984775954484,-7.97966537142874,-1.37985134352763,-6.59981402790111,-7.97966537142874
-0.970160266854812,-7.56997787873871,-0.970170082114524,-6.59980779662418,-7.56997787873871
-0.311888534695264,-6.91170614657916,-0.311892855722828,-6.59981329085633,-6.91170614657916
