Total_energy,Adsorption_energy,Rigid_adsorption_energy,Deformation_energy,dEad/dNi
-1.37346056440802,-7.97327817629191,-1.37346089532706,-6.59981728096485,-7.97327817629191
-0.905316851310489,-7.50513446319438,-0.905316979219009,-6.59981748397538,-7.50513446319438
-0.710715725470187,-7.31053333735408,-0.71071650854396,-6.59981682881012,-7.31053333735408
