Total_energy,Adsorption_energy,Rigid_adsorption_energy,Deformation_energy,dEad/dNi
-1.37589117906895,-7.97570879095284,-1.37590623314804,-6.59980255780481,-7.97570879095284
-0.903491892226253,-7.50330950411015,-0.903493507283244,-6.5998159968269,-7.50330950411015
-0.525353140007698,-7.12517075189159,-0.52535347426473,-6.59981727762686,-7.12517075189159
