Total_energy,Adsorption_energy,Rigid_adsorption_energy,Deformation_energy,dEad/dNi
-1.37508433129961,-7.97490194318351,-1.37509596442343,-6.59980597876007,-7.97490194318351
-0.863836536064277,-7.46365414794817,-0.863838554203797,-6.59981559374437,-7.46365414794817
-0.389701688803358,-6.98951930068725,-0.389704451353898,-6.59981484933336,-6.98951930068725
