File_name,Total_energy,Adsorption_energy,Rigid_adsorption_energy,Deformation_energy,dEad/dNi
op_0 (3 1 1).std.csv,-0.97883,-7.5787,-0.97883,-6.5998,-7.5787
op_1 (3 1 1).std.csv,-0.97016,-7.57,-0.97017,-6.5998,-7.57
op_2 (3 1 1).std.csv,-0.90532,-7.5051,-0.90532,-6.5998,-7.5051
op_3 (3 1 1).std.csv,-0.90349,-7.5033,-0.90349,-6.5998,-7.5033
op_4 (3 1 1).std.csv,-0.94498,-7.5448,-0.94499,-6.5998,-7.5448
op_5 (3 1 1).std.csv,-0.86384,-7.4637,-0.86384,-6.5998,-7.4637
