Total_energy,Adsorption_energy,Rigid_adsorption_energy,Deformation_energy,dEad/dNi
-1.6723829368424,-1.89850656516992,-1.67239543333907,-0.22611113183085,-1.89850656516992
-1.25849563260972,-1.48461926093724,-1.25850517050875,-0.226114090428495,-1.48461926093724
-0.778043983112451,-1.00416761143997,-0.778050532543949,-0.226117078896022,-1.00416761143997
-0.287097554947823,-0.513221183275343,-0.287121924283192,-0.22609925899215,-0.513221183275343
