Total_energy,Adsorption_energy,Rigid_adsorption_energy,Deformation_energy,dEad/dNi
-1.67484098177536,-1.90096461010288,-1.67486211171889,-0.226102498383988,-1.90096461010288
-1.18182082121027,-1.40794444953779,-1.18186597224348,-0.226078477294308,-1.40794444953779
-0.705441667433361,-0.93156529576088,-0.705443490920749,-0.226121804840132,-0.93156529576088
