Total_energy,Adsorption_energy,Rigid_adsorption_energy,Deformation_energy,dEad/dNi
-1.68174543398452,-1.90786906231204,-1.68175127576273,-0.226117786549304,-1.90786906231204
-1.23016179482166,-1.45628542314918,-1.23019941856999,-0.226086004579184,-1.45628542314918
-0.700259466795135,-0.926383095122654,-0.700263197709954,-0.226119897412699,-0.926383095122654
-0.249773190922938,-0.475896819250457,-0.249786270652645,-0.226110548597812,-0.475896819250457
