Total_energy,Adsorption_energy,Rigid_adsorption_energy,Deformation_energy,dEad/dNi
-1.68054072372104,-1.90666435204856,-1.6805453077491,-0.226119044299462,-1.90666435204856
-0.973711598913336,-1.19983522724085,-0.973737432457703,-0.226097794783152,-1.19983522724085
-0.266992086024039,-0.493115714351558,-0.267056559495168,-0.22605915485639,-0.493115714351558
