Total_energy,Adsorption_energy,Rigid_adsorption_energy,Deformation_energy,dEad/dNi
-1.67576241283935,-1.90188604116687,-1.67580097580422,-0.226085065362652,-1.90188604116687
-1.24568007440879,-1.47180370273631,-1.24569133968337,-0.226112363052944,-1.47180370273631
-0.746493252276003,-0.972616880603523,-0.74649966719947,-0.226117213404053,-0.972616880603523
-0.252390677799471,-0.47851430612699,-0.252406100830236,-0.226108205296754,-0.47851430612699
