Total_energy,Adsorption_energy,Rigid_adsorption_energy,Deformation_energy,dEad/dNi
-1.69554872534815,-1.92167235367567,-1.69559553864996,-0.226076815025711,-1.92167235367567
-1.25747821842314,-1.48360184675066,-1.25749038401106,-0.226111462739603,-1.48360184675066
-0.798562618048828,-1.02468624637635,-0.798574446585803,-0.226111799790544,-1.02468624637635
-0.243227244417797,-0.469350872745316,-0.243237338179397,-0.226113534565919,-0.469350872745316
