Total_energy,Adsorption_energy,Rigid_adsorption_energy,Deformation_energy,dEad/dNi
-1.67542553429607,-1.90154916262359,-1.67546678798387,-0.226082374639725,-1.90154916262359
-1.21278769091719,-1.43891131924471,-1.21279733906796,-0.226113980176751,-1.43891131924471
-0.734869676462366,-0.960993304789885,-0.734936538345629,-0.226056766444256,-0.960993304789885
