Total_energy,Adsorption_energy,Rigid_adsorption_energy,Deformation_energy,dEad/dNi
-1.68830678609131,-1.91443041441883,-1.6883241133883,-0.226106301030527,-1.91443041441883
-1.27643859887264,-1.50256222720015,-1.27645542725363,-0.226106799946527,-1.50256222720015
-0.654397713839192,-0.880521342166711,-0.654405285869239,-0.226116056297472,-0.880521342166711
