Total_energy,Adsorption_energy,Rigid_adsorption_energy,Deformation_energy,dEad/dNi
-1.67403009093263,-1.90015371926014,-1.67404689994274,-0.226106819317408,-1.90015371926014
-1.00876266083996,-1.23488628916748,-1.00876989541072,-0.226116393756768,-1.23488628916748
-0.241631658396316,-0.467755286723835,-0.241635823499502,-0.226119463224334,-0.467755286723835
