Total_energy,Adsorption_energy,Rigid_adsorption_energy,Deformation_energy,dEad/dNi
-1.69377143769589,-1.91989506602341,-1.6938002778399,-0.226094788183514,-1.91989506602341
-1.21976831013323,-1.44589193846075,-1.21990075436059,-0.225991184100165,-1.44589193846075
-0.715858832593746,-0.941982460921265,-0.715882932805946,-0.226099528115318,-0.941982460921265
-0.248395029948181,-0.4745186582757,-0.248415154728234,-0.226103503547466,-0.4745186582757
