Total_energy,Adsorption_energy,Rigid_adsorption_energy,Deformation_energy,dEad/dNi
-1.68914126611971,-1.91526489444723,-1.68917573337234,-0.226089161074889,-1.91526489444723
-1.17783823201187,-1.40396186033939,-1.17789810709495,-0.22606375324444,-1.40396186033939
-0.522909323336746,-0.749032951664265,-0.522917338691318,-0.226115612972947,-0.749032951664265
