Total_energy,Adsorption_energy,Rigid_adsorption_energy,Deformation_energy,dEad/dNi
-1.68108894922876,-1.90721257755628,-1.68113120791274,-0.22608136964354,-1.90721257755628
-1.25936810261737,-1.48549173094489,-1.25938709754375,-0.226104633401142,-1.48549173094489
-0.718961715649799,-0.945085343977319,-0.718974619659378,-0.226110724317941,-0.945085343977319
