Total_energy,Adsorption_energy,Rigid_adsorption_energy,Deformation_energy,dEad/dNi
-1.69174593195366,-1.91786956028118,-1.69178398235072,-0.226085577930456,-1.91786956028118
-1.22342570779143,-1.44954933611895,-1.22349202009355,-0.226057316025396,-1.44954933611895
-0.723822179308691,-0.94994580763621,-0.723835451582659,-0.226110356053551,-0.94994580763621
-0.233324197781785,-0.459447826109304,-0.233334588515879,-0.226113237593425,-0.459447826109304
