Total_energy,Adsorption_energy,Rigid_adsorption_energy,Deformation_energy,dEad/dNi
-1.68197930291943,-1.90810293124695,-1.68199680482302,-0.226106126423922,-1.90810293124695
-1.05682174942979,-1.28294537775731,-1.0568660667213,-0.226079311036003,-1.28294537775731
-0.2241559509864,-0.450279579313919,-0.224169644980514,-0.226109934333405,-0.450279579313919
