Total_energy,Adsorption_energy,Rigid_adsorption_energy,Deformation_energy,dEad/dNi
-1.68173282019643,-1.90785644852395,-1.68179675745567,-0.226059691068279,-1.90785644852395
-1.23070993680888,-1.4568335651364,-1.23073515408989,-0.226098411046502,-1.4568335651364
-0.643141349396546,-0.869264977724065,-0.643142457580783,-0.226122520143283,-0.869264977724065
