Total_energy,Adsorption_energy,Rigid_adsorption_energy,Deformation_energy,dEad/dNi
-1.68463926650754,-1.91076289483506,-1.68469824748138,-0.226064647353678,-1.91076289483506
-1.22606446013375,-1.45218808846126,-1.22610453507426,-0.226083553387002,-1.45218808846126
-0.612491317366126,-0.838614945693645,-0.612505161687998,-0.226109784005647,-0.838614945693645
