Total_energy,Adsorption_energy,Rigid_adsorption_energy,Deformation_energy,dEad/dNi
-1.67452528071937,-1.90064890904689,-1.67454821048296,-0.226100698563923,-1.90064890904689
-1.18970896317213,-1.41583259149965,-1.18977189398271,-0.226060697516936,-1.41583259149965
-0.68882578263735,-0.914949410964869,-0.688847344319105,-0.226102066645765,-0.914949410964869
-0.214892115725928,-0.441015744053447,-0.214912197484943,-0.226103546568504,-0.441015744053447
