Total_energy,Adsorption_energy,Rigid_adsorption_energy,Deformation_energy,dEad/dNi
-1.68673054902766,-1.91285417735518,-1.68675920449991,-0.226094972855268,-1.91285417735518
-1.17257818334817,-1.39870181167569,-1.17262517726763,-0.226076634408059,-1.39870181167569
-0.645423787948387,-0.871547416275906,-0.645452641912327,-0.226094774363579,-0.871547416275906
