Total_energy,Adsorption_energy,Rigid_adsorption_energy,Deformation_energy,dEad/dNi
-1.6822047063681,-1.90832833469562,-1.68223453586065,-0.226093798834965,-1.90832833469562
-1.14063614785434,-1.36675977618186,-1.14066032521589,-0.226099450965974,-1.36675977618186
-0.866186270085265,-1.09230989841278,-0.866198121578135,-0.22611177683465,-1.09230989841278
-0.370257562447914,-0.596381190775433,-0.370288653452728,-0.226092537322705,-0.596381190775433
