Total_energy,Adsorption_energy,Rigid_adsorption_energy,Deformation_energy,dEad/dNi
-1.69152854207104,-1.91765217039856,-1.69153752859147,-0.22611464180709,-1.91765217039856
-1.20152458501843,-1.42764821334595,-1.201581831938,-0.22606638140795,-1.42764821334595
-0.651006623948983,-0.877130252276502,-0.651008909372542,-0.22612134290396,-0.877130252276502
