Total_energy,Adsorption_energy,Rigid_adsorption_energy,Deformation_energy,dEad/dNi
-1.69085457922802,-1.91697820755554,-1.69087139870457,-0.226106808850964,-1.91697820755554
-1.21959203643755,-1.44571566476506,-1.21959879766567,-0.22611686709939,-1.44571566476506
-0.749552222072216,-0.975675850399735,-0.749625867923577,-0.226049982476158,-0.975675850399735
-0.249284339017116,-0.475407967344635,-0.249296047762008,-0.226111919582627,-0.475407967344635
