Total_energy,Adsorption_energy,Rigid_adsorption_energy,Deformation_energy,dEad/dNi
-1.68018686561867,-1.90631049394619,-1.68019427269631,-0.226116221249878,-1.90631049394619
-1.24938603010317,-1.47550965843069,-1.24939166251773,-0.226117995912958,-1.47550965843069
-0.794922943600898,-1.02104657192842,-0.794952751529079,-0.226093820399338,-1.02104657192842
-0.766920322771713,-0.993043951099232,-0.766985015480189,-0.226058935619044,-0.993043951099232
-0.244903563016215,-0.471027191343734,-0.244917918536836,-0.226109272806898,-0.471027191343734
