Total_energy,Adsorption_energy,Rigid_adsorption_energy,Deformation_energy,dEad/dNi
-1.68602976829933,-1.91215339662684,-1.68604796647846,-0.226105430148381,-1.91215339662684
-1.2042643911366,-1.43038801946412,-1.2042739002997,-0.226114119164416,-1.43038801946412
-0.881205324966349,-1.10732895329387,-0.881226913745752,-0.226102039548116,-1.10732895329387
-0.284999145810555,-0.511122774138074,-0.28506978619679,-0.226052987941284,-0.511122774138074
