Total_energy,Adsorption_energy,Rigid_adsorption_energy,Deformation_energy,dEad/dNi
-1.68907560450689,-1.91519923283441,-1.68909342174606,-0.226105811088349,-1.91519923283441
-1.26836930810744,-1.49449293643496,-1.26838903201973,-0.226103904415229,-1.49449293643496
-0.676324718549596,-0.902448346877116,-0.676342777070919,-0.226105569806197,-0.902448346877116
