Total_energy,Adsorption_energy,Rigid_adsorption_energy,Deformation_energy,dEad/dNi
-1.68681804795617,-1.91294167628369,-1.68686119086037,-0.226080485423314,-1.91294167628369
-1.21082245922206,-1.43694608754958,-1.21084350931475,-0.226102578234831,-1.43694608754958
-0.865911415573609,-1.09203504390113,-0.865929097396279,-0.226105946504849,-1.09203504390113
-0.248978436470785,-0.475102064798304,-0.24899120838913,-0.226110856409174,-0.475102064798304
