Total_energy,Adsorption_energy,Rigid_adsorption_energy,Deformation_energy,dEad/dNi
-1.68726919473028,-1.9133928230578,-1.68731536194795,-0.226077461109844,-1.9133928230578
-1.2156805358785,-1.44180416420602,-1.21569630317239,-0.226107861033634,-1.44180416420602
-0.663718159170145,-0.889841787497664,-0.663721798296242,-0.226119989201423,-0.889841787497664
-0.223509645658004,-0.449633273985523,-0.223514470577318,-0.226118803408205,-0.449633273985523
