Total_energy,Adsorption_energy,Rigid_adsorption_energy,Deformation_energy,dEad/dNi
-1.68220247023499,-1.90832609856251,-1.68224007744999,-0.226086021112525,-1.90832609856251
-1.07222944801358,-1.2983530763411,-1.07232191191386,-0.226031164427236,-1.2983530763411
-0.769782629514794,-0.995906257842313,-0.769799327776385,-0.226106930065927,-0.995906257842313
-0.480207682752803,-0.706331311080322,-0.480296455423023,-0.226034855657299,-0.706331311080322
