Total_energy,Adsorption_energy,Rigid_adsorption_energy,Deformation_energy,dEad/dNi
-1.69645175632311,-1.92257538465063,-1.69650471656201,-0.226070668088621,-1.92257538465063
-1.2492538490615,-1.47537747738902,-1.24941915842526,-0.225958318963767,-1.47537747738902
-0.811710506677219,-1.03783413500474,-0.811721623152749,-0.226112511851989,-1.03783413500474
