Total_energy,Adsorption_energy,Rigid_adsorption_energy,Deformation_energy,dEad/dNi
-1.70372303986514,-1.92984666819266,-1.70375481615854,-0.226091852034114,-1.92984666819266
-1.07098641855356,-1.29711004688108,-1.0709963110203,-0.226113735860782,-1.29711004688108
-0.818654170774018,-1.04477779910154,-0.818675148647512,-0.226102650454026,-1.04477779910154
-0.230994144029865,-0.457117772357384,-0.231011112165128,-0.226106660192256,-0.457117772357384
