Total_energy,Adsorption_energy,Rigid_adsorption_energy,Deformation_energy,dEad/dNi
-1.70091475992329,-1.92703838825081,-1.70095144777727,-0.226086940473536,-1.92703838825081
-1.2058205749087,-1.43194420323622,-1.2058457842183,-0.22609841901792,-1.43194420323622
-0.646103185820266,-0.872226814147785,-0.646107701549914,-0.226119112597871,-0.872226814147785
