Total_energy,Adsorption_energy,Rigid_adsorption_energy,Deformation_energy,dEad/dNi
-1.69322660553902,-1.91935023386654,-1.69324420688046,-0.22610602698608,-1.91935023386654
-1.20479110001697,-1.43091472834448,-1.20480804056304,-0.226106687781448,-1.43091472834448
-0.586971849126126,-0.813095477453645,-0.586982447446429,-0.226113030007216,-0.813095477453645
