Total_energy,Adsorption_energy,Rigid_adsorption_energy,Deformation_energy,dEad/dNi
-1.69944507309914,-1.92556870142666,-1.69945724900819,-0.22611145241847,-1.92556870142666
-1.17206023729749,-1.39818386562501,-1.17206189451325,-0.226121971111764,-1.39818386562501
-0.748666480455489,-0.974790108783008,-0.748703045878835,-0.226087062904174,-0.974790108783008
-0.236980059962548,-0.463103688290067,-0.236994160902128,-0.226109527387939,-0.463103688290067
