Total_energy,Adsorption_energy,Rigid_adsorption_energy,Deformation_energy,dEad/dNi
-1.68150161766646,-1.90762524599398,-1.68150781595672,-0.226117430037255,-1.90762524599398
-1.21063996485523,-1.43676359318275,-1.2106652054424,-0.226098387740345,-1.43676359318275
-0.588200959642812,-0.814324587970331,-0.588225472742876,-0.226099115227455,-0.814324587970331
