Total_energy,Adsorption_energy,Rigid_adsorption_energy,Deformation_energy,dEad/dNi
-1.67495921744358,-1.9010828457711,-1.67495952929176,-0.226123316479336,-1.9010828457711
-1.26456923043226,-1.49069285875978,-1.26458547624495,-0.226107382514835,-1.49069285875978
-0.615463377383405,-0.841587005710924,-0.615492260496105,-0.226094745214819,-0.841587005710924
