Total_energy,Adsorption_energy,Rigid_adsorption_energy,Deformation_energy,dEad/dNi
-1.6849512762675,-1.91107490459502,-1.68496405190809,-0.226110852686927,-1.91107490459502
-1.23274948379586,-1.45887311212337,-1.23277650316,-0.226096608963371,-1.45887311212337
-0.265400065860726,-0.491523694188245,-0.265426036006794,-0.226097658181452,-0.491523694188245
