Total_energy,Adsorption_energy,Rigid_adsorption_energy,Deformation_energy,dEad/dNi
-1.67464853686739,-1.90077216519491,-1.67465374176026,-0.226118423434649,-1.90077216519491
-1.10567332070366,-1.33179694903118,-1.10567887401498,-0.226118075016201,-1.33179694903118
-0.302332027610558,-0.528455655938077,-0.30234827485917,-0.226107381078906,-0.528455655938077
