Total_energy,Adsorption_energy,Rigid_adsorption_energy,Deformation_energy,dEad/dNi
-1.67934687940343,-1.90547050773095,-1.67939185416793,-0.226078653563024,-1.90547050773095
-1.18741483234843,-1.41353846067595,-1.1874169607294,-0.226121499946544,-1.41353846067595
-0.293007627734115,-0.519131256061635,-0.293033450025497,-0.226097806036138,-0.519131256061635
