Total_energy,Adsorption_energy,Rigid_adsorption_energy,Deformation_energy,dEad/dNi
-1.69062959105737,-1.91675321938489,-1.69071110974676,-0.226042109638127,-1.91675321938489
-1.27179529601915,-1.49791892434667,-1.27183258636207,-0.226086337984601,-1.49791892434667
-0.962538985125733,-1.18866261345325,-0.962578031085043,-0.226084582368209,-1.18866261345325
-0.425278230969525,-0.651401859297044,-0.425302314114178,-0.226099545182866,-0.651401859297044
