Total_energy,Adsorption_energy,Rigid_adsorption_energy,Deformation_energy,dEad/dNi
-1.70227066590996,-1.92839429423747,-1.70227851780056,-0.226115776436914,-1.92839429423747
-1.14011856142347,-1.36624218975099,-1.14012289108997,-0.226119298661014,-1.36624218975099
-0.758951652759721,-0.98507528108724,-0.75895528653669,-0.22611999455055,-0.98507528108724
-0.256385782855877,-0.482509411183396,-0.256469924757941,-0.226039486425455,-0.482509411183396
