Total_energy,Adsorption_energy,Rigid_adsorption_energy,Deformation_energy,dEad/dNi
-1.68823909210756,-1.91436272043508,-1.6882833118461,-0.226079408588976,-1.91436272043508
-1.2743738586145,-1.50049748694202,-1.27462241660408,-0.225875070337935,-1.50049748694202
-0.704182096082115,-0.930305724409634,-0.704247109566987,-0.226058614842648,-0.930305724409634
