Total_energy,Adsorption_energy,Rigid_adsorption_energy,Deformation_energy,dEad/dNi
-1.66976285478005,-1.89588648310757,-1.66976701165062,-0.226119471456945,-1.89588648310757
-1.10259711455415,-1.32872074288167,-1.10262458878229,-0.226096154099377,-1.32872074288167
-0.724914951423474,-0.951038579750993,-0.724924806465142,-0.226113773285851,-0.951038579750993
