Total_energy,Adsorption_energy,Rigid_adsorption_energy,Deformation_energy,dEad/dNi
-1.68884385945786,-1.91496748778538,-1.68885162004108,-0.226115867744297,-1.91496748778538
-1.08269738509502,-1.30882101342254,-1.08270920824477,-0.226111805177767,-1.30882101342254
-0.670925111253998,-0.897048739581517,-0.670932817218702,-0.226115922362815,-0.897048739581517
