Total_energy,Adsorption_energy,Rigid_adsorption_energy,Deformation_energy,dEad/dNi
-1.68467198311539,-1.91079561144291,-1.68472157629519,-0.226074035147712,-1.91079561144291
-1.19391910210528,-1.4200427304328,-1.19392557385553,-0.226117156577271,-1.4200427304328
-0.784878422829356,-1.01100205115688,-0.784960836178101,-0.226041214978775,-1.01100205115688
-0.261971507460016,-0.488095135787535,-0.261986672186767,-0.226108463600767,-0.488095135787535
