Total_energy,Adsorption_energy,Rigid_adsorption_energy,Deformation_energy,dEad/dNi
-1.68739000136471,-1.91351362969223,-1.68743959810839,-0.226074031583838,-1.91351362969223
-1.24086365886312,-1.46698728719064,-1.24089013529532,-0.226097151895317,-1.46698728719064
-0.271375774367428,-0.497499402694947,-0.271410256801329,-0.226089145893618,-0.497499402694947
