Total_energy,Adsorption_energy,Rigid_adsorption_energy,Deformation_energy,dEad/dNi
-1.67765510584134,-1.90377873416886,-1.67771424896445,-0.226064485204417,-1.90377873416886
-1.18701885914528,-1.4131424874728,-1.18707053075521,-0.226071956717584,-1.4131424874728
-0.601109344413042,-0.827232972740561,-0.601119751141632,-0.226113221598929,-0.827232972740561
-0.21416057876523,-0.440284207092749,-0.214188084074251,-0.226096123018498,-0.440284207092749
