Total_energy,Adsorption_energy,Rigid_adsorption_energy,Deformation_energy,dEad/dNi
-1.70410362375476,-1.93022725208228,-1.70415525265244,-0.226071999429844,-1.93022725208228
-1.21341067525169,-1.43953430357921,-1.21343723431496,-0.226097069264256,-1.43953430357921
-0.578910192583011,-0.80503382091053,-0.578936972760152,-0.226096848150378,-0.80503382091053
