Total_energy,Adsorption_energy,Rigid_adsorption_energy,Deformation_energy,dEad/dNi
-1.68431501055654,-1.91043863888406,-1.68432589035756,-0.226112748526495,-1.91043863888406
-1.23945462963763,-1.46557825796515,-1.23946950815312,-0.226108749812033,-1.46557825796515
-0.927690643503413,-1.15381427183093,-0.927697699293712,-0.226116572537219,-1.15381427183093
-0.270437539287232,-0.496561167614751,-0.270502856054235,-0.226058311560517,-0.496561167614751
