Total_energy,Adsorption_energy,Rigid_adsorption_energy,Deformation_energy,dEad/dNi
-1.68109937306261,-1.90722300139013,-1.68112765496677,-0.226095346423358,-1.90722300139013
-1.25533305864874,-1.48145668697626,-1.25537022456114,-0.226086462415118,-1.48145668697626
-0.838408755568731,-1.06453238389625,-0.838427153313681,-0.226105230582569,-1.06453238389625
