Total_energy,Adsorption_energy,Rigid_adsorption_energy,Deformation_energy,dEad/dNi
-1.69170311032548,-1.917826738653,-1.69170801857244,-0.226118720080555,-1.917826738653
-1.17763143620176,-1.40375506452928,-1.17764100429574,-0.226114060233532,-1.40375506452928
-0.670541892426957,-0.896665520754476,-0.670548340519569,-0.226117180234907,-0.896665520754476
