Total_energy,Adsorption_energy,Rigid_adsorption_energy,Deformation_energy,dEad/dNi
-1.67645100856779,-1.9025746368953,-1.67646834657986,-0.226106290315443,-1.9025746368953
-1.19878752893132,-1.42491115725884,-1.19879925829211,-0.226111898966733,-1.42491115725884
-0.754252618387041,-0.98037624671456,-0.75425767147075,-0.22611857524381,-0.98037624671456
-0.244758413993567,-0.470882042321086,-0.244773962967728,-0.226108079353358,-0.470882042321086
