Total_energy,Adsorption_energy,Rigid_adsorption_energy,Deformation_energy,dEad/dNi
-1.69856051302525,-1.92468414135277,-1.69857050716282,-0.226113634189946,-1.92468414135277
-1.23355273545495,-1.45967636378247,-1.23358918605046,-0.226087177732007,-1.45967636378247
-0.751105502996394,-0.977229131323914,-0.751118400210168,-0.226110731113745,-0.977229131323914
