Total_energy,Adsorption_energy,Rigid_adsorption_energy,Deformation_energy,dEad/dNi
-1.69074165598869,-1.91686528431621,-1.69080525922801,-0.226060025088196,-1.91686528431621
-1.06870517602666,-1.29482880435418,-1.06871641275963,-0.22611239159455,-1.29482880435418
-0.558666698825587,-0.784790327153106,-0.558809305111482,-0.225981022041624,-0.784790327153106
