Total_energy,Adsorption_energy,Rigid_adsorption_energy,Deformation_energy,dEad/dNi
-1.6859327801544,-1.91205640848192,-1.6859777235144,-0.226078684967522,-1.91205640848192
-1.27708426509266,-1.50320789342018,-1.27709549213107,-0.226112401289108,-1.50320789342018
-0.733913379932431,-0.96003700825995,-0.733941328776452,-0.226095679483498,-0.96003700825995
-0.226043144606253,-0.452166772933772,-0.226111738986805,-0.226055033946967,-0.452166772933772
