Total_energy,Adsorption_energy,Rigid_adsorption_energy,Deformation_energy,dEad/dNi
-1.69118544063451,-1.91730906896203,-1.6911967513697,-0.226112317592329,-1.91730906896203
-1.11118302201146,-1.33730665033898,-1.11119555645496,-0.226111093884016,-1.33730665033898
-0.630794895248642,-0.856918523576162,-0.630814062102213,-0.226104461473949,-0.856918523576162
-0.204118725898592,-0.430242354226111,-0.204135117304021,-0.22610723692209,-0.430242354226111
