Total_energy,Adsorption_energy,Rigid_adsorption_energy,Deformation_energy,dEad/dNi
-1.6809183378493,-1.90704196617682,-1.68096294547718,-0.226079020699648,-1.90704196617682
-1.23475735817089,-1.46088098649841,-1.23485079675353,-0.226030189744875,-1.46088098649841
-0.814118791531479,-1.040242419859,-0.814128083061556,-0.226114336797442,-1.040242419859
