Total_energy,Adsorption_energy,Rigid_adsorption_energy,Deformation_energy,dEad/dNi
-1.6848081125239,-1.91093174085142,-1.68484623143701,-0.226085509414409,-1.91093174085142
-1.25378236771013,-1.47990599603764,-1.25384630828917,-0.226059687748474,-1.47990599603764
-0.695630746996729,-0.921754375324249,-0.695653953442114,-0.226100421882134,-0.921754375324249
