Total_energy,Adsorption_energy,Rigid_adsorption_energy,Deformation_energy,dEad/dNi
-1.69718769968963,-1.92331132801715,-1.69725615258273,-0.226055175434425,-1.92331132801715
-1.28246169741853,-1.50858532574605,-1.28248897873711,-0.226096347008932,-1.50858532574605
-1.03536905280426,-1.26149268113178,-1.03541929193209,-0.226073389199683,-1.26149268113178
-0.812534911715953,-1.03865854004347,-0.812558180581429,-0.226100359462044,-1.03865854004347
-0.265217208389012,-0.491340836716532,-0.265234178281006,-0.226106658435526,-0.491340836716532
