Total_energy,Adsorption_energy,Rigid_adsorption_energy,Deformation_energy,dEad/dNi
-1.67249308721619,-1.89861671554371,-1.67250095489627,-0.226115760647442,-1.89861671554371
-1.18788458275905,-1.41400821108657,-1.18789575896311,-0.226112452123456,-1.41400821108657
-0.747820623567781,-0.9739442518953,-0.747850550452429,-0.226093701442872,-0.9739442518953
-0.248609800897356,-0.474733429224875,-0.248619763277263,-0.226113665947612,-0.474733429224875
