Total_energy,Adsorption_energy,Rigid_adsorption_energy,Deformation_energy,dEad/dNi
-1.70517473551096,-1.93129836383848,-1.70517993291454,-0.226118430923945,-1.93129836383848
-1.16572343611291,-1.39184706444043,-1.1657251678469,-0.226121896593531,-1.39184706444043
-0.678263448347757,-0.904387076675276,-0.67826481001083,-0.226122266664446,-0.904387076675276
