Total_energy,Adsorption_energy,Rigid_adsorption_energy,Deformation_energy,dEad/dNi
-1.6207183142906,-1.84684194261812,-1.62076675314742,-0.226075189470699,-1.84684194261812
-1.21466139450359,-1.44078502283111,-1.21484690601455,-0.225938116816553,-1.44078502283111
-0.709835257377253,-0.935958885704772,-0.709853681097218,-0.226105204607555,-0.935958885704772
