Total_energy,Adsorption_energy,Rigid_adsorption_energy,Deformation_energy,dEad/dNi
-1.6905313634934,-1.91665499182091,-1.69053471808543,-0.226120273735481,-1.91665499182091
-1.26972529868408,-1.4958489270116,-1.26974123826455,-0.22610768874705,-1.4958489270116
-0.762105911926584,-0.988229540254103,-0.762115068816869,-0.226114471437234,-0.988229540254103
-0.282850336586263,-0.508973964913782,-0.282931292108239,-0.226042672805543,-0.508973964913782
