Total_energy,Adsorption_energy,Rigid_adsorption_energy,Deformation_energy,dEad/dNi
-1.68104088248296,-1.90716451081047,-1.68107590427085,-0.226088606539627,-1.90716451081047
-1.26984757558236,-1.49597120390988,-1.2698609259016,-0.226110278008284,-1.49597120390988
-0.89437264643914,-1.12049627476666,-0.894388195848274,-0.226108078918385,-1.12049627476666
-0.269480424812686,-0.495604053140205,-0.269495226536933,-0.226108826603272,-0.495604053140205
