Total_energy,Adsorption_energy,Rigid_adsorption_energy,Deformation_energy,dEad/dNi
-1.68344263494437,-1.90956626327189,-1.68345848161969,-0.22610778165219,-1.90956626327189
-1.12796397806932,-1.35408760639684,-1.12799812212305,-0.226089484273783,-1.35408760639684
-0.695203283858034,-0.921326912185553,-0.695269687898399,-0.226057224287155,-0.921326912185553
-0.234805052726922,-0.460928681054441,-0.234812625878439,-0.226116055176003,-0.460928681054441
