Total_energy,Adsorption_energy,Rigid_adsorption_energy,Deformation_energy,dEad/dNi
-1.69335179251475,-1.91947542084227,-1.69336340203174,-0.226112018810533,-1.91947542084227
-1.26322136816688,-1.4893449964944,-1.26325843731166,-0.226086559182738,-1.4893449964944
-0.814577966218276,-1.04070159454579,-0.814582706697545,-0.22611888784825,-1.04070159454579
