Total_energy,Adsorption_energy,Rigid_adsorption_energy,Deformation_energy,dEad/dNi
-1.68828281120916,-1.91440643953668,-1.68829076822354,-0.226115671313141,-1.91440643953668
-1.25515865423793,-1.48128228256545,-1.25517370356603,-0.226108578999417,-1.48128228256545
-0.76391398858554,-0.990037616913059,-0.763918825160366,-0.226118791752693,-0.990037616913059
