Total_energy,Adsorption_energy,Rigid_adsorption_energy,Deformation_energy,dEad/dNi
-1.6690941534528,-1.89521778178031,-1.66910754605643,-0.226110235723883,-1.89521778178031
-1.23913039811261,-1.46525402644013,-1.23915244310085,-0.226101583339284,-1.46525402644013
-0.712532565652247,-0.938656193979766,-0.712540503900891,-0.226115690078875,-0.938656193979766
-0.460988692285861,-0.68711232061338,-0.460995152646759,-0.226117167966621,-0.68711232061338
