Total_energy,Adsorption_energy,Rigid_adsorption_energy,Deformation_energy,dEad/dNi
-1.67476326449429,-1.90088689282181,-1.67477387214369,-0.22611302067812,-1.90088689282181
-1.11511719389352,-1.34124082222104,-1.11512177110084,-0.226119051120192,-1.34124082222104
-0.646644363519157,-0.872767991846676,-0.646647346971249,-0.226120644875427,-0.872767991846676
