Total_energy,Adsorption_energy,Rigid_adsorption_energy,Deformation_energy,dEad/dNi
-1.68386236681904,-1.90998599514656,-1.68389213582802,-0.226093859318539,-1.90998599514656
-1.08983142852571,-1.31595505685323,-1.08984875245243,-0.226106304400804,-1.31595505685323
-0.587403316541853,-0.813526944869372,-0.587408425506103,-0.226118519363269,-0.813526944869372
