Total_energy,Adsorption_energy,Rigid_adsorption_energy,Deformation_energy,dEad/dNi
-1.6909940985132,-1.91711772684072,-1.69099615759582,-0.226121569244897,-1.91711772684072
-1.25061035643198,-1.4767339847595,-1.25061666962226,-0.226117315137243,-1.4767339847595
-0.731226117161056,-0.957349745488575,-0.731275864056145,-0.22607388143243,-0.957349745488575
-0.268382918921314,-0.494506547248833,-0.26842075421932,-0.226085793029513,-0.494506547248833
