Total_energy,Adsorption_energy,Rigid_adsorption_energy,Deformation_energy,dEad/dNi
-1.68758354062785,-1.91370716895537,-1.6875947720456,-0.226112396909779,-1.91370716895537
-1.23979533996185,-1.46591896828937,-1.23980794624122,-0.226111022048151,-1.46591896828937
-0.726636773430128,-0.952760401757648,-0.726675104596669,-0.226085297160978,-0.952760401757648
-0.259293778764538,-0.485417407092057,-0.259309856946,-0.226107550146057,-0.485417407092057
