Total_energy,Adsorption_energy,Rigid_adsorption_energy,Deformation_energy,dEad/dNi
-1.69807641530348,-1.92420004363099,-1.6981030515708,-0.226096992060191,-1.92420004363099
-1.27949100912614,-1.50561463745365,-1.27950305550174,-0.226111581951912,-1.50561463745365
-0.827856097613014,-1.05397972594053,-0.827862193922621,-0.226117532017912,-1.05397972594053
