Total_energy,Adsorption_energy,Rigid_adsorption_energy,Deformation_energy,dEad/dNi
-1.68258003691868,-1.9087036652462,-1.68259517884636,-0.226108486399842,-1.9087036652462
-1.24441747302104,-1.47054110134856,-1.24444546470498,-0.226095636643581,-1.47054110134856
-0.730956064245111,-0.95707969257263,-0.730967516280191,-0.22611217629244,-0.95707969257263
-0.189288191777933,-0.415411820105452,-0.189303774130618,-0.226108045974834,-0.415411820105452
