Total_energy,Adsorption_energy,Rigid_adsorption_energy,Deformation_energy,dEad/dNi
-1.67923689209604,-1.90536052042356,-1.67928179168049,-0.226078728743068,-1.90536052042356
-1.24628525019208,-1.4724088785196,-1.24637897265591,-0.226029905863689,-1.4724088785196
-0.791674148536194,-1.01779777686371,-0.791688564892352,-0.226109211971361,-1.01779777686371
-0.485680256646259,-0.711803884973778,-0.485689815307837,-0.226114069665942,-0.711803884973778
