Total_energy,Adsorption_energy,Rigid_adsorption_energy,Deformation_energy,dEad/dNi
-1.69340919641526,-1.91953282474278,-1.69342070194221,-0.226112122800578,-1.91953282474278
-1.17773772187958,-1.4038613502071,-1.17774655726116,-0.226114792945942,-1.4038613502071
-0.703341193652145,-0.929464821979665,-0.703451909035207,-0.226012912944457,-0.929464821979665
-0.25684843563334,-0.482972063960859,-0.25687293044741,-0.226099133513449,-0.482972063960859
