Total_energy,Adsorption_energy,Rigid_adsorption_energy,Deformation_energy,dEad/dNi
-1.67605013122225,-1.90217375954977,-1.67609686076566,-0.226076898784112,-1.90217375954977
-1.19661591415364,-1.42273954248116,-1.19662496315415,-0.226114579327012,-1.42273954248116
-0.696677530686119,-0.922801159013638,-0.696753614492628,-0.22604754452101,-0.922801159013638
-0.268690993599645,-0.494814621927164,-0.268702889055502,-0.226111732871662,-0.494814621927164
