Total_energy,Adsorption_energy,Rigid_adsorption_energy,Deformation_energy,dEad/dNi
-1.69022491018967,-1.91634853851718,-1.69024636857414,-0.226102169943046,-1.91634853851718
-1.22363114656825,-1.44975477489577,-1.22365153219303,-0.22610324270274,-1.44975477489577
-0.814075429763745,-1.04019905809126,-0.814139219450201,-0.226059838641063,-1.04019905809126
-0.260082475934035,-0.486206104261555,-0.260101799770817,-0.226104304490737,-0.486206104261555
