Total_energy,Adsorption_energy,Rigid_adsorption_energy,Deformation_energy,dEad/dNi
-1.67815059026862,-1.90427421859614,-1.67815478917979,-0.226119429416347,-1.90427421859614
-1.09551939053963,-1.32164301886715,-1.09554892525447,-0.22609409361268,-1.32164301886715
-0.820763714069039,-1.04688734239656,-0.820767481555007,-0.226119860841552,-1.04688734239656
