Total_energy,Adsorption_energy,Rigid_adsorption_energy,Deformation_energy,dEad/dNi
-1.68330363198645,-1.90942726031397,-1.683340194983,-0.226087065330973,-1.90942726031397
-1.2252122929349,-1.45133592126242,-1.22524379169976,-0.226092129562653,-1.45133592126242
-0.680733122185841,-0.90685675051336,-0.680741255065748,-0.226115495447612,-0.90685675051336
