Total_energy,Adsorption_energy,Rigid_adsorption_energy,Deformation_energy,dEad/dNi
-1.63207692136565,-1.85820054969317,-1.63209376516328,-0.226106784529895,-1.85820054969317
-1.19395878582752,-1.42008241415504,-1.19398093929549,-0.226101474859548,-1.42008241415504
-0.757467599651809,-0.983591227979328,-0.757495925631928,-0.2260953023474,-0.983591227979328
-0.212059346119148,-0.438182974446667,-0.212069441553077,-0.22611353289359,-0.438182974446667
