Total_energy,Adsorption_energy,Rigid_adsorption_energy,Deformation_energy,dEad/dNi
-1.69223360447886,-1.91835723280638,-1.69223720875546,-0.22612002405092,-1.91835723280638
-1.25321973118502,-1.47934335951254,-1.2532461270523,-0.226097232460245,-1.47934335951254
-0.84626978864963,-1.07239341697715,-0.846285802355866,-0.226107614621284,-1.07239341697715
-0.243252728692535,-0.469376357020054,-0.243256788349386,-0.226119568670667,-0.469376357020054
