Total_energy,Adsorption_energy,Rigid_adsorption_energy,Deformation_energy,dEad/dNi
-1.683139303748,-1.90926293207552,-1.6831608798851,-0.226102052190417,-1.90926293207552
-1.1109066660152,-1.33703029434272,-1.110932845138,-0.226097449204714,-1.33703029434272
-0.858495202596364,-1.08461883092388,-0.858498175944482,-0.226120654979401,-1.08461883092388
-0.599513641779016,-0.825637270106536,-0.59953348188378,-0.226103788222755,-0.825637270106536
