Total_energy,Adsorption_energy,Rigid_adsorption_energy,Deformation_energy,dEad/dNi
-1.66925547126889,-1.8953790995964,-1.66930123054974,-0.226077869046662,-1.8953790995964
-1.15982445775005,-1.38594808607756,-1.15987922927138,-0.226068856806181,-1.38594808607756
-0.264155892069297,-0.490279520396816,-0.264175886062025,-0.226103634334791,-0.490279520396816
