Total_energy,Adsorption_energy,Rigid_adsorption_energy,Deformation_energy,dEad/dNi
-1.69115399802929,-1.91727762635681,-1.69117218943471,-0.226105436922105,-1.91727762635681
-1.19358123223573,-1.41970486056325,-1.19360678623599,-0.22609807432726,-1.41970486056325
-0.612557258593607,-0.838680886921126,-0.612563921742219,-0.226116965178907,-0.838680886921126
