Total_energy,Adsorption_energy,Rigid_adsorption_energy,Deformation_energy,dEad/dNi
-1.67599740879771,-1.90212103712523,-1.67606530194097,-0.22605573518426,-1.90212103712523
-1.06460270304314,-1.29072633137066,-1.06461805420442,-0.226108277166241,-1.29072633137066
-0.52987514752329,-0.75599877585081,-0.529891290828399,-0.22610748502241,-0.75599877585081
