Total_energy,Adsorption_energy,Rigid_adsorption_energy,Deformation_energy,dEad/dNi
-1.68087750591821,-1.90700113424573,-1.68088484733811,-0.226116286907615,-1.90700113424573
-1.18740116319228,-1.4135247915198,-1.18740148249892,-0.226123309020884,-1.4135247915198
-0.764140612550752,-0.990264240878271,-0.764143982781695,-0.226120258096576,-0.990264240878271
