Total_energy,Adsorption_energy,Rigid_adsorption_energy,Deformation_energy,dEad/dNi
-1.68683006998032,-1.91295369830784,-1.68683354844124,-0.2261201498666,-1.91295369830784
-1.23712038461125,-1.46324401293877,-1.23713869195831,-0.226105320980459,-1.46324401293877
-0.748336424705659,-0.974460053033178,-0.748346865864458,-0.22611318716872,-0.974460053033178
