Total_energy,Adsorption_energy,Rigid_adsorption_energy,Deformation_energy,dEad/dNi
-1.67742377943453,-1.90354740776205,-1.67746546571014,-0.226081942051906,-1.90354740776205
-1.04979680396381,-1.27592043229133,-1.049817358996,-0.226103073295328,-1.27592043229133
-0.699859810995183,-0.925983439322702,-0.699961755481222,-0.22602168384148,-0.925983439322702
-0.281120431878381,-0.5072440602059,-0.281147952950483,-0.226096107255417,-0.5072440602059
