Total_energy,Adsorption_energy,Rigid_adsorption_energy,Deformation_energy,dEad/dNi
-1.69153224575519,-1.91765587408271,-1.69153480751378,-0.226121066568924,-1.91765587408271
-1.22324021054415,-1.44936383887167,-1.22331173484348,-0.22605210402819,-1.44936383887167
-0.69988559565936,-0.926009223986879,-0.700058718030711,-0.225950505956169,-0.926009223986879
