Total_energy,Adsorption_energy,Rigid_adsorption_energy,Deformation_energy,dEad/dNi
-1.68769910166574,-1.91382272999326,-1.68773457391141,-0.22608815608185,-1.91382272999326
-1.23173868987726,-1.45786231820478,-1.23176282767457,-0.226099490530207,-1.45786231820478
-0.843496653670589,-1.06962028199811,-0.843506508506099,-0.226113773492009,-1.06962028199811
-0.321916214068683,-0.548039842396202,-0.3219317924191,-0.226108049977102,-0.548039842396202
