Total_energy,Adsorption_energy,Rigid_adsorption_energy,Deformation_energy,dEad/dNi
-1.68207272158101,-1.90819634990853,-1.68209799144285,-0.226098358465686,-1.90819634990853
-1.15963489256944,-1.38575852089696,-1.15964461735606,-0.226113903540899,-1.38575852089696
-0.882100027697098,-1.10822365602462,-0.882119861987926,-0.226103794036691,-1.10822365602462
-0.303716952066075,-0.529840580393594,-0.303730832497433,-0.226109747896161,-0.529840580393594
