Total_energy,Adsorption_energy,Rigid_adsorption_energy,Deformation_energy,dEad/dNi
-1.682625697957,-1.90874932628452,-1.68263906798362,-0.2261102583009,-1.90874932628452
-1.26250767295304,-1.48863130128056,-1.26256258546863,-0.226068715811931,-1.48863130128056
-0.706033666716841,-0.93215729504436,-0.706051874555074,-0.226105420489287,-0.93215729504436
