Total_energy,Adsorption_energy,Rigid_adsorption_energy,Deformation_energy,dEad/dNi
-1.68654446550148,-1.912668093829,-1.68655037488442,-0.226117718944572,-1.912668093829
-1.24419881960392,-1.47032244793143,-1.24430880882053,-0.226013639110909,-1.47032244793143
-0.785346330756967,-1.01146995908449,-0.78539378891381,-0.226076170170677,-1.01146995908449
