Total_energy,Adsorption_energy,Rigid_adsorption_energy,Deformation_energy,dEad/dNi
-1.68089149903069,-1.90701512735821,-1.6808999694893,-0.226115157868905,-1.90701512735821
-1.2504828468872,-1.47660647521472,-1.25050594572465,-0.226100529490071,-1.47660647521472
-0.963731965305913,-1.18985559363343,-0.963747304986714,-0.226108288646719,-1.18985559363343
-0.219057225777225,-0.445180854104745,-0.219059562746486,-0.226121291358259,-0.445180854104745
