File_name,Total_energy,Adsorption_energy,Rigid_adsorption_energy,Deformation_energy,dEad/dNi
op_0 (3 1 1).std.csv,-1.4345,-1.6607,-1.4348,-0.22586,-1.6607
op_1 (3 1 1).std.csv,-1.2317,-1.4579,-1.2318,-0.2261,-1.4579
op_2 (3 1 1).std.csv,-1.1596,-1.3858,-1.1596,-0.22611,-1.3858
op_3 (3 1 1).std.csv,-1.2625,-1.4886,-1.2626,-0.22607,-1.4886
op_4 (3 1 1).std.csv,-1.2442,-1.4703,-1.2443,-0.22601,-1.4703
op_5 (3 1 1).std.csv,-1.2505,-1.4766,-1.2505,-0.2261,-1.4766
