Total_energy,Adsorption_energy,Rigid_adsorption_energy,Deformation_energy,dEad/dNi
-1.6559439121396,-1.88206754046711,-1.65597258583171,-0.226094954635406,-1.88206754046711
-1.03473494693865,-1.26085857526617,-1.03476238991806,-0.226096185348114,-1.26085857526617
-0.396999088912222,-0.623122717239741,-0.397002999240976,-0.226119717998765,-0.623122717239741
