Total_energy,Adsorption_energy,Rigid_adsorption_energy,Deformation_energy,dEad/dNi
-1.66675265495848,-1.89287628328599,-1.66678738874865,-0.226088894537343,-1.89287628328599
-1.24122737508914,-1.46735100341666,-1.24122948953462,-0.226121513882042,-1.46735100341666
-0.931162459375514,-1.15728608770303,-0.931800795295391,-0.225485292407642,-1.15728608770303
-0.609400176352067,-0.835523804679587,-0.609423149558583,-0.226100655121003,-0.835523804679587
