Total_energy,Adsorption_energy,Rigid_adsorption_energy,Deformation_energy,dEad/dNi
-1.66565429087844,-1.89177791920596,-1.66569867509859,-0.226079244107369,-1.89177791920596
-1.26052837467819,-1.48665200300571,-1.26055553332503,-0.226096469680677,-1.48665200300571
-0.301324889580321,-0.527448517907841,-0.301335338274931,-0.22611317963291,-0.527448517907841
