Total_energy,Adsorption_energy,Rigid_adsorption_energy,Deformation_energy,dEad/dNi
-1.66152332447325,-1.88764695280077,-1.66153382157856,-0.226113131222206,-1.88764695280077
-1.15507529276288,-1.3811989210904,-1.155137983932,-0.226060937158393,-1.3811989210904
-0.653573827723784,-0.879697456051303,-0.653627381297325,-0.226070074753978,-0.879697456051303
