Total_energy,Adsorption_energy,Rigid_adsorption_energy,Deformation_energy,dEad/dNi
-1.63381211743712,-1.85993574576464,-1.63385052325243,-0.226085222512213,-1.85993574576464
-1.11818252444903,-1.34430615277655,-1.11820872697009,-0.226097425806458,-1.34430615277655
-0.604893490094713,-0.831017118422232,-0.60490195912459,-0.226115159297643,-0.831017118422232
