Total_energy,Adsorption_energy,Rigid_adsorption_energy,Deformation_energy,dEad/dNi
-1.65892201764706,-1.88504564597458,-1.65892381052068,-0.226121835453899,-1.88504564597458
-1.20337270135107,-1.42949632967858,-1.20340836487957,-0.22608796479902,-1.42949632967858
-0.64526862809018,-0.871392256417699,-0.645276163531973,-0.226116092885726,-0.871392256417699
