Total_energy,Adsorption_energy,Rigid_adsorption_energy,Deformation_energy,dEad/dNi
-1.66089569115724,-1.88701931948476,-1.66091397402342,-0.226105345461342,-1.88701931948476
-1.18655535994601,-1.41267898827352,-1.18657036123493,-0.226108627038596,-1.41267898827352
-0.713250160556018,-0.939373788883537,-0.71326288821343,-0.226110900670107,-0.939373788883537
