Total_energy,Adsorption_energy,Rigid_adsorption_energy,Deformation_energy,dEad/dNi
-1.67365287531138,-1.8997765036389,-1.67368895618307,-0.226087547455829,-1.8997765036389
-1.24031720989122,-1.46644083821874,-1.24033765600943,-0.226103182209314,-1.46644083821874
-0.645753706229981,-0.8718773345575,-0.645787436878633,-0.226089897678867,-0.8718773345575
