Total_energy,Adsorption_energy,Rigid_adsorption_energy,Deformation_energy,dEad/dNi
-1.67590194142302,-1.90202556975054,-1.67590938140883,-0.226116188341718,-1.90202556975054
-1.24266805983341,-1.46879168816092,-1.24268808707672,-0.2261036010842,-1.46879168816092
-0.622911647016249,-0.849035275343768,-0.6229199479315,-0.226115327412268,-0.849035275343768
