Total_energy,Adsorption_energy,Rigid_adsorption_energy,Deformation_energy,dEad/dNi
-1.67169519545602,-1.89781882378354,-1.67169960742145,-0.226119216362087,-1.89781882378354
-1.25182866096712,-1.47795228929464,-1.25189429651297,-0.226057992781667,-1.47795228929464
-0.785833998089388,-1.01195762641691,-0.785846395541304,-0.226111230875604,-1.01195762641691
