Total_energy,Adsorption_energy,Rigid_adsorption_energy,Deformation_energy,dEad/dNi
-1.67540817598523,-1.90153180431275,-1.67543885409786,-0.226092950214888,-1.90153180431275
-1.12704122307608,-1.3531648514036,-1.12707136312772,-0.226093488275882,-1.3531648514036
-0.565892874864433,-0.792016503191952,-0.565897700127377,-0.226118803064575,-0.792016503191952
