Total_energy,Adsorption_energy,Rigid_adsorption_energy,Deformation_energy,dEad/dNi
-1.65976780687768,-1.8858914352052,-1.65977270041461,-0.226118734790588,-1.8858914352052
-1.06297152224736,-1.28909515057488,-1.06299272219513,-0.226102428379746,-1.28909515057488
-0.52446182196184,-0.750585450289359,-0.524461907521692,-0.226123542767667,-0.750585450289359
