Total_energy,Adsorption_energy,Rigid_adsorption_energy,Deformation_energy,dEad/dNi
-1.67735506756565,-1.90347869589317,-1.67739972220717,-0.226078973686,-1.90347869589317
-1.22853247619571,-1.45465610452323,-1.22854132615368,-0.22611477836955,-1.45465610452323
-0.60622051037102,-0.83234413869854,-0.606289893396685,-0.226054245301855,-0.83234413869854
