Total_energy,Adsorption_energy,Rigid_adsorption_energy,Deformation_energy,dEad/dNi
-1.68114094671865,-1.90726457504616,-1.68114738588407,-0.226117189162097,-1.90726457504616
-1.24292115375396,-1.46904478208148,-1.24292582249109,-0.226118959590389,-1.46904478208148
-0.963747096751361,-1.18987072507888,-0.963819720050746,-0.226051005028134,-1.18987072507888
-0.250431965438031,-0.47655559376555,-0.250443810181464,-0.226111783584087,-0.47655559376555
