Total_energy,Adsorption_energy,Rigid_adsorption_energy,Deformation_energy,dEad/dNi
-1.64747859366669,-1.87360222199421,-1.6474981277298,-0.226104094264408,-1.87360222199421
-1.20771814639838,-1.4338417747259,-1.20774892302488,-0.226092851701019,-1.4338417747259
-0.685862172556682,-0.911985800884201,-0.685867422151143,-0.226118378733058,-0.911985800884201
-0.241847748058554,-0.467971376386073,-0.241916268490602,-0.226055107895471,-0.467971376386073
