Total_energy,Adsorption_energy,Rigid_adsorption_energy,Deformation_energy,dEad/dNi
-1.65353308085972,-1.87965670918723,-1.65357813118266,-0.226078578004579,-1.87965670918723
-1.17215091509863,-1.39827454342615,-1.1721622445256,-0.226112298900547,-1.39827454342615
-0.642505558656298,-0.868629186983817,-0.642519027236708,-0.226110159747109,-0.868629186983817
