Total_energy,Adsorption_energy,Rigid_adsorption_energy,Deformation_energy,dEad/dNi
-1.67561401169684,-1.90173764002436,-1.6756357106172,-0.226101929407161,-1.90173764002436
-1.26745256066857,-1.49357618899609,-1.26747602657007,-0.226100162426015,-1.49357618899609
-0.775689152239157,-1.00181278056668,-0.77570249086288,-0.226110289703796,-1.00181278056668
