Total_energy,Adsorption_energy,Rigid_adsorption_energy,Deformation_energy,dEad/dNi
-1.66558428751569,-1.89170791584321,-1.66562596491129,-0.226081950931922,-1.89170791584321
-1.23772315944601,-1.46384678777353,-1.23779936332757,-0.226047424445969,-1.46384678777353
-0.744966820763969,-0.971090449091488,-0.744978183161531,-0.226112265929957,-0.971090449091488
