Total_energy,Adsorption_energy,Rigid_adsorption_energy,Deformation_energy,dEad/dNi
-1.66852790628992,-1.89465153461744,-1.66857439655928,-0.226077138058161,-1.89465153461744
-1.20351326051663,-1.42963688884415,-1.2035440908634,-0.226092797980755,-1.42963688884415
-0.782056186408288,-1.00817981473581,-0.782108183132378,-0.226071631603429,-1.00817981473581
-0.260771737699911,-0.48689536602743,-0.260784012629171,-0.226111353398259,-0.48689536602743
