Total_energy,Adsorption_energy,Rigid_adsorption_energy,Deformation_energy,dEad/dNi
-1.64448919014958,-1.8706128184771,-1.64453556217725,-0.22607725629985,-1.8706128184771
-1.19650514728662,-1.42262877561414,-1.19655517076255,-0.226073604851586,-1.42262877561414
-0.519765021071612,-0.745888649399132,-0.519770025309094,-0.226118624090038,-0.745888649399132
