Total_energy,Adsorption_energy,Rigid_adsorption_energy,Deformation_energy,dEad/dNi
-1.67067022878343,-1.89679385711095,-1.67069639429623,-0.226097462814721,-1.89679385711095
-1.07441429088713,-1.30053791921465,-1.07442759002905,-0.226110329185596,-1.30053791921465
-0.682145241547892,-0.908268869875411,-0.682147190687071,-0.22612167918834,-0.908268869875411
-0.243742006163956,-0.469865634491475,-0.243790418936309,-0.226075215555166,-0.469865634491475
