Total_energy,Adsorption_energy,Rigid_adsorption_energy,Deformation_energy,dEad/dNi
-1.64326985459401,-1.86939348292153,-1.64328695012067,-0.226106532800857,-1.86939348292153
-1.10804748400858,-1.3341711123361,-1.10806804547885,-0.226103066857249,-1.3341711123361
-0.648970467184528,-0.875094095512048,-0.648996097412642,-0.226097998099406,-0.875094095512048
