Total_energy,Adsorption_energy,Rigid_adsorption_energy,Deformation_energy,dEad/dNi
-1.67307371669288,-1.89919734502039,-1.67310951602335,-0.226087828997045,-1.89919734502039
-1.19519798425556,-1.42132161258308,-1.19520563497899,-0.22611597760409,-1.42132161258308
-0.667413867069421,-0.89353749539694,-0.667416437827639,-0.226121057569301,-0.89353749539694
