Total_energy,Adsorption_energy,Rigid_adsorption_energy,Deformation_energy,dEad/dNi
-1.66228263883045,-1.88840626715797,-1.66234652288809,-0.226059744269884,-1.88840626715797
-1.22307231090928,-1.4491959392368,-1.2230834858688,-0.226112453367996,-1.4491959392368
-0.780793120372316,-1.00691674869983,-0.780799311046188,-0.226117437653647,-1.00691674869983
