Total_energy,Adsorption_energy,Rigid_adsorption_energy,Deformation_energy,dEad/dNi
-1.65714326772434,-1.88326689605186,-1.65718869661327,-0.226078199438591,-1.88326689605186
-1.24650177765415,-1.47262540598167,-1.2465284844197,-0.226096921561972,-1.47262540598167
-0.52381882499438,-0.749942453321899,-0.523839964229305,-0.226102489092594,-0.749942453321899
