Total_energy,Adsorption_energy,Rigid_adsorption_energy,Deformation_energy,dEad/dNi
-1.64258446290217,-1.86870809122969,-1.64258862530995,-0.226119465919746,-1.86870809122969
-1.08214003384426,-1.30826366217178,-1.08215016695272,-0.226113495219059,-1.30826366217178
-0.840354700297806,-1.06647832862533,-0.840383193213033,-0.226095135412292,-1.06647832862533
-0.301145580121589,-0.527269208449108,-0.301191659952265,-0.226077548496843,-0.527269208449108
