Total_energy,Adsorption_energy,Rigid_adsorption_energy,Deformation_energy,dEad/dNi
-1.6135799812003,-1.83970360952782,-1.61359300919536,-0.226110600332463,-1.83970360952782
-1.19224411905704,-1.41836774738456,-1.19237345532227,-0.225994292062284,-1.41836774738456
-0.704299462225321,-0.93042309055284,-0.704349664718123,-0.226073425834716,-0.93042309055284
-0.231171511112892,-0.457295139440411,-0.231182102118663,-0.226113037321748,-0.457295139440411
