Total_energy,Adsorption_energy,Rigid_adsorption_energy,Deformation_energy,dEad/dNi
-1.65686630643063,-1.88298993475815,-1.65687812503471,-0.226111809723435,-1.88298993475815
-1.03431594751384,-1.26043957584136,-1.034317718187,-0.226121857654356,-1.26043957584136
-0.627323497122394,-0.853447125449913,-0.62733791113205,-0.226109214317863,-0.853447125449913
-0.249834750107909,-0.475958378435428,-0.249921009992385,-0.226037368443043,-0.475958378435428
