Total_energy,Adsorption_energy,Rigid_adsorption_energy,Deformation_energy,dEad/dNi
-1.67720715006937,-1.90333077839689,-1.67721669672408,-0.22611408167281,-1.90333077839689
-1.1789890219955,-1.40511265032302,-1.17903883248163,-0.226073817841389,-1.40511265032302
-0.702586419781788,-0.928710048109307,-0.702603864915934,-0.226106183193373,-0.928710048109307
