Total_energy,Adsorption_energy,Rigid_adsorption_energy,Deformation_energy,dEad/dNi
-1.66602075631229,-1.89214438463981,-1.66607797886097,-0.226066405778838,-1.89214438463981
-1.1371659346152,-1.36328956294272,-1.1371846410946,-0.226104921848112,-1.36328956294272
-0.243051513334089,-0.469175141661608,-0.243056778737201,-0.226118362924407,-0.469175141661608
