Total_energy,Adsorption_energy,Rigid_adsorption_energy,Deformation_energy,dEad/dNi
-1.67032405249228,-1.8964476808198,-1.67032642725641,-0.226121253563389,-1.8964476808198
-1.22534844858546,-1.45147207691298,-1.2253553490646,-0.226116727848384,-1.45147207691298
-0.217249847916141,-0.44337347624366,-0.217256756642138,-0.226116719601522,-0.44337347624366
