Total_energy,Adsorption_energy,Rigid_adsorption_energy,Deformation_energy,dEad/dNi
-1.65865705995725,-1.88478068828477,-1.65866135233887,-0.226119335945899,-1.88478068828477
-1.19930173301748,-1.425425361345,-1.19932108105452,-0.226104280290481,-1.425425361345
-0.802438861338135,-1.02856248966565,-0.802531343750058,-0.226031145915596,-1.02856248966565
