Total_energy,Adsorption_energy,Rigid_adsorption_energy,Deformation_energy,dEad/dNi
-1.65223204952141,-1.87835567784893,-1.65225750937633,-0.226098168472603,-1.87835567784893
-1.20741376172351,-1.43353739005103,-1.20741768835309,-0.226119701697939,-1.43353739005103
-0.735147465515093,-0.961271093842612,-0.735226802676,-0.226044291166612,-0.961271093842612
