Total_energy,Adsorption_energy,Rigid_adsorption_energy,Deformation_energy,dEad/dNi
-1.64650088563291,-1.87262451396043,-1.6465646101682,-0.226059903792225,-1.87262451396043
-1.21884936597152,-1.44497299429904,-1.21885814023025,-0.22611485406879,-1.44497299429904
-1.00044348597753,-1.22656711430505,-1.00048589065772,-0.226081223647334,-1.22656711430505
-0.251725607073492,-0.477849235401011,-0.251745398171809,-0.226103837229202,-0.477849235401011
