Total_energy,Adsorption_energy,Rigid_adsorption_energy,Deformation_energy,dEad/dNi
-1.67542598229234,-1.90154961061986,-1.67544935293374,-0.226100257686126,-1.90154961061986
-1.21023462882735,-1.43635825715486,-1.21023729531028,-0.226120961844581,-1.43635825715486
-0.654212335622298,-0.880335963949818,-0.654229778674917,-0.2261061852749,-0.880335963949818
-0.241514228779286,-0.467637857106806,-0.241531107400735,-0.226106749706071,-0.467637857106806
