Total_energy,Adsorption_energy,Rigid_adsorption_energy,Deformation_energy,dEad/dNi
-1.66613777814926,-1.89226140647678,-1.66616677792176,-0.226094628555017,-1.89226140647678
-1.20852864301647,-1.43465227134399,-1.20855101925214,-0.226101252091856,-1.43465227134399
-0.696308736909899,-0.922432365237418,-0.696318001973082,-0.226114363264337,-0.922432365237418
