Total_energy,Adsorption_energy,Rigid_adsorption_energy,Deformation_energy,dEad/dNi
-1.65797601696012,-1.88409964528764,-1.65801991557293,-0.226079729714711,-1.88409964528764
-1.20292560181484,-1.42904923014236,-1.20295717938826,-0.226092050754104,-1.42904923014236
-0.55053598008274,-0.776659608410259,-0.550553918316872,-0.226105690093387,-0.776659608410259
