Total_energy,Adsorption_energy,Rigid_adsorption_energy,Deformation_energy,dEad/dNi
-1.67157852630207,-1.89770215462959,-1.67165838047333,-0.22604377415626,-1.89770215462959
-1.22273391096631,-1.44885753929383,-1.2227953388735,-0.226062200420326,-1.44885753929383
-0.718424118562868,-0.944547746890387,-0.718446239556488,-0.2261015073339,-0.944547746890387
