Total_energy,Adsorption_energy,Rigid_adsorption_energy,Deformation_energy,dEad/dNi
-1.64477828172406,-1.87090191005158,-1.64479980787883,-0.226102102172757,-1.87090191005158
-1.14844761805516,-1.37457124638268,-1.148468583497,-0.226102662885684,-1.37457124638268
-0.637176008325433,-0.863299636652952,-0.637183284470778,-0.226116352182174,-0.863299636652952
