Total_energy,Adsorption_energy,Rigid_adsorption_energy,Deformation_energy,dEad/dNi
-1.68040779579915,-1.90653142412667,-1.68042171391476,-0.226109710211917,-1.90653142412667
-1.19771374043713,-1.42383736876465,-1.19772002879524,-0.226117339969407,-1.42383736876465
-0.715992768096722,-0.942116396424241,-0.716018139012042,-0.226098257412199,-0.942116396424241
