Total_energy,Adsorption_energy,Rigid_adsorption_energy,Deformation_energy,dEad/dNi
-1.662920287296,-1.88904391562352,-1.66293118265137,-0.226112732972155,-1.88904391562352
-1.02933625113834,-1.25545987946586,-1.02939115981864,-0.226068719647222,-1.25545987946586
-0.450698316248045,-0.676821944575564,-0.450762081673672,-0.226059862901892,-0.676821944575564
