Total_energy,Adsorption_energy,Rigid_adsorption_energy,Deformation_energy,dEad/dNi
-1.68072097879155,-1.90684460711907,-1.68075162015392,-0.226092986965149,-1.90684460711907
-1.1701512159496,-1.39627484427712,-1.170182625529,-0.226092218748115,-1.39627484427712
-0.863742545695158,-1.08986617402268,-0.863755185090338,-0.226110988932339,-1.08986617402268
-0.272047211716058,-0.498170840043577,-0.272047721505265,-0.226123118538312,-0.498170840043577
