Total_energy,Adsorption_energy,Rigid_adsorption_energy,Deformation_energy,dEad/dNi
-1.67313403878031,-1.89925766710783,-1.67317254239055,-0.226085124717279,-1.89925766710783
-1.1995942990314,-1.42571792735892,-1.19961606938223,-0.226101857976697,-1.42571792735892
-0.296595386735633,-0.522719015063152,-0.296615111959226,-0.226103903103926,-0.522719015063152
