Total_energy,Adsorption_energy,Rigid_adsorption_energy,Deformation_energy,dEad/dNi
-1.65385080342631,-1.87997443175383,-1.65387202877837,-0.22610240297546,-1.87997443175383
-1.20686081301083,-1.43298444133835,-1.20696421714848,-0.226020224189871,-1.43298444133835
-0.657884232616093,-0.884007860943612,-0.657931039674869,-0.226076821268743,-0.884007860943612
