Total_energy,Adsorption_energy,Rigid_adsorption_energy,Deformation_energy,dEad/dNi
-1.65105215178458,-1.8771757801121,-1.65106549985167,-0.226110280260431,-1.8771757801121
-1.13720113345824,-1.36332476178576,-1.13723150806454,-0.226093253721219,-1.36332476178576
-0.464068781208443,-0.690192409535962,-0.464081621493577,-0.226110788042385,-0.690192409535962
