Total_energy,Adsorption_energy,Rigid_adsorption_energy,Deformation_energy,dEad/dNi
-1.66348441513598,-1.88960804346349,-1.66352861567489,-0.2260794277886,-1.88960804346349
-1.23021491221441,-1.45633854054193,-1.23023264548636,-0.226105895055574,-1.45633854054193
-0.774999330214575,-1.00112295854209,-0.775132557975928,-0.225990400566166,-1.00112295854209
-0.32035661577325,-0.546480244100769,-0.320369468734191,-0.226110775366578,-0.546480244100769
