Total_energy,Adsorption_energy,Rigid_adsorption_energy,Deformation_energy,dEad/dNi
-1.68283414133395,-1.90895776966147,-1.68286621758765,-0.226091552073815,-1.90895776966147
-1.26057997540737,-1.48670360373489,-1.26063392883915,-0.22606967489574,-1.48670360373489
-0.851393260545504,-1.07751688887302,-0.851423987002897,-0.226092901870125,-1.07751688887302
