Total_energy,Adsorption_energy,Rigid_adsorption_energy,Deformation_energy,dEad/dNi
-1.66711698937325,-1.89324061770077,-1.66713402915524,-0.226106588545522,-1.89324061770077
-1.24765814934934,-1.47378177767686,-1.24767098860043,-0.226110789076433,-1.47378177767686
-0.722749501222087,-0.948873129549606,-0.722791726366281,-0.226081403183324,-0.948873129549606
-0.389017225264496,-0.615140853592015,-0.389030216469547,-0.226110637122469,-0.615140853592015
