Total_energy,Adsorption_energy,Rigid_adsorption_energy,Deformation_energy,dEad/dNi
-1.66979926739602,-1.89592289572354,-1.66981081193783,-0.226112083785714,-1.89592289572354
-1.25775577526661,-1.48387940359413,-1.25798085959182,-0.225898544002312,-1.48387940359413
-0.560568318097058,-0.786691946424577,-0.560602608080311,-0.226089338344266,-0.786691946424577
