Total_energy,Adsorption_energy,Rigid_adsorption_energy,Deformation_energy,dEad/dNi
-1.67109926514962,-1.89722289347714,-1.67116142196865,-0.226061471508486,-1.89722289347714
-1.22397807602574,-1.45010170435326,-1.22400174285518,-0.226099961498087,-1.45010170435326
-0.628407280500593,-0.854530908828112,-0.628452062756722,-0.22607884607139,-0.854530908828112
