Total_energy,Adsorption_energy,Rigid_adsorption_energy,Deformation_energy,dEad/dNi
-1.66687794385384,-1.89300157218136,-1.66689178550085,-0.226109786680505,-1.89300157218136
-1.14102525047159,-1.36714887879911,-1.14104193994271,-0.2261069388564,-1.36714887879911
-0.722153327599823,-0.948276955927342,-0.722183192310218,-0.226093763617124,-0.948276955927342
