Total_energy,Adsorption_energy,Rigid_adsorption_energy,Deformation_energy,dEad/dNi
-1.66265473550073,-1.88877836382825,-1.66271273397043,-0.226065629857823,-1.88877836382825
-1.16083237495247,-1.38695600327999,-1.16086247376856,-0.226093529511427,-1.38695600327999
-0.587113153733701,-0.81323678206122,-0.58712562927627,-0.226111152784951,-0.81323678206122
