Total_energy,Adsorption_energy,Rigid_adsorption_energy,Deformation_energy,dEad/dNi
-1.6595912354957,-1.88571486382322,-1.6596125531894,-0.226102310633826,-1.88571486382322
-1.22359471493487,-1.44971834326239,-1.2235976370615,-0.226120706200888,-1.44971834326239
-0.76739000111241,-0.993513629439929,-0.767420062598651,-0.226093566841277,-0.993513629439929
-0.32117801197093,-0.54730164029845,-0.321225847349354,-0.226075792949096,-0.54730164029845
