Total_energy,Adsorption_energy,Rigid_adsorption_energy,Deformation_energy,dEad/dNi
-1.67589435256771,-1.90201798089523,-1.67592790478846,-0.226090076106763,-1.90201798089523
-1.19953946070002,-1.42566308902754,-1.19956208594298,-0.226101003084561,-1.42566308902754
-0.727797484338535,-0.953921112666055,-0.728759162781801,-0.225161949884253,-0.953921112666055
-0.305797954712147,-0.531921583039666,-0.305823939199019,-0.226097643840647,-0.531921583039666
