Total_energy,Adsorption_energy,Rigid_adsorption_energy,Deformation_energy,dEad/dNi
-1.66316467866284,-1.88928830699036,-1.663214700619,-0.226073606371356,-1.88928830699036
-1.21551091321438,-1.4416345415419,-1.21556367917941,-0.226070862362494,-1.4416345415419
-0.621757138872821,-0.84788076720034,-0.621770231305422,-0.226110535894917,-0.84788076720034
