Total_energy,Adsorption_energy,Rigid_adsorption_energy,Deformation_energy,dEad/dNi
-1.6778021014816,-1.90392572980912,-1.67790996066837,-0.226015769140751,-1.90392572980912
-1.16418650478923,-1.39031013311675,-1.16423863499035,-0.226071498126404,-1.39031013311675
-0.856125253260957,-1.08224888158848,-0.856131059980742,-0.226117821607735,-1.08224888158848
-0.534196991701104,-0.760320620028624,-0.534206768393861,-0.226113851634762,-0.760320620028624
