Total_energy,Adsorption_energy,Rigid_adsorption_energy,Deformation_energy,dEad/dNi
-1.67117505742127,-1.89729868574879,-1.67120405103077,-0.226094634718023,-1.89729868574879
-1.21738524301865,-1.44350887134617,-1.2174070854163,-0.226101785929871,-1.44350887134617
-0.969107169648375,-1.19523079797589,-0.969119951284975,-0.226110846690918,-1.19523079797589
-0.533932613806319,-0.760056242133838,-0.533934457450547,-0.226121784683291,-0.760056242133838
