Total_energy,Adsorption_energy,Rigid_adsorption_energy,Deformation_energy,dEad/dNi
-1.67035360755148,-1.896477235879,-1.67037830748066,-0.226098928398338,-1.896477235879
-1.20312262646468,-1.4292462547922,-1.20314662286821,-0.226099631923995,-1.4292462547922
-0.880331590979727,-1.10645521930725,-0.880343694196202,-0.226111525111043,-1.10645521930725
-0.358360725389474,-0.584484353716993,-0.358417297192473,-0.22606705652452,-0.584484353716993
