Total_energy,Adsorption_energy,Rigid_adsorption_energy,Deformation_energy,dEad/dNi
-1.67529474159089,-1.90141836991841,-1.67531119521045,-0.22610717470796,-1.90141836991841
-1.27102263547678,-1.4971462638043,-1.27103357673565,-0.226112687068653,-1.4971462638043
-0.816939102003265,-1.04306273033078,-0.816947307612817,-0.226115422717966,-1.04306273033078
-0.251497091620321,-0.47762071994784,-0.251560496713516,-0.226060223234324,-0.47762071994784
