Total_energy,Adsorption_energy,Rigid_adsorption_energy,Deformation_energy,dEad/dNi
-1.66439417075757,-1.89051779908509,-1.66447053526744,-0.226047263817647,-1.89051779908509
-1.00078994076313,-1.22691356909065,-1.00079134638492,-0.226122222705732,-1.22691356909065
-0.602555675073115,-0.828679303400634,-0.602576206308504,-0.226103097092131,-0.828679303400634
