Total_energy,Adsorption_energy,Rigid_adsorption_energy,Deformation_energy,dEad/dNi
-1.68410983106201,-1.91023345938952,-1.68411221953861,-0.226121239850912,-1.91023345938952
-1.20458847639501,-1.43071210472253,-1.20459660023428,-0.226115504488251,-1.43071210472253
-0.534842676268174,-0.760966304595693,-0.534864497268112,-0.226101807327581,-0.760966304595693
