Total_energy,Adsorption_energy,Rigid_adsorption_energy,Deformation_energy,dEad/dNi
-1.66663720459184,-1.89276083291936,-1.66664090749884,-0.226119925420526,-1.89276083291936
-1.11231068773569,-1.33843431606321,-1.11233170144141,-0.2261026146218,-1.33843431606321
-0.50741703500178,-0.733540663329299,-0.507440958609021,-0.226099704720278,-0.733540663329299
