Total_energy,Adsorption_energy,Rigid_adsorption_energy,Deformation_energy,dEad/dNi
-1.65324043735999,-1.87936406568751,-1.65326185335739,-0.226102212330121,-1.87936406568751
-1.08821438408561,-1.31433801241313,-1.08822767529066,-0.22611033712247,-1.31433801241313
-0.514498409679756,-0.740622038007275,-0.514530880698999,-0.226091157308276,-0.740622038007275
