Total_energy,Adsorption_energy,Rigid_adsorption_energy,Deformation_energy,dEad/dNi
-1.67158605039071,-1.89770967871823,-1.67162415178267,-0.226085526935555,-1.89770967871823
-1.21624701970688,-1.4423706480344,-1.21629258064153,-0.226078067392872,-1.4423706480344
-0.270984661577536,-0.497108289905055,-0.271029666261045,-0.22607862364401,-0.497108289905055
