Total_energy,Adsorption_energy,Rigid_adsorption_energy,Deformation_energy,dEad/dNi
-1.68827015862693,-1.91439378695445,-1.68830665162604,-0.226087135328411,-1.91439378695445
-1.28150769048934,-1.50763131881686,-1.28155619397869,-0.226075124838169,-1.50763131881686
-0.67377668072779,-0.899900309055309,-0.673817788204107,-0.226082520851202,-0.899900309055309
