Total_energy,Adsorption_energy,Rigid_adsorption_energy,Deformation_energy,dEad/dNi
-1.63175234549918,-1.8578759738267,-1.63178100760212,-0.226094966224585,-1.8578759738267
-1.14266954977666,-1.36879317810418,-1.14270288804379,-0.226090290060393,-1.36879317810418
-0.71833709502921,-0.944460723356729,-0.71835264693737,-0.226108076419359,-0.944460723356729
-0.212514608416935,-0.438638236744454,-0.212525125538548,-0.226113111205906,-0.438638236744454
