Total_energy,Adsorption_energy,Rigid_adsorption_energy,Deformation_energy,dEad/dNi
-1.67037531893855,-1.89649894726607,-1.67040806640154,-0.226090880864533,-1.89649894726607
-1.10469897022749,-1.33082259855501,-1.10475880136456,-0.226063797190441,-1.33082259855501
-0.509225533524189,-0.735349161851708,-0.509233153638614,-0.226116008213094,-0.735349161851708
