Total_energy,Adsorption_energy,Rigid_adsorption_energy,Deformation_energy,dEad/dNi
-1.65947364914088,-1.8855972774684,-1.65951048012437,-0.226086797344035,-1.8855972774684
-1.19425444100512,-1.42037806933264,-1.1942770904044,-0.226100978928238,-1.42037806933264
-0.596643908700355,-0.822767537027874,-0.596655317848105,-0.226112219179769,-0.822767537027874
-0.244404565073651,-0.47052819340117,-0.24450907886752,-0.22601911453365,-0.47052819340117
