Total_energy,Adsorption_energy,Rigid_adsorption_energy,Deformation_energy,dEad/dNi
-1.64577239190819,-1.87189602023571,-1.64579547770441,-0.226100542531303,-1.87189602023571
-1.17174918454664,-1.39787281287416,-1.17176174048021,-0.22611107239395,-1.39787281287416
-0.798730805678651,-1.02485443400617,-0.798737025782952,-0.226117408223218,-1.02485443400617
-0.220549728568698,-0.446673356896217,-0.220573269547121,-0.226100087349096,-0.446673356896217
