Total_energy,Adsorption_energy,Rigid_adsorption_energy,Deformation_energy,dEad/dNi
-1.67391308972026,-1.90003671804778,-1.67393899159379,-0.226097726453988,-1.90003671804778
-1.16382970596444,-1.38995333429196,-1.16385243213516,-0.226100902156802,-1.38995333429196
-0.674785114431853,-0.900908742759372,-0.674797541436016,-0.226111201323356,-0.900908742759372
