Total_energy,Adsorption_energy,Rigid_adsorption_energy,Deformation_energy,dEad/dNi
-1.65250425939292,-1.87862788772044,-1.6525327762592,-0.226095111461235,-1.87862788772044
-1.1905772326324,-1.41670086095992,-1.19060021261033,-0.226100648349587,-1.41670086095992
-0.493294816851166,-0.719418445178685,-0.493329052165113,-0.226089393013572,-0.719418445178685
