Total_energy,Adsorption_energy,Rigid_adsorption_energy,Deformation_energy,dEad/dNi
-1.66075190539863,-1.88687553372615,-1.66078120079764,-0.226094332928513,-1.88687553372615
-1.14530655662618,-1.3714301849537,-1.14534986821327,-0.226080316740433,-1.3714301849537
-0.371854911986546,-0.597978540314065,-0.371906024030795,-0.22607251628327,-0.597978540314065
