Total_energy,Adsorption_energy,Rigid_adsorption_energy,Deformation_energy,dEad/dNi
-1.66256218338848,-1.888685811716,-1.66256987180102,-0.226115939914975,-1.888685811716
-1.19319227531673,-1.41931590364425,-1.19324730688585,-0.226068596758401,-1.41931590364425
-0.708213509732843,-0.934337138060363,-0.708221031019195,-0.226116107041168,-0.934337138060363
-0.252911817087056,-0.479035445414575,-0.25292438325137,-0.226111062163205,-0.479035445414575
