Total_energy,Adsorption_energy,Rigid_adsorption_energy,Deformation_energy,dEad/dNi
-1.68478570660515,-1.91090933493267,-1.68478670384262,-0.226122631090054,-1.91090933493267
-0.898218689890598,-1.12434231821812,-0.89822917491509,-0.226113143303027,-1.12434231821812
-0.26878384437104,-0.494907472698559,-0.268802658560935,-0.226104814137624,-0.494907472698559
