Total_energy,Adsorption_energy,Rigid_adsorption_energy,Deformation_energy,dEad/dNi
-1.66694044244333,-1.89306407077085,-1.66698239168476,-0.226081679086096,-1.89306407077085
-1.1867963992628,-1.41292002759032,-1.18686864014516,-0.226051387445165,-1.41292002759032
-0.615283264106785,-0.841406892434304,-0.615296681431167,-0.226110211003137,-0.841406892434304
