Total_energy,Adsorption_energy,Rigid_adsorption_energy,Deformation_energy,dEad/dNi
-1.67226395482489,-1.89838758315241,-1.67227244344737,-0.226115139705041,-1.89838758315241
-1.18303993827755,-1.40916356660507,-1.18305011814148,-0.226113448463597,-1.40916356660507
-0.583885168679786,-0.810008797007305,-0.583895721409224,-0.226113075598081,-0.810008797007305
-0.235479095399647,-0.461602723727166,-0.23550036719248,-0.226102356534685,-0.461602723727166
