Total_energy,Adsorption_energy,Rigid_adsorption_energy,Deformation_energy,dEad/dNi
-1.68615518345329,-1.91227881178081,-1.68616832567658,-0.226110486104232,-1.91227881178081
-1.18053651224045,-1.40666014056797,-1.18061117898298,-0.226048961584997,-1.40666014056797
-0.755562274326529,-0.981685902654048,-0.755580181503517,-0.226105721150531,-0.981685902654048
-0.250261047041476,-0.476384675368995,-0.250277644216893,-0.226107031152102,-0.476384675368995
