Total_energy,Adsorption_energy,Rigid_adsorption_energy,Deformation_energy,dEad/dNi
-1.67001750351484,-1.89614113184236,-1.67003496044686,-0.226106171395496,-1.89614113184236
-1.26563731723038,-1.4917609455579,-1.2656526639284,-0.226108281629501,-1.4917609455579
-0.797900315602809,-1.02402394393033,-0.797936018442212,-0.226087925488116,-1.02402394393033
