Total_energy,Adsorption_energy,Rigid_adsorption_energy,Deformation_energy,dEad/dNi
-1.67995247044247,-1.90607609876999,-1.67995674774465,-0.226119351025335,-1.90607609876999
-1.23814208958451,-1.46426571791203,-1.23817132469467,-0.226094393217359,-1.46426571791203
-0.736780813535499,-0.962904441863018,-0.73679412218498,-0.226110319678038,-0.962904441863018
-0.240391081505541,-0.46651470983306,-0.240410246569684,-0.226104463263376,-0.46651470983306
