Total_energy,Adsorption_energy,Rigid_adsorption_energy,Deformation_energy,dEad/dNi
-1.6320094125709,-1.85813304089841,-1.63205648078927,-0.226076560109146,-1.85813304089841
-1.11063835933281,-1.33676198766033,-1.11065781785641,-0.226104169803925,-1.33676198766033
-0.641041825154633,-0.867165453482152,-0.641048441496993,-0.226117011985159,-0.867165453482152
-0.212468801765296,-0.438592430092815,-0.212492288097088,-0.226100141995727,-0.438592430092815
