Total_energy,Adsorption_energy,Rigid_adsorption_energy,Deformation_energy,dEad/dNi
-1.68092318264836,-1.90704681097588,-1.68097649757615,-0.226070313399729,-1.90704681097588
-1.26713125935017,-1.49325488767769,-1.26717667028112,-0.226078217396569,-1.49325488767769
-0.74019897069136,-0.966322599018879,-0.740205380194944,-0.226117218823935,-0.966322599018879
