Total_energy,Adsorption_energy,Rigid_adsorption_energy,Deformation_energy,dEad/dNi
-1.63510406480452,-1.86122769313204,-1.63511820291832,-0.226109490213715,-1.86122769313204
-1.22371663820584,-1.44984026653336,-1.22377663161431,-0.22606363491905,-1.44984026653336
-0.611465830761223,-0.837589459088742,-0.611470479795507,-0.226118979293235,-0.837589459088742
