Total_energy,Adsorption_energy,Rigid_adsorption_energy,Deformation_energy,dEad/dNi
-1.66948675818453,-1.89561038651205,-1.6695001760405,-0.226110210471549,-1.89561038651205
-1.22013274739354,-1.44625637572106,-1.22014186763781,-0.226114508083249,-1.44625637572106
-0.795403382690391,-1.02152701101791,-0.795418481115902,-0.226108529902008,-1.02152701101791
