Total_energy,Adsorption_energy,Rigid_adsorption_energy,Deformation_energy,dEad/dNi
-1.68020223351946,-1.90632586184698,-1.68020543731799,-0.226120424528998,-1.90632586184698
-1.23613120352044,-1.46225483184795,-1.23614752109859,-0.226107310749367,-1.46225483184795
-0.766441330604657,-0.992564958932176,-0.766532155128664,-0.226032803803512,-0.992564958932176
