Total_energy,Adsorption_energy,Rigid_adsorption_energy,Deformation_energy,dEad/dNi
-1.67953600903425,-1.90565963736177,-1.67956416944255,-0.22609546791922,-1.90565963736177
-1.19754435538345,-1.42366798371097,-1.19755902410929,-0.226108959601678,-1.42366798371097
-0.776922972162886,-1.00304660049041,-0.776928293970517,-0.226118306519888,-1.00304660049041
