Total_energy,Adsorption_energy,Rigid_adsorption_energy,Deformation_energy,dEad/dNi
-1.69394243342723,-1.92006606175474,-1.69395067331586,-0.226115388438884,-1.92006606175474
-1.09567838152023,-1.32180200984775,-1.09567911023559,-0.226122899612163,-1.32180200984775
-0.660338085253906,-0.886461713581425,-0.660344731997626,-0.226116981583799,-0.886461713581425
