Total_energy,Adsorption_energy,Rigid_adsorption_energy,Deformation_energy,dEad/dNi
-1.67839633431,-1.90451996263752,-1.6784380781651,-0.226081884472428,-1.90451996263752
-1.1894967577593,-1.41562038608682,-1.18952760425775,-0.226092781829074,-1.41562038608682
-0.602117666592787,-0.828241294920306,-0.602126090073137,-0.226115204847169,-0.828241294920306
-0.254405706803064,-0.480529335130583,-0.254430030647312,-0.226099304483271,-0.480529335130583
