Total_energy,Adsorption_energy,Rigid_adsorption_energy,Deformation_energy,dEad/dNi
-1.69628285728382,-1.92240648561134,-1.69628889516605,-0.226117590445283,-1.92240648561134
-1.05731435225611,-1.28343798058363,-1.05731988080911,-0.226118099774517,-1.28343798058363
-0.8361025291646,-1.06222615749212,-0.836126233519123,-0.226099923972997,-1.06222615749212
-0.268750364252916,-0.494873992580436,-0.268759852999236,-0.226114139581199,-0.494873992580436
