Total_energy,Adsorption_energy,Rigid_adsorption_energy,Deformation_energy,dEad/dNi
-1.69371858912303,-1.91984221745055,-1.69372725120757,-0.226114966242977,-1.91984221745055
-1.08319353122646,-1.30931715955398,-1.0832329732604,-0.226084186293582,-1.30931715955398
-0.806160485643866,-1.03228411397139,-0.806198759281775,-0.22608535468961,-1.03228411397139
-0.232899667657068,-0.459023295984588,-0.232916342067256,-0.226106953917331,-0.459023295984588
