Total_energy,Adsorption_energy,Rigid_adsorption_energy,Deformation_energy,dEad/dNi
-1.70473242355132,-1.93085605187884,-1.70473864246015,-0.226117409418689,-1.93085605187884
-1.171590779704,-1.39771440803152,-1.17165424926596,-0.226060158765559,-1.39771440803152
-0.935571210575176,-1.16169483890269,-0.935590653063926,-0.226104185838769,-1.16169483890269
-0.273006480680454,-0.499130109007973,-0.273049581402257,-0.226080527605716,-0.499130109007973
