Total_energy,Adsorption_energy,Rigid_adsorption_energy,Deformation_energy,dEad/dNi
-1.68605123612477,-1.91217486445229,-1.6861791720639,-0.225995692388392,-1.91217486445229
-1.25205141892237,-1.47817504724989,-1.25206532285089,-0.226109724399005,-1.47817504724989
-0.631026404312216,-0.857150032639735,-0.63103596735695,-0.226114065282786,-0.857150032639735
