Total_energy,Adsorption_energy,Rigid_adsorption_energy,Deformation_energy,dEad/dNi
-1.69303670769954,-1.91916033602706,-1.69308963079385,-0.226070705233208,-1.91916033602706
-1.09526450616728,-1.3213881344948,-1.09527718001428,-0.226110954480516,-1.3213881344948
-0.924753291023021,-1.15087691935054,-0.924772962857571,-0.226103956492968,-1.15087691935054
-0.780372288578171,-1.00649591690569,-0.78042642361653,-0.22606949328916,-1.00649591690569
-0.225020609113053,-0.451144237440572,-0.225029760248584,-0.226114477191988,-0.451144237440572
