Total_energy,Adsorption_energy,Rigid_adsorption_energy,Deformation_energy,dEad/dNi
-1.68268888095091,-1.90881250927842,-1.68272264024141,-0.226089869037016,-1.90881250927842
-1.20943801679486,-1.43556164512237,-1.20946085493896,-0.226100790183416,-1.43556164512237
-0.665654296690074,-0.891777925017593,-0.66566991578221,-0.226108009235383,-0.891777925017593
