Total_energy,Adsorption_energy,Rigid_adsorption_energy,Deformation_energy,dEad/dNi
-1.67989314194947,-1.90601677027699,-1.67989549045707,-0.226121279819921,-1.90601677027699
-1.17293382585634,-1.39905745418386,-1.17293719283011,-0.226120261353752,-1.39905745418386
-0.23334966595915,-0.459473294286669,-0.233368463833953,-0.226104830452716,-0.459473294286669
