Total_energy,Adsorption_energy,Rigid_adsorption_energy,Deformation_energy,dEad/dNi
-1.69525462220051,-1.92137825052803,-1.69528455559491,-0.226093694933113,-1.92137825052803
-1.25642710965208,-1.4825507379796,-1.25643936109796,-0.226111376881641,-1.4825507379796
-0.753545313283543,-0.979668941611062,-0.753550824970976,-0.226118116640087,-0.979668941611062
-0.242007109626018,-0.468130737953537,-0.242026591043444,-0.226104146910094,-0.468130737953537
