Total_energy,Adsorption_energy,Rigid_adsorption_energy,Deformation_energy,dEad/dNi
-1.6944109497435,-1.92053457807102,-1.69442623380364,-0.226108344267382,-1.92053457807102
-1.24983661980239,-1.47596024812991,-1.24987165273353,-0.226088595396379,-1.47596024812991
-0.747414666617792,-0.973538294945311,-0.747428477760022,-0.226109817185289,-0.973538294945311
-0.215305092348577,-0.441428720676096,-0.215312353934642,-0.226116366741454,-0.441428720676096
