Total_energy,Adsorption_energy,Rigid_adsorption_energy,Deformation_energy,dEad/dNi
-1.68298642797959,-1.90911005630711,-1.68299082750165,-0.22611922880546,-1.90911005630711
-1.23265940758247,-1.45878303590999,-1.23267684705086,-0.226106188859124,-1.45878303590999
-0.779149948917677,-1.0052735772452,-0.77919586093264,-0.226077716312556,-1.0052735772452
-0.238253717595876,-0.464377345923396,-0.238259823331377,-0.226117522592018,-0.464377345923396
