Total_energy,Adsorption_energy,Rigid_adsorption_energy,Deformation_energy,dEad/dNi
-1.70094016279868,-1.9270637911262,-1.70097107274993,-0.226092718376272,-1.9270637911262
-1.19378819493117,-1.41991182325869,-1.1938185008274,-0.226093322431286,-1.41991182325869
-0.242692099765439,-0.468815728092958,-0.24270791786914,-0.226107810223818,-0.468815728092958
