Total_energy,Adsorption_energy,Rigid_adsorption_energy,Deformation_energy,dEad/dNi
-1.68309702017061,-1.90922064849813,-1.68309884803981,-0.226121800458321,-1.90922064849813
-1.23462956294132,-1.46075319126884,-1.23464219915795,-0.226110992110887,-1.46075319126884
-0.726140310840995,-0.952263939168514,-0.726157372265891,-0.226106566902623,-0.952263939168514
