Total_energy,Adsorption_energy,Rigid_adsorption_energy,Deformation_energy,dEad/dNi
-1.6897855549264,-1.91590918325392,-1.68982154355729,-0.226087639696627,-1.91590918325392
-1.2633803809128,-1.48950400924032,-1.2633948235445,-0.226109185695821,-1.48950400924032
-0.81062012762494,-1.03674375595246,-0.810623977120926,-0.226119778831533,-1.03674375595246
-0.307320584438634,-0.533444212766153,-0.307325355878959,-0.226118856887194,-0.533444212766153
