Total_energy,Adsorption_energy,Rigid_adsorption_energy,Deformation_energy,dEad/dNi
-1.69805348368097,-1.92417711200848,-1.69805871553391,-0.226118396474573,-1.92417711200848
-1.251960368001,-1.47808399632852,-1.25198840135256,-0.226095594975963,-1.47808399632852
-0.235670070549251,-0.461793698876771,-0.235696721473057,-0.226096977403714,-0.461793698876771
