Total_energy,Adsorption_energy,Rigid_adsorption_energy,Deformation_energy,dEad/dNi
-1.68061544894358,-1.9067390772711,-1.6806610683508,-0.226078008920301,-1.9067390772711
-1.19649854969661,-1.42262217802413,-1.19650782461358,-0.226114353410556,-1.42262217802413
-0.917230768582957,-1.14335439691048,-0.917295947328093,-0.226058449582383,-1.14335439691048
