Total_energy,Adsorption_energy,Rigid_adsorption_energy,Deformation_energy,dEad/dNi
-1.68226874139387,-1.90839236972139,-1.6822988377846,-0.226093531936794,-1.90839236972139
-1.20490724675951,-1.43103087508703,-1.204933997871,-0.226096877216036,-1.43103087508703
-0.820120810200624,-1.04624443852814,-0.820125880660774,-0.226118557867369,-1.04624443852814
-0.261660397660806,-0.487784025988325,-0.261694660505083,-0.226089365483241,-0.487784025988325
