Total_energy,Adsorption_energy,Rigid_adsorption_energy,Deformation_energy,dEad/dNi
-1.68508253187966,-1.91120616020718,-1.68511154151885,-0.226094618688335,-1.91120616020718
-1.10888489664296,-1.33500852497048,-1.10891818332901,-0.22609034164147,-1.33500852497048
-0.623120517684374,-0.849244146011893,-0.623234410970398,-0.226009735041495,-0.849244146011893
