Total_energy,Adsorption_energy,Rigid_adsorption_energy,Deformation_energy,dEad/dNi
-1.69372120951891,-1.91984483784643,-1.6937776177871,-0.226067220059331,-1.91984483784643
-1.16605550682102,-1.39217913514854,-1.16611783692586,-0.226061298222677,-1.39217913514854
-0.705958264221941,-0.93208189254946,-0.70596964006372,-0.226112252485739,-0.93208189254946
-0.313522235099242,-0.539645863426761,-0.313535556630446,-0.226110306796315,-0.539645863426761
