Total_energy,Adsorption_energy,Rigid_adsorption_energy,Deformation_energy,dEad/dNi
-1.68450831712797,-1.91063194545549,-1.68451111460049,-0.226120830855004,-1.91063194545549
-1.22927857393167,-1.45540220225919,-1.22932444462389,-0.2260777576353,-1.45540220225919
-0.939567562265231,-1.16569119059275,-0.939578081838238,-0.226113108754512,-1.16569119059275
-0.255500524178111,-0.481624152505631,-0.255540677403942,-0.226083475101689,-0.481624152505631
