Total_energy,Adsorption_energy,Rigid_adsorption_energy,Deformation_energy,dEad/dNi
-1.68010836822871,-1.90623199655623,-1.68015641091497,-0.226075585641265,-1.90623199655623
-1.18280484470246,-1.40892847302998,-1.18281624858718,-0.2261122244428,-1.40892847302998
-0.615468735557164,-0.841592363884683,-0.615506220254901,-0.226086143629781,-0.841592363884683
-0.221814231275339,-0.447937859602858,-0.221815235854943,-0.226122623747915,-0.447937859602858
