Total_energy,Adsorption_energy,Rigid_adsorption_energy,Deformation_energy,dEad/dNi
-1.67891333526165,-1.90503696358917,-1.67891652904469,-0.226120434544486,-1.90503696358917
-1.17564728875588,-1.4017709170834,-1.17566894660951,-0.226101970473889,-1.4017709170834
-0.554690047565252,-0.780813675892771,-0.5547103180656,-0.226103357827171,-0.780813675892771
