Total_energy,Adsorption_energy,Rigid_adsorption_energy,Deformation_energy,dEad/dNi
-1.6815829962817,-1.90770662460922,-1.68158677650633,-0.226119848102892,-1.90770662460922
-1.24747471554507,-1.47359834387259,-1.24748114897892,-0.226117194893674,-1.47359834387259
-0.823616460235678,-1.0497400885632,-0.823638318575667,-0.22610176998753,-1.0497400885632
-0.307170299494894,-0.533293927822413,-0.30723598066153,-0.226057947160884,-0.533293927822413
