Total_energy,Adsorption_energy,Rigid_adsorption_energy,Deformation_energy,dEad/dNi
-1.69836942061502,-1.92449304894254,-1.69841341477878,-0.226079634163759,-1.92449304894254
-1.19092882517182,-1.41705245349934,-1.19094406268238,-0.226108390816958,-1.41705245349934
-0.853511486424853,-1.07963511475237,-0.853600177660185,-0.226034937092188,-1.07963511475237
-0.530522249586385,-0.756645877913905,-0.530564558984223,-0.226081318929681,-0.756645877913905
