Total_energy,Adsorption_energy,Rigid_adsorption_energy,Deformation_energy,dEad/dNi
-1.67838537221854,-1.90450900054606,-1.67841299985797,-0.226096000688098,-1.90450900054606
-1.23086231568679,-1.45698594401431,-1.23090412189242,-0.226081822121889,-1.45698594401431
-0.706062615404774,-0.932186243732293,-0.706071282370668,-0.226114961361626,-0.932186243732293
