Total_energy,Adsorption_energy,Rigid_adsorption_energy,Deformation_energy,dEad/dNi
-1.68591779090723,-1.91204141923475,-1.68595865569286,-0.226082763541894,-1.91204141923475
-1.20092715588656,-1.42705078421407,-1.20094066497403,-0.226110119240046,-1.42705078421407
-0.885011741470255,-1.11113536979777,-0.885058735828383,-0.226076633969392,-1.11113536979777
-0.429637452603054,-0.655761080930573,-0.429663046031499,-0.226098034899075,-0.655761080930573
