Total_energy,Adsorption_energy,Rigid_adsorption_energy,Deformation_energy,dEad/dNi
-1.67912559556482,-1.90524922389234,-1.6791604071873,-0.226088816705044,-1.90524922389234
-0.988541026526942,-1.21466465485446,-0.988567137531593,-0.226097517322869,-1.21466465485446
-0.554408785801372,-0.780532414128892,-0.554422431827638,-0.226109982301253,-0.780532414128892
