Total_energy,Adsorption_energy,Rigid_adsorption_energy,Deformation_energy,dEad/dNi
-1.67291798847965,-1.89904161680717,-1.67292908057377,-0.226112536233395,-1.89904161680717
-1.17094265980105,-1.39706628812857,-1.17096978079382,-0.226096507334751,-1.39706628812857
-0.833646958828665,-1.05977058715618,-0.833658160558569,-0.226112426597616,-1.05977058715618
-0.207446448158286,-0.433570076485805,-0.207508261987416,-0.226061814498388,-0.433570076485805
