Total_energy,Adsorption_energy,Rigid_adsorption_energy,Deformation_energy,dEad/dNi
-1.6858883271766,-1.91201195550412,-1.68593633913058,-0.226075616373542,-1.91201195550412
-1.20111290433121,-1.42723653265873,-1.20111874461125,-0.226117788047482,-1.42723653265873
-0.664521374189541,-0.890645002517061,-0.664584719020137,-0.226060283496923,-0.890645002517061
