Total_energy,Adsorption_energy,Rigid_adsorption_energy,Deformation_energy,dEad/dNi
-1.68010708017741,-1.90623070850493,-1.68011002693689,-0.226120681568034,-1.90623070850493
-1.18457149266234,-1.41069512098986,-1.1845754189038,-0.22611970208606,-1.41069512098986
-0.759740624082379,-0.985864252409898,-0.759749873371278,-0.22611437903862,-0.985864252409898
-0.189757519388807,-0.415881147716327,-0.189772090634107,-0.22610905708222,-0.415881147716327
