Total_energy,Adsorption_energy,Rigid_adsorption_energy,Deformation_energy,dEad/dNi
-1.69492995571021,-1.92105358403773,-1.69494388294569,-0.226109701092045,-1.92105358403773
-1.11321383778677,-1.33933746611429,-1.1132291395067,-0.226108326607589,-1.33933746611429
-0.550577911467505,-0.776701539795024,-0.550583177438055,-0.226118362356969,-0.776701539795024
