Total_energy,Adsorption_energy,Rigid_adsorption_energy,Deformation_energy,dEad/dNi
-1.67754102279772,-1.90366465112524,-1.67768869628791,-0.225975954837329,-1.90366465112524
-1.19838735191579,-1.42451098024331,-1.19841624946946,-0.226094730773847,-1.42451098024331
-0.681703130762111,-0.90782675908963,-0.681807043756275,-0.226019715333355,-0.90782675908963
