Total_energy,Adsorption_energy,Rigid_adsorption_energy,Deformation_energy,dEad/dNi
-1.66915731890143,-1.89528094722895,-1.66929163779029,-0.225989309438663,-1.89528094722895
-1.14035771996129,-1.36648134828881,-1.14036530396314,-0.226116044325666,-1.36648134828881
-0.700082555542882,-0.926206183870401,-0.700092845806003,-0.226113338064398,-0.926206183870401
-0.250686944453625,-0.476810572781144,-0.250691205460706,-0.226119367320438,-0.476810572781144
