Total_energy,Adsorption_energy,Rigid_adsorption_energy,Deformation_energy,dEad/dNi
-1.68008040244088,-1.9062040307684,-1.68010819936475,-0.226095831403658,-1.9062040307684
-1.13098800135497,-1.35711162968249,-1.1310360185008,-0.226075611181696,-1.35711162968249
-0.756695387241036,-0.982819015568555,-0.756721494087887,-0.226097521480669,-0.982819015568555
-0.240249903243759,-0.466373531571278,-0.240261592901899,-0.226111938669378,-0.466373531571278
