Total_energy,Adsorption_energy,Rigid_adsorption_energy,Deformation_energy,dEad/dNi
-1.68957670167959,-1.9157003300071,-1.68962107703749,-0.226079252969612,-1.9157003300071
-1.10006441140433,-1.32618803973185,-1.10008919304781,-0.226098846684036,-1.32618803973185
-0.838354516141368,-1.06447814446889,-0.838396351693433,-0.226081792775454,-1.06447814446889
-0.266346926380595,-0.492470554708114,-0.266367918634572,-0.226102636073542,-0.492470554708114
