Total_energy,Adsorption_energy,Rigid_adsorption_energy,Deformation_energy,dEad/dNi
-1.68724318556308,-1.9133668138906,-1.6872954627164,-0.226071351174202,-1.9133668138906
-1.19618090735539,-1.42230453568291,-1.19620277801212,-0.226101757670784,-1.42230453568291
-0.244692209083361,-0.47081583741088,-0.244702245130444,-0.226113592280437,-0.47081583741088
