Total_energy,Adsorption_energy,Rigid_adsorption_energy,Deformation_energy,dEad/dNi
-1.68585645866331,-1.91198008699083,-1.68590041936595,-0.226079667624888,-1.91198008699083
-1.25318047703314,-1.47930410536066,-1.25318571154127,-0.226118393819392,-1.47930410536066
-0.957649568556417,-1.18377319688394,-0.957651651248002,-0.226121545635934,-1.18377319688394
-0.205782749228983,-0.431906377556502,-0.205809466100698,-0.226096911455804,-0.431906377556502
