Total_energy,Adsorption_energy,Rigid_adsorption_energy,Deformation_energy,dEad/dNi
-1.68246719808603,-1.90859082641355,-1.68247183082192,-0.226118995591636,-1.90859082641355
-1.23312965256717,-1.45925328089469,-1.2331487218091,-0.226104559085586,-1.45925328089469
-0.875051535712071,-1.10117516403959,-0.875072263015632,-0.226102901023959,-1.10117516403959
-0.568090000410822,-0.794213628738341,-0.568118425605814,-0.226095203132527,-0.794213628738341
