Total_energy,Adsorption_energy,Rigid_adsorption_energy,Deformation_energy,dEad/dNi
-1.68545459589946,-1.91157822422698,-1.68545634548081,-0.226121878746171,-1.91157822422698
-1.17126018436209,-1.39738381268961,-1.17126385587411,-0.226119956815502,-1.39738381268961
-0.829400333288573,-1.05552396161609,-0.829439498530021,-0.226084463086071,-1.05552396161609
-0.615653358090785,-0.841776986418304,-0.615663413786842,-0.226113572631462,-0.841776986418304
