Total_energy,Adsorption_energy,Rigid_adsorption_energy,Deformation_energy,dEad/dNi
-1.6853004904406,-1.91142411876812,-1.6853494704651,-0.226074648303023,-1.91142411876812
-1.07543822318594,-1.30156185151346,-1.07545038846248,-0.226111463050977,-1.30156185151346
-0.274291742883702,-0.500415371211221,-0.274301901962997,-0.226113469248224,-0.500415371211221
