Total_energy,Adsorption_energy,Rigid_adsorption_energy,Deformation_energy,dEad/dNi
-1.6933085197261,-1.91943214805362,-1.69333339717573,-0.226098750877893,-1.91943214805362
-1.14792593409612,-1.37404956242364,-1.14796370086916,-0.226085861554474,-1.37404956242364
-0.56090226607795,-0.787025894405469,-0.560936412363588,-0.226089482041881,-0.787025894405469
