Total_energy,Adsorption_energy,Rigid_adsorption_energy,Deformation_energy,dEad/dNi
-1.68209396521444,-1.90821759354196,-1.68209709947656,-0.226120494065397,-1.90821759354196
-1.19052514137961,-1.41664876970713,-1.19060025349284,-0.226048516214295,-1.41664876970713
-0.80840862045213,-1.03453224877965,-0.808434674156421,-0.226097574623228,-1.03453224877965
-0.250903268228662,-0.477026896556182,-0.250930137626896,-0.226096758929285,-0.477026896556182
