Total_energy,Adsorption_energy,Rigid_adsorption_energy,Deformation_energy,dEad/dNi
-1.68996537402865,-1.91608900235617,-1.68997086197198,-0.226118140384183,-1.91608900235617
-1.13964489600728,-1.3657685243348,-1.1396487318997,-0.226119792435098,-1.3657685243348
-0.814500240275374,-1.04062386860289,-0.814552066106499,-0.226071802496395,-1.04062386860289
-0.235550947067848,-0.461674575395367,-0.235570639542906,-0.226103935852461,-0.461674575395367
