Total_energy,Adsorption_energy,Rigid_adsorption_energy,Deformation_energy,dEad/dNi
-1.70767868491523,-1.93380231324274,-1.70768265265002,-0.226119660592726,-1.93380231324274
-1.25549466309962,-1.48161829142714,-1.25560217609024,-0.226016115336893,-1.48161829142714
-0.528427159316033,-0.754550787643553,-0.528441976809306,-0.226108810834246,-0.754550787643553
