Total_energy,Adsorption_energy,Rigid_adsorption_energy,Deformation_energy,dEad/dNi
-1.69328101227515,-1.91940464060267,-1.69329811583906,-0.226106524763611,-1.91940464060267
-1.17420567984412,-1.40032930817164,-1.17422660075355,-0.226102707418085,-1.40032930817164
-0.736909281895762,-0.963032910223281,-0.736918890462945,-0.226114019760336,-0.963032910223281
-0.26219344751319,-0.488317075840709,-0.262203870940021,-0.226113204900688,-0.488317075840709
