Total_energy,Adsorption_energy,Rigid_adsorption_energy,Deformation_energy,dEad/dNi
-1.68298862349855,-1.90911225182607,-1.68300343912772,-0.226108812698356,-1.90911225182607
-1.19364356187601,-1.41976719020353,-1.19365392750859,-0.226113262694943,-1.41976719020353
-0.705238115289424,-0.931361743616944,-0.705245316616614,-0.226116427000329,-0.931361743616944
