Total_energy,Adsorption_energy,Rigid_adsorption_energy,Deformation_energy,dEad/dNi
-1.68442681013381,-1.91055043846133,-1.68443540885097,-0.226115029610359,-1.91055043846133
-1.17376680296021,-1.39989043128772,-1.17380450197934,-0.226085929308384,-1.39989043128772
-0.899868495491233,-1.12599212381875,-0.899895768918842,-0.22609635489991,-1.12599212381875
-0.261103609413453,-0.487227237740972,-0.261121076202016,-0.226106161538956,-0.487227237740972
