Total_energy,Adsorption_energy,Rigid_adsorption_energy,Deformation_energy,dEad/dNi
-1.69886283396445,-1.92498646229197,-1.69888969881068,-0.226096763481292,-1.92498646229197
-1.28442273397,-1.51054636229752,-1.28442548607127,-0.226120876226258,-1.51054636229752
-0.682891424624315,-0.909015052951834,-0.682895354076478,-0.226119698875355,-0.909015052951834
-0.299909415784165,-0.526033044111684,-0.299928839638277,-0.226104204473406,-0.526033044111684
