Total_energy,Adsorption_energy,Rigid_adsorption_energy,Deformation_energy,dEad/dNi
-1.68368384052216,-1.90980746884968,-1.68369143417651,-0.22611603467317,-1.90980746884968
-1.1877900742333,-1.41391370256082,-1.18780877265518,-0.226104929905644,-1.41391370256082
-0.693459916294006,-0.919583544621526,-0.693463770020947,-0.226119774600578,-0.919583544621526
