Total_energy,Adsorption_energy,Rigid_adsorption_energy,Deformation_energy,dEad/dNi
-1.69396032287007,-1.92008395119759,-1.69400229026859,-0.226081660928998,-1.92008395119759
-1.23445605005553,-1.46057967838305,-1.23446601608184,-0.226113662301217,-1.46057967838305
-0.949283049190599,-1.17540667751812,-0.949292553378279,-0.22611412413984,-1.17540667751812
-0.318230363455783,-0.544353991783302,-0.31825232810273,-0.226101663680572,-0.544353991783302
