Total_energy,Adsorption_energy,Rigid_adsorption_energy,Deformation_energy,dEad/dNi
-1.68191915106767,-1.90804277939519,-1.68193643104317,-0.22610634835202,-1.90804277939519
-1.24697149731034,-1.47309512563786,-1.2469863012369,-0.226108824400958,-1.47309512563786
-0.733685723002643,-0.959809351330162,-0.733713723741968,-0.226095627588194,-0.959809351330162
