Total_energy,Adsorption_energy,Rigid_adsorption_energy,Deformation_energy,dEad/dNi
-1.69085655081821,-1.91698017914573,-1.69087439301958,-0.226105786126149,-1.91698017914573
-1.19299958731066,-1.41912321563818,-1.19302329696397,-0.226099918674207,-1.41912321563818
-0.86481528248552,-1.09093891081304,-0.864842914425411,-0.226095996387628,-1.09093891081304
