Total_energy,Adsorption_energy,Rigid_adsorption_energy,Deformation_energy,dEad/dNi
-1.68084854671239,-1.90697217503991,-1.68087804244684,-0.226094132593067,-1.90697217503991
-1.20786357595879,-1.43398720428631,-1.20792510109,-0.226062103196308,-1.43398720428631
-0.806452916550716,-1.03257654487824,-0.806465470662082,-0.226111074216154,-1.03257654487824
-0.285131416758998,-0.511255045086517,-0.285198530885333,-0.226056514201185,-0.511255045086517
