Total_energy,Adsorption_energy,Rigid_adsorption_energy,Deformation_energy,dEad/dNi
-1.69295325232167,-1.91907688064919,-1.6929629582102,-0.226113922438982,-1.91907688064919
-1.19654779730048,-1.422671425628,-1.196552226872,-0.226119198755999,-1.422671425628
-0.551947731994619,-0.778071360322138,-0.551984819175235,-0.226086541146903,-0.778071360322138
