Total_energy,Adsorption_energy,Rigid_adsorption_energy,Deformation_energy,dEad/dNi
-1.69501277973535,-1.92113640806287,-1.69504555865283,-0.226090849410038,-1.92113640806287
-1.25939301762616,-1.48551664595368,-1.25939946432521,-0.226117181628477,-1.48551664595368
-0.985120666876591,-1.21124429520411,-0.985127724303442,-0.226116570900668,-1.21124429520411
-0.225385057113183,-0.451508685440702,-0.225411998753565,-0.226096686687137,-0.451508685440702
