Total_energy,Adsorption_energy,Rigid_adsorption_energy,Deformation_energy,dEad/dNi
-1.68437308880311,-1.91049671713063,-1.68439257023758,-0.226104146893048,-1.91049671713063
-1.24916346291344,-1.47528709124096,-1.24920323727351,-0.226083853967446,-1.47528709124096
-0.804892461262969,-1.03101608959049,-0.804947844123987,-0.226068245466501,-1.03101608959049
-0.224162262509276,-0.450285890836795,-0.224221495476217,-0.226064395360578,-0.450285890836795
