Total_energy,Adsorption_energy,Rigid_adsorption_energy,Deformation_energy,dEad/dNi
-1.67981130761577,-1.90593493594329,-1.67983052725822,-0.226104408685069,-1.90593493594329
-1.12192530529011,-1.34804893361763,-1.12194258261073,-0.226106351006893,-1.34804893361763
-0.852019768555759,-1.07814339688328,-0.852027380238578,-0.2261160166447,-1.07814339688328
-0.304580186919406,-0.530703815246925,-0.304596805303302,-0.226107009943623,-0.530703815246925
