Total_energy,Adsorption_energy,Rigid_adsorption_energy,Deformation_energy,dEad/dNi
-1.70250952001533,-1.92863314834285,-1.70252920972957,-0.22610393861328,-1.92863314834285
-1.3827096937629,-1.60883332209042,-1.38278309055757,-0.226050231532847,-1.60883332209042
-0.244546590353116,-0.470670218680635,-0.244560606146631,-0.226109612534004,-0.470670218680635
