Total_energy,Adsorption_energy,Rigid_adsorption_energy,Deformation_energy,dEad/dNi
-1.68220099449013,-1.90832462281765,-1.68220247395898,-0.226122148858663,-1.90832462281765
-1.25460883460073,-1.48073246292825,-1.25461814218466,-0.226114320743587,-1.48073246292825
-0.82769446497114,-1.05381809329866,-0.827697757554652,-0.226120335744007,-1.05381809329866
-0.326794392400811,-0.55291802072833,-0.326862951805713,-0.226055068922617,-0.55291802072833
