Total_energy,Adsorption_energy,Rigid_adsorption_energy,Deformation_energy,dEad/dNi
-1.69585947566092,-1.92198310398844,-1.69590456734307,-0.22607853664537,-1.92198310398844
-1.22222647933304,-1.44835010766056,-1.22229568285339,-0.226054424807165,-1.44835010766056
-0.75813447757526,-0.984258105902779,-0.758157039001348,-0.226101066901431,-0.984258105902779
