Total_energy,Adsorption_energy,Rigid_adsorption_energy,Deformation_energy,dEad/dNi
-1.68054341397309,-1.90666704230061,-1.68055755967058,-0.226109482630033,-1.90666704230061
-1.14619210485285,-1.37231573318037,-1.14630791369306,-0.226007819487304,-1.37231573318037
-0.870793226749995,-1.09691685507751,-0.870800333610684,-0.226116521466831,-1.09691685507751
-0.45368527669745,-0.679808905024969,-0.453723922468268,-0.226084982556702,-0.679808905024969
