Total_energy,Adsorption_energy,Rigid_adsorption_energy,Deformation_energy,dEad/dNi
-1.70050029686615,-1.92662392519367,-1.70052276014263,-0.226101165051045,-1.92662392519367
-1.1172201062493,-1.34334373457681,-1.11722184608562,-0.226121888491199,-1.34334373457681
-0.874909345292953,-1.10103297362047,-0.874938766174609,-0.226094207445863,-1.10103297362047
-0.279372652455476,-0.505496280782995,-0.27938495438867,-0.226111326394325,-0.505496280782995
