Total_energy,Adsorption_energy,Rigid_adsorption_energy,Deformation_energy,dEad/dNi
-1.70294871860343,-1.92907234693095,-1.70297988879495,-0.226092458135997,-1.92907234693095
-1.22467108394348,-1.450794712271,-1.22470206369899,-0.226092648572005,-1.450794712271
-0.904156250162696,-1.13027987849022,-0.904163174819151,-0.226116703671065,-1.13027987849022
-0.646253504637649,-0.872377132965169,-0.64631247182824,-0.226064661136928,-0.872377132965169
