Total_energy,Adsorption_energy,Rigid_adsorption_energy,Deformation_energy,dEad/dNi
-1.6915739870581,-1.91769761538562,-1.69159606690414,-0.226101548481476,-1.91769761538562
-1.26871075502012,-1.49483438334764,-1.26879561447981,-0.22603876886783,-1.49483438334764
-0.844747049888734,-1.07087067821625,-0.844748676759733,-0.226122001456519,-1.07087067821625
-0.436493051846785,-0.662616680174304,-0.43650292782214,-0.226113752352164,-0.662616680174304
