Total_energy,Adsorption_energy,Rigid_adsorption_energy,Deformation_energy,dEad/dNi
-1.69135298324575,-1.91747661157327,-1.69146005641797,-0.226016555155301,-1.91747661157327
-1.27217712157696,-1.49830074990448,-1.27219458072007,-0.226106169184409,-1.49830074990448
-0.799841719960706,-1.02596534828822,-0.799866597482877,-0.226098750805348,-1.02596534828822
-0.542927396370486,-0.769051024698005,-0.543134374132626,-0.225916650565379,-0.769051024698005
