Total_energy,Adsorption_energy,Rigid_adsorption_energy,Deformation_energy,dEad/dNi
-1.67757003170819,-1.90369366003571,-1.67758675369426,-0.226106906341456,-1.90369366003571
-1.09895467148825,-1.32507829981576,-1.09899227908752,-0.226086020728247,-1.32507829981576
-0.755949190508047,-0.982072818835566,-0.756071200051233,-0.226001618784333,-0.982072818835566
-0.221621974470384,-0.447745602797903,-0.221639706918559,-0.226105895879344,-0.447745602797903
