Total_energy,Adsorption_energy,Rigid_adsorption_energy,Deformation_energy,dEad/dNi
-1.68598553633416,-1.91210916466168,-1.68599606756057,-0.226113097101117,-1.91210916466168
-1.18524518780146,-1.41136881612898,-1.18530424289074,-0.226064573238243,-1.41136881612898
-0.649044008191035,-0.875167636518554,-0.64906275533203,-0.226104881186524,-0.875167636518554
