Total_energy,Adsorption_energy,Rigid_adsorption_energy,Deformation_energy,dEad/dNi
-1.68845883282891,-1.91458246115643,-1.68848362458162,-0.22609883657481,-1.91458246115643
-1.25917579865269,-1.48529942698021,-1.25922560434922,-0.226073822630995,-1.48529942698021
-0.598690100308277,-0.824813728635796,-0.598692951096638,-0.226120777539158,-0.824813728635796
