Total_energy,Adsorption_energy,Rigid_adsorption_energy,Deformation_energy,dEad/dNi
-1.69833225068025,-1.92445587900777,-1.69834351808975,-0.226112360918016,-1.92445587900777
-1.05621498493945,-1.28233861326697,-1.05623703336117,-0.226101579905793,-1.28233861326697
-0.698259080055317,-0.924382708382836,-0.698285531737772,-0.226097176645065,-0.924382708382836
