Total_energy,Adsorption_energy,Rigid_adsorption_energy,Deformation_energy,dEad/dNi
-1.68944824914656,-1.91557187747408,-1.68947747757708,-0.226094399897001,-1.91557187747408
-1.28681986502139,-1.51294349334891,-1.28686959377387,-0.226073899575041,-1.51294349334891
-0.738162378507712,-0.964286006835231,-0.738167261089879,-0.226118745745352,-0.964286006835231
