Total_energy,Adsorption_energy,Rigid_adsorption_energy,Deformation_energy,dEad/dNi
-1.67881032749106,-1.90493395581858,-1.67885191931876,-0.226082036499818,-1.90493395581858
-1.26523280874127,-1.49135643706878,-1.26526940143875,-0.226087035630034,-1.49135643706878
-0.739290809696515,-0.965414438024034,-0.739300125883008,-0.226114312141027,-0.965414438024034
