Total_energy,Adsorption_energy,Rigid_adsorption_energy,Deformation_energy,dEad/dNi
-1.70262635349143,-1.92874998181895,-1.70266295337411,-0.226087028444832,-1.92874998181895
-1.16148137912286,-1.38760500745038,-1.16149671252025,-0.22610829493013,-1.38760500745038
-0.272321849942111,-0.498445478269631,-0.2724070670899,-0.226038411179731,-0.498445478269631
