Total_energy,Adsorption_energy,Rigid_adsorption_energy,Deformation_energy,dEad/dNi
-1.69920764734172,-1.92533127566924,-1.69922956285481,-0.226101712814435,-1.92533127566924
-1.26460622540114,-1.49072985372866,-1.26462516331248,-0.226104690416186,-1.49072985372866
-0.815089789073559,-1.04121341740108,-0.815129576087479,-0.226083841313599,-1.04121341740108
