Total_energy,Adsorption_energy,Rigid_adsorption_energy,Deformation_energy,dEad/dNi
-1.68056697981427,-1.90669060814179,-1.68061307923721,-0.226077528904582,-1.90669060814179
-1.27608312768039,-1.50220675600791,-1.27611820185066,-0.226088554157251,-1.50220675600791
-0.830749176701406,-1.05687280502893,-0.830810626438018,-0.226062178590907,-1.05687280502893
-0.250716363267573,-0.476839991595092,-0.250725916989876,-0.226114074605217,-0.476839991595092
