Total_energy,Adsorption_energy,Rigid_adsorption_energy,Deformation_energy,dEad/dNi
-1.79695373428704,-28.9176157885091,-2.09776369767103,-26.819852090838,-28.9176157885091
-1.27846024239249,-28.3991222966145,-1.58085813063503,-26.8182641659795,-28.3991222966145
-0.921113311131434,-28.0417753653535,-1.22203864721664,-26.8197367181368,-28.0417753653535
-0.631068132856953,-27.751730187079,-0.933171627637089,-26.8185585594419,-27.751730187079
-0.0952244070560129,-27.215886461278,-2.07355462510774,-25.1423318361703,-27.215886461278
