Total_energy,Adsorption_energy,Rigid_adsorption_energy,Deformation_energy,dEad/dNi
-1.81238323900699,-28.933045293229,-2.11332595818317,-26.8197193350458,-28.933045293229
-1.27047491261858,-28.3911369668406,-1.57195490892396,-26.8191820579166,-28.3911369668406
-0.781057052453187,-27.9017191066752,-1.08212825460921,-26.819590852066,-27.9017191066752
-0.12216811649761,-27.2428301707196,-2.10030480412562,-25.142525366594,-27.2428301707196
1.28881034791784,-25.8318517063042,-0.689437487596232,-25.142414218708,-25.8318517063042
