Total_energy,Adsorption_energy,Rigid_adsorption_energy,Deformation_energy,dEad/dNi
-1.77529820325998,-28.895960257482,-2.07643483885516,-26.8195254186269,-28.895960257482
-1.28672805155987,-28.4073901057819,-1.58883158471429,-26.8185585210676,-28.4073901057819
-0.769417275337905,-27.8900793295599,-1.07029299551758,-26.8197863340424,-27.8900793295599
0.817436800649535,-26.3032252535725,-1.16070310179602,-25.1425221517765,-26.3032252535725
1.61158592139142,-25.5090761328306,-0.366729602447208,-25.1423465303834,-25.5090761328306
