Total_energy,Adsorption_energy,Rigid_adsorption_energy,Deformation_energy,dEad/dNi
-1.77173073146893,-28.892392785691,-2.07274391405221,-26.8196488716387,-28.892392785691
-1.32039307169024,-28.4410551259123,-1.62233532182077,-26.8187198040915,-28.4410551259123
-0.908597500731374,-28.0292595549534,-1.20937779538235,-26.8198817595711,-28.0292595549534
0.00570494941316912,-27.1149571048089,-1.97245304178054,-25.1425040630283,-27.1149571048089
1.07921732387116,-26.0414447303509,-0.898664417371042,-25.1427803129798,-26.0414447303509
