Total_energy,Adsorption_energy,Rigid_adsorption_energy,Deformation_energy,dEad/dNi
-1.75549860139186,-28.8761606556139,-2.05660219342601,-26.8195584621879,-28.8761606556139
-1.17727501272296,-28.297937066945,-1.47838431335193,-26.8195527535931,-28.297937066945
-0.767318668487649,-27.8879807227097,-1.06876982981509,-26.8192108928946,-27.8879807227097
-0.2215159680633,-27.3421780222853,-0.52238586528224,-26.8197921570031,-27.3421780222853
0.879201306436479,-26.2414607477856,-1.09906518587152,-25.142395561914,-26.2414607477856
