Total_energy,Adsorption_energy,Rigid_adsorption_energy,Deformation_energy,dEad/dNi
-1.8100761876864,-28.9307382419084,-2.11168569663587,-26.8190525452726,-28.9307382419084
-1.37439557883139,-28.4950576330534,-1.67545897285229,-26.8195986602011,-28.4950576330534
-0.890869726680975,-28.011531780903,-1.19189187748825,-26.8196399034148,-28.011531780903
-0.0835246993924836,-27.2041867536145,-2.06176057105028,-25.1424261825642,-27.2041867536145
1.60744390776023,-25.5132181464618,-0.370808150288674,-25.1424099961731,-25.5132181464618
