Total_energy,Adsorption_energy,Rigid_adsorption_energy,Deformation_energy,dEad/dNi
-1.78692858493456,-28.9075906391566,-2.08774855002505,-26.8198420891315,-28.9075906391566
-1.23661948174465,-28.3572815359667,-1.53737952352558,-26.8199020124411,-28.3572815359667
-0.75285020701397,-27.873512261236,-1.05381572423742,-26.8196965369986,-27.873512261236
-0.130116085320508,-27.2507781395425,-0.430852999625777,-26.8199251399168,-27.2507781395425
0.337524125967375,-26.7831379282547,-1.64041635042484,-25.1427215778298,-26.7831379282547
