Total_energy,Adsorption_energy,Rigid_adsorption_energy,Deformation_energy,dEad/dNi
-1.83695920623075,-28.9576212604528,-2.13781414838972,-26.8198071120631,-28.9576212604528
-1.36611174740752,-28.4867738016296,-1.66741108332063,-26.8193627183089,-28.4867738016296
-0.909398317398035,-28.0300603716201,-1.21036963008299,-26.8196907415371,-28.0300603716201
0.825460480489487,-26.2952015737325,-1.15283257830847,-25.1423689954241,-26.2952015737325
1.32464661080678,-25.7960154434153,-0.653599481845501,-25.1424159615698,-25.7960154434153
