Total_energy,Adsorption_energy,Rigid_adsorption_energy,Deformation_energy,dEad/dNi
-1.83868049229665,-28.9593425465187,-2.1396207642636,-26.8197217822551,-28.9593425465187
-1.32535606966935,-28.4460181238914,-1.62633698087754,-26.8196811430138,-28.4460181238914
-0.780936402968816,-27.9015984571909,-1.08307295379827,-26.8185255033926,-27.9015984571909
-0.537649747878622,-27.6583118021007,-0.838433368774436,-26.8198784333262,-27.6583118021007
-0.0173727072469796,-27.138034761469,-1.99559626626762,-25.1424384952014,-27.138034761469
