Total_energy,Adsorption_energy,Rigid_adsorption_energy,Deformation_energy,dEad/dNi
-1.80593723186127,-28.9265992860833,-2.10668686839067,-26.8199124176926,-28.9265992860833
-1.30852970145422,-28.4291917556763,-1.60981246350585,-26.8193792921704,-28.4291917556763
-0.518909574763494,-27.6395716289855,-0.819648625734197,-26.8199230032513,-27.6395716289855
-0.0975577193549493,-27.218219773577,-2.0756569423183,-25.1425628312587,-27.218219773577
0.957895387235647,-26.1627666669864,-1.02039764892544,-25.142369018061,-26.1627666669864
