Total_energy,Adsorption_energy,Rigid_adsorption_energy,Deformation_energy,dEad/dNi
-1.78776615043537,-28.9084282046574,-2.0886586482135,-26.8197695564439,-28.9084282046574
-1.35055442727228,-28.4712164814943,-1.65179739615384,-26.8194190853405,-28.4712164814943
-0.804297734480836,-27.9249597887029,-1.10512793772094,-26.8198318509819,-27.9249597887029
-0.080937921771526,-27.2015999759936,-2.05899301915738,-25.1426069568362,-27.2015999759936
0.87966932733956,-26.2409927268825,-1.09837978019073,-25.1426129466917,-26.2409927268825
