Total_energy,Adsorption_energy,Rigid_adsorption_energy,Deformation_energy,dEad/dNi
-1.817535715668,-28.93819776989,-2.11830069724783,-26.8198970726422,-28.93819776989
-1.35819511012817,-28.4788571643502,-1.659273009027,-26.8195841553232,-28.4788571643502
-0.761267446073767,-27.8819295002958,-1.06278221927945,-26.8191472810164,-27.8819295002958
0.298416879789378,-26.8222451744327,-1.67936906936138,-25.1428761050713,-26.8222451744327
1.55400911874244,-25.5666529354796,-0.424310075156263,-25.1423428603233,-25.5666529354796
