Total_energy,Adsorption_energy,Rigid_adsorption_energy,Deformation_energy,dEad/dNi
-1.79415974183398,-28.914821796056,-2.09578099006769,-26.8190408059883,-28.914821796056
-1.29203917409608,-28.4127012283181,-1.59313206639432,-26.8195691619238,-28.4127012283181
-0.676462930680861,-27.7971249849029,-0.977768141409217,-26.8193568434937,-27.7971249849029
-0.103956663250865,-27.2246187174729,-2.08203757960284,-25.1425811378701,-27.2246187174729
1.05042035180142,-26.0702417024206,-0.927366904586729,-25.1428747978339,-26.0702417024206
