Total_energy,Adsorption_energy,Rigid_adsorption_energy,Deformation_energy,dEad/dNi
-1.79986946488073,-28.9205315191028,-2.10093288938407,-26.8195986297187,-28.9205315191028
-1.37418028690677,-28.4948423411288,-1.68063518610321,-26.8142071550256,-28.4948423411288
-0.809415847389671,-27.9300779016117,-1.11025008272028,-26.8198278188914,-27.9300779016117
0.811519179995176,-26.3091428742269,-1.1666364717654,-25.1425064024615,-26.3091428742269
1.48911614128832,-25.6315459129337,-0.488907975521137,-25.1426379374126,-25.6315459129337
