Total_energy,Adsorption_energy,Rigid_adsorption_energy,Deformation_energy,dEad/dNi
-1.79009655203391,-28.9107586062559,-2.09093990757945,-26.8198186986765,-28.9107586062559
-1.18112562902781,-28.3017876832499,-1.48225171813997,-26.8195359651099,-28.3017876832499
-0.634938998135667,-27.7556010523577,-0.935735380158046,-26.8198656721997,-27.7556010523577
0.19779834558041,-26.9228637086416,-1.7804149603273,-25.1424487483143,-26.9228637086416
1.17291957779452,-25.9477424764275,-0.805381559128269,-25.1423609172992,-25.9477424764275
