Total_energy,Adsorption_energy,Rigid_adsorption_energy,Deformation_energy,dEad/dNi
-1.82366421000466,-28.9443262642267,-2.12491721317149,-26.8194090510552,-28.9443262642267
-1.34384267718587,-28.4645047314079,-1.64520014377554,-26.8193045876324,-28.4645047314079
-0.50641817563317,-27.6270802298552,-0.808919836608276,-26.8181603932469,-27.6270802298552
0.394883106025722,-26.7257789481963,-1.58338248977454,-25.1423964584218,-26.7257789481963
1.10095443729694,-26.0197076169251,-0.877239834771726,-25.1424677821534,-26.0197076169251
