Total_energy,Adsorption_energy,Rigid_adsorption_energy,Deformation_energy,dEad/dNi
-1.80959685236645,-28.9302589065885,-2.11046848571878,-26.8197904208697,-28.9302589065885
-1.34372195438558,-28.4643840086076,-1.6449136300951,-26.8194703785125,-28.4643840086076
-0.74690016399339,-27.8675622182154,-1.0479192504771,-26.8196429677383,-27.8675622182154
-0.0864533682030635,-27.2071154224251,-2.06463078025819,-25.1424846421669,-27.2071154224251
0.876048407167672,-26.2446136470544,-1.10224813131245,-25.1423655157419,-26.2446136470544
