Total_energy,Adsorption_energy,Rigid_adsorption_energy,Deformation_energy,dEad/dNi
-1.7889337952358,-28.9095958494578,-2.08978861402353,-26.8198072354343,-28.9095958494578
-1.32883489519515,-28.4494969494172,-1.62958579675433,-26.8199111526629,-28.4494969494172
-0.853251664562449,-27.9739137187845,-1.15420675798977,-26.8197069607947,-27.9739137187845
-0.185857749267961,-27.30651980349,-0.4866565754964,-26.8198632279936,-27.30651980349
0.455434975485173,-26.6652270787369,-1.52262678620438,-25.1426002925325,-26.6652270787369
