Total_energy,Adsorption_energy,Rigid_adsorption_energy,Deformation_energy,dEad/dNi
-1.81962597373995,-28.940288027962,-2.12041159469279,-26.8198764332692,-28.940288027962
-1.20331822312374,-28.3239802773458,-1.50437220126089,-26.8196080760849,-28.3239802773458
-0.764637968734012,-27.885300022956,-1.06589447984858,-26.8194055431075,-27.885300022956
-0.0986999956675261,-27.2193620498896,-2.07647285723909,-25.1428891926505,-27.2193620498896
0.88214175696422,-26.2385202972578,-1.09605626051077,-25.142464036747,-26.2385202972578
