Total_energy,Adsorption_energy,Rigid_adsorption_energy,Deformation_energy,dEad/dNi
-1.79643551335218,-28.9170975675742,-2.0975572871812,-26.819540280393,-28.9170975675742
-1.3676422061518,-28.4883042603738,-1.66860197064024,-26.8197022897336,-28.4883042603738
-0.949035650555129,-28.0696977047772,-1.2500149399599,-26.8196827648173,-28.0696977047772
-0.0509527733723305,-27.1716148275944,-2.02912589588752,-25.1424889317068,-27.1716148275944
1.5080953023216,-25.6125667519004,-0.470196714882654,-25.1423700370178,-25.6125667519004
