Total_energy,Adsorption_energy,Rigid_adsorption_energy,Deformation_energy,dEad/dNi
-1.73443557883452,-28.8550976330566,-2.03614887652298,-26.8189487565336,-28.8550976330566
-1.27063712209981,-28.3912991763218,-1.57147401502477,-26.8198251612971,-28.3912991763218
-0.839893841961368,-27.9605558961834,-1.14085905993233,-26.8196968362511,-27.9605558961834
0.91379441894881,-26.2068676352732,-1.06445170178775,-25.1424159334855,-26.2068676352732
1.3426340513624,-25.7780280028596,-0.635575307386121,-25.1424526954735,-25.7780280028596
