Total_energy,Adsorption_energy,Rigid_adsorption_energy,Deformation_energy,dEad/dNi
-1.82057961569183,-28.9412416699139,-2.12148208093116,-26.8197595889827,-28.9412416699139
-1.21346423858109,-28.3341262928031,-1.51424556640957,-26.8198807263936,-28.3341262928031
-0.767471440207866,-27.8881334944299,-1.06841585391359,-26.8197176405163,-27.8881334944299
0.103215616019181,-27.0174464382029,-1.87466637372997,-25.1427800644729,-27.0174464382029
1.13289778526377,-25.9877642689583,-0.845400169389584,-25.1423640995687,-25.9877642689583
