Total_energy,Adsorption_energy,Rigid_adsorption_energy,Deformation_energy,dEad/dNi
-1.79509101698231,-28.9157530712043,-2.09596890448241,-26.8197841667219,-28.9157530712043
-1.15992878588874,-28.2805908401108,-1.46205740717762,-26.8185334329331,-28.2805908401108
-0.549427283036575,-27.6700893372586,-0.850199331667262,-26.8198900055913,-27.6700893372586
-0.0898901821087408,-27.2105522363308,-2.06804856126095,-25.1425036750698,-27.2105522363308
0.781999853741023,-26.338662200481,-1.19626645880532,-25.1423957416757,-26.338662200481
