Total_energy,Adsorption_energy,Rigid_adsorption_energy,Deformation_energy,dEad/dNi
-1.76081521751268,-28.8814772717347,-2.06165624045483,-26.8198210312799,-28.8814772717347
-1.22368769999092,-28.344349754213,-1.52465622388014,-26.8196935303328,-28.344349754213
-0.107028388087954,-27.22769044231,-2.08502597628713,-25.1426644660229,-27.22769044231
0.836101020784574,-26.2845610334375,-1.14209849845575,-25.1424625349817,-26.2845610334375
1.51888577532808,-25.601776278894,-0.45942571578045,-25.1423505631135,-25.601776278894
