Total_energy,Adsorption_energy,Rigid_adsorption_energy,Deformation_energy,dEad/dNi
-1.78822492135271,-28.9088869755747,-2.08900961230534,-26.8198773632694,-28.9088869755747
-1.1415820077594,-28.2622440619814,-1.44237320394489,-26.8198708580365,-28.2622440619814
-0.586343337706392,-27.7070053919284,-0.887143243796678,-26.8198621481317,-27.7070053919284
0.409655190807864,-26.7110068634142,-1.56851951545222,-25.142487347962,-26.7110068634142
1.40357237789825,-25.7170896763238,-0.574560428960842,-25.1425292473629,-25.7170896763238
