Total_energy,Adsorption_energy,Rigid_adsorption_energy,Deformation_energy,dEad/dNi
-1.77532555342476,-28.8959876076468,-2.07624886589292,-26.8197387417539,-28.8959876076468
-1.25315049848676,-28.3738125527088,-1.55444684692732,-26.8193657057815,-28.3738125527088
-0.77354733184819,-27.8942093860702,-1.07434999775141,-26.8198593883188,-27.8942093860702
-0.0717654371926189,-27.1924274914147,-2.04984943321521,-25.1425780581994,-27.1924274914147
1.25917933038395,-25.8614827238381,-0.718890366115738,-25.1425923577223,-25.8614827238381
