Total_energy,Adsorption_energy,Rigid_adsorption_energy,Deformation_energy,dEad/dNi
-1.74774306652127,-28.8684051207433,-2.04859091319212,-26.8198142075512,-28.8684051207433
-1.27459353369363,-28.3952555879157,-1.57571048975877,-26.8195450981569,-28.3952555879157
-0.61072844063848,-27.7313904948605,-0.911526911838079,-26.8198635830224,-27.7313904948605
-0.0920182616494274,-27.2126803158715,-2.06898971150922,-25.1436906043622,-27.2126803158715
0.450092812086725,-26.6705692421353,-1.52769686481015,-25.1428723773252,-26.6705692421353
