Total_energy,Adsorption_energy,Rigid_adsorption_energy,Deformation_energy,dEad/dNi
-1.8053813063794,-28.9260433606014,-2.10618930159848,-26.819854059003,-28.9260433606014
-1.22320589162093,-28.343867945843,-1.52545441644948,-26.8184135293935,-28.343867945843
-0.471430802133997,-27.592092856356,-0.774149047256127,-26.8179438090999,-27.592092856356
0.316288724585554,-26.8043733296365,-1.66176928996934,-25.1426040396671,-26.8043733296365
1.11659367873094,-26.0040683754911,-0.861503906508669,-25.1425644689824,-26.0040683754911
