Total_energy,Adsorption_energy,Rigid_adsorption_energy,Deformation_energy,dEad/dNi
-1.77533742581327,-28.8959994800353,-2.0767568052095,-26.8192426748258,-28.8959994800353
-1.34849193133531,-28.4691539855573,-1.64928078396176,-26.8198732015956,-28.4691539855573
-0.602580908902118,-27.7232429631242,-0.903456962968586,-26.8197860001556,-27.7232429631242
0.308000911728981,-26.8126611424931,-1.66996517080638,-25.1426959716867,-26.8126611424931
1.56824460978289,-25.5524174444391,-0.410054427120238,-25.1423630173189,-25.5524174444391
