Total_energy,Adsorption_energy,Rigid_adsorption_energy,Deformation_energy,dEad/dNi
-1.78312237681851,-28.9037844310405,-2.08400807632604,-26.8197763547145,-28.9037844310405
-1.31385813540942,-28.4345201896315,-1.61464383255277,-26.8198763570787,-28.4345201896315
-0.865918775412595,-27.9865808296346,-1.16673365653114,-26.8198471731035,-27.9865808296346
-0.0790376445410754,-27.1996996987631,-2.05713439816398,-25.1425653005991,-27.1996996987631
0.566032542871956,-26.5546295113501,-1.4120703659011,-25.142559145449,-26.5546295113501
