Total_energy,Adsorption_energy,Rigid_adsorption_energy,Deformation_energy,dEad/dNi
-1.80410334036713,-28.9247653945892,-2.10508605762085,-26.8196793369683,-28.9247653945892
-1.34289074931052,-28.4635528035326,-1.6436372217797,-26.8199155817529,-28.4635528035326
-0.447809196174269,-27.5684712503963,-0.748609501019427,-26.8198617493769,-27.5684712503963
0.387269781768,-26.733392272454,-1.59102676938788,-25.1423655030662,-26.733392272454
1.23312387036668,-25.8875381838554,-0.745167117321447,-25.1423710665339,-25.8875381838554
