Total_energy,Adsorption_energy,Rigid_adsorption_energy,Deformation_energy,dEad/dNi
-1.81680947135328,-28.9374715255753,-2.11762178307836,-26.819849742497,-28.9374715255753
-1.38627847803055,-28.5069405322526,-1.68712279590669,-26.8198177363459,-28.5069405322526
-1.00550007786949,-28.1261621320915,-1.30625992813816,-26.8199022039534,-28.1261621320915
-0.482189089424221,-27.6028511436463,-0.783467983133097,-26.8193831605132,-27.6028511436463
-0.0399038623392609,-27.1605659165613,-2.01807389648601,-25.1424920200753,-27.1605659165613
