Total_energy,Adsorption_energy,Rigid_adsorption_energy,Deformation_energy,dEad/dNi
-1.81580265674908,-28.9364647109711,-2.11676058847048,-26.8197041225006,-28.9364647109711
-1.29435622527283,-28.4150182794949,-1.59562805393979,-26.8193902255551,-28.4150182794949
-0.845162677878507,-27.9658247321005,-1.14755431351601,-26.8182704185845,-27.9658247321005
-0.0942333042641483,-27.2148953584862,-2.07245456295982,-25.1424407955264,-27.2148953584862
1.63968226335221,-25.4809797908698,-0.338630844605163,-25.1423489462647,-25.4809797908698
