Total_energy,Adsorption_energy,Rigid_adsorption_energy,Deformation_energy,dEad/dNi
-1.77052280817439,-28.8911848623964,-2.07183725671992,-26.8193476056765,-28.8911848623964
-1.33803816919756,-28.4587002234196,-1.63903959490456,-26.819660628515,-28.4587002234196
-0.921402759996263,-28.0420648142183,-1.22250745198983,-26.8195573622285,-28.0420648142183
0.30806756840129,-26.8125944858207,-1.67003110003988,-25.1425633857809,-26.8125944858207
