Total_energy,Adsorption_energy,Rigid_adsorption_energy,Deformation_energy,dEad/dNi
-1.75717070639853,-28.8778327606206,-2.05797023639985,-26.8198625242207,-28.8778327606206
-1.30973555625948,-28.4303976104815,-1.61054173757601,-26.8198558729055,-28.4303976104815
-0.805959405202948,-27.926621459425,-1.10680265076573,-26.8198188086592,-27.926621459425
0.0252935316441809,-27.0953685225779,-1.95291562759778,-25.1424528949801,-27.0953685225779
1.02432345455393,-26.0963385996681,-0.953857927179034,-25.1424806724891,-26.0963385996681
