Total_energy,Adsorption_energy,Rigid_adsorption_energy,Deformation_energy,dEad/dNi
-1.78973523663151,-28.9103972908535,-2.09050678626843,-26.8198905045851,-28.9103972908535
-1.37410621846156,-28.4947682726836,-1.67746528747553,-26.8173029852081,-28.4947682726836
-0.843405035900702,-27.9640670901227,-1.14452457618578,-26.819542513937,-27.9640670901227
0.0751255952236876,-27.0455364589983,-1.90319650145336,-25.142339957545,-27.0455364589983
0.938147874597405,-26.1825141796246,-1.04014099344598,-25.1423731861786,-26.1825141796246
