Total_energy,Adsorption_energy,Rigid_adsorption_energy,Deformation_energy,dEad/dNi
-1.78032399696256,-28.9009860511846,-2.08210550505715,-26.8188805461274,-28.9009860511846
-1.32177578466505,-28.4424378388871,-1.62255091210874,-26.8198869267783,-28.4424378388871
-0.486559280029656,-27.6072213342517,-0.787403911282556,-26.8198174229691,-27.6072213342517
0.620691634573457,-26.4999704196486,-1.35761048310427,-25.1423599365443,-26.4999704196486
1.19304055678687,-25.9276214974352,-0.785242718790643,-25.1423787786445,-25.9276214974352
