Total_energy,Adsorption_energy,Rigid_adsorption_energy,Deformation_energy,dEad/dNi
-1.80772007364179,-28.9283821278638,-2.10863876821797,-26.8197433596459,-28.9283821278638
-1.34088783983606,-28.4615498940581,-1.64345223942393,-26.8180976546342,-28.4615498940581
-0.855389340811268,-27.9760513950333,-1.15668127226279,-26.8193701227705,-27.9760513950333
0.431135499691153,-26.6895265545309,-1.54709266064159,-25.1424338938893,-26.6895265545309
1.0793409152917,-26.0413211389303,-0.898581105361144,-25.1427400335692,-26.0413211389303
