Total_energy,Adsorption_energy,Rigid_adsorption_energy,Deformation_energy,dEad/dNi
-1.81271754442728,-28.9333795986493,-2.11353523604678,-26.8198443626025,-28.9333795986493
-1.33812452065242,-28.4587865748744,-1.63894463556204,-26.8198419393124,-28.4587865748744
-0.881230987153456,-28.0018930413755,-1.18608162273002,-26.8158114186455,-28.0018930413755
-0.123146467173721,-27.2438085213958,-2.1013374158834,-25.1424711055124,-27.2438085213958
1.36885584192931,-25.7518062122927,-0.609379715902017,-25.1424264963907,-25.7518062122927
