Total_energy,Adsorption_energy,Rigid_adsorption_energy,Deformation_energy,dEad/dNi
-1.78787581742271,-28.9085378716447,-2.08862213454735,-26.8199157370974,-28.9085378716447
-1.34877902901984,-28.4694410832419,-1.64986338611188,-26.81957769713,-28.4694410832419
-0.719554407252643,-27.8402164614747,-1.02050822398421,-26.8197082374905,-27.8402164614747
-0.316284903585328,-27.4369469578074,-0.617064842634119,-26.8198821151732,-27.4369469578074
0.572422320106219,-26.5482397341158,-1.40577440284681,-25.142465331269,-26.5482397341158
