Total_energy,Adsorption_energy,Rigid_adsorption_energy,Deformation_energy,dEad/dNi
-1.75109518236069,-28.8717572365827,-2.05250636845529,-26.8192508681274,-28.8717572365827
-1.20936337640957,-28.3300254306316,-1.51446316506132,-26.8155622655703,-28.3300254306316
-0.676996623634922,-27.797658677857,-0.977781958215309,-26.8198767196416,-27.797658677857
-0.042293872301336,-27.1629559265234,-2.02058954266657,-25.1423663838568,-27.1629559265234
1.60390979401544,-25.5167522602066,-0.374278524104335,-25.1424737361023,-25.5167522602066
