Total_energy,Adsorption_energy,Rigid_adsorption_energy,Deformation_energy,dEad/dNi
-1.7784153866402,-28.8990774408622,-2.07969139340378,-26.8193860474584,-28.8990774408622
-1.32805994479002,-28.4487219990121,-1.62908575746615,-26.8196362415459,-28.4487219990121
-0.837021995870384,-27.9576840500924,-1.13793602652214,-26.8197480235703,-27.9576840500924
0.022831548213657,-27.0978305060084,-1.95516931078215,-25.1426611952262,-27.0978305060084
1.31049297291592,-25.8101690813061,-0.667923894194961,-25.1422451871112,-25.8101690813061
