Total_energy,Adsorption_energy,Rigid_adsorption_energy,Deformation_energy,dEad/dNi
-1.8160905478238,-28.9367526020458,-2.11718402637386,-26.819568575672,-28.9367526020458
-1.2918757300472,-28.4125377842692,-1.59339146124205,-26.8191463230272,-28.4125377842692
-0.95984165300231,-28.0805037072243,-1.26213551111012,-26.8183681961142,-28.0805037072243
-0.339349472313998,-27.460011526536,-0.640123875993483,-26.8198876505426,-27.460011526536
0.55136032152627,-26.5693017326958,-1.42679428683453,-25.1425074458612,-26.5693017326958
