Total_energy,Adsorption_energy,Rigid_adsorption_energy,Deformation_energy,dEad/dNi
-1.8174219250205,-28.9380839792425,-2.11824105199994,-26.8198429272426,-28.9380839792425
-1.33408044028088,-28.4547424945029,-1.63507226354726,-26.8196702309556,-28.4547424945029
-0.747386545210038,-27.8680485994321,-1.04818360213753,-26.8198649972945,-27.8680485994321
-0.416760949658802,-27.5374230038808,-0.717520047578596,-26.8199029563022,-27.5374230038808
0.816295125203375,-26.3043669290187,-1.161550981195,-25.1428159478237,-26.3043669290187
