Total_energy,Adsorption_energy,Rigid_adsorption_energy,Deformation_energy,dEad/dNi
-1.81240798220233,-28.9330700364244,-2.11319468049764,-26.8198753559267,-28.9330700364244
-1.18554501646304,-28.3062070706851,-1.48682151910328,-26.8193855515818,-28.3062070706851
-0.57286648159917,-27.6935285358212,-0.873639390133318,-26.8198891456879,-27.6935285358212
-0.0920864764359168,-27.212748530658,-2.0700678840782,-25.1426806465798,-27.212748530658
0.961695735869207,-26.1589663183528,-1.01653973207664,-25.1424265862762,-26.1589663183528
