Total_energy,Adsorption_energy,Rigid_adsorption_energy,Deformation_energy,dEad/dNi
-1.76437426280257,-28.8850363170246,-2.06519086713098,-26.8198454498936,-28.8850363170246
-1.30164369858967,-28.4223057528117,-1.60452230216124,-26.8177834506505,-28.4223057528117
-0.858588246383999,-27.979250300606,-1.15936672222005,-26.819883578386,-27.979250300606
-0.627098669536232,-27.7477607237583,-0.930143098134869,-26.8176176256234,-27.7477607237583
0.479262710261431,-26.6413993439606,-1.49894622211969,-25.1424531218409,-26.6413993439606
