Total_energy,Adsorption_energy,Rigid_adsorption_energy,Deformation_energy,dEad/dNi
-1.80370846155858,-28.9243705157806,-2.10455791286825,-26.8198126029124,-28.9243705157806
-1.29323224239522,-28.4138942966173,-1.59446932217856,-26.8194249744387,-28.4138942966173
-0.824942812548313,-27.9456048667703,-1.12574401814968,-26.8198608486207,-27.9456048667703
0.0573754234449728,-27.0632866307771,-1.9206868098023,-25.1425998209748,-27.0632866307771
1.16248221253377,-25.9581798416883,-0.81580899886352,-25.1423708428247,-25.9581798416883
