Total_energy,Adsorption_energy,Rigid_adsorption_energy,Deformation_energy,dEad/dNi
-1.79396704128385,-28.9146290955059,-2.09484660276613,-26.8197824927398,-28.9146290955059
-1.3701703181477,-28.4908323723697,-1.67233842654781,-26.8184939458219,-28.4908323723697
-0.906856082777576,-28.0275181369996,-1.20788255416408,-26.8196355828355,-28.0275181369996
-0.405476929201935,-27.526138983424,-0.706207666914585,-26.8199313165094,-27.526138983424
0.858375341208165,-26.2622867130139,-1.11988357782287,-25.142403135191,-26.2622867130139
