Total_energy,Adsorption_energy,Rigid_adsorption_energy,Deformation_energy,dEad/dNi
-1.79792020695146,-28.9185822611735,-2.09870671092016,-26.8198755502533,-28.9185822611735
-1.32166973790005,-28.4423317921221,-1.62286996376176,-26.8194618283603,-28.4423317921221
-0.802741444481177,-27.9234034987032,-1.10617038112062,-26.8172331175826,-27.9234034987032
-0.00484950900413161,-27.1255115632262,-1.98295112952598,-25.1425604337002,-27.1255115632262
0.91402051625798,-26.2066415379641,-1.06427629762359,-25.1423652403405,-26.2066415379641
