Total_energy,Adsorption_energy,Rigid_adsorption_energy,Deformation_energy,dEad/dNi
-1.79611433366759,-28.9167763878896,-2.09689302329236,-26.8198833645973,-28.9167763878896
-1.29878393691398,-28.419445991136,-1.60094265494933,-26.8185033361867,-28.419445991136
-0.862100975987137,-27.9827630302092,-1.16284000331264,-26.8199230268965,-27.9827630302092
-0.455070071273558,-27.5757321254956,-0.7559772083739,-26.8197549171217,-27.5757321254956
0.0218126253223376,-27.0988494288997,-0.278930629866823,-26.8199187990329,-27.0988494288997
