Total_energy,Adsorption_energy,Rigid_adsorption_energy,Deformation_energy,dEad/dNi
-1.83562194825781,-28.9562840024798,-2.13638561444989,-26.81989838803,-28.9562840024798
-1.39864187530858,-28.5193039295306,-1.69971838587426,-26.8195855436564,-28.5193039295306
-0.881669126144977,-28.002331180367,-1.18253484704635,-26.8197963333207,-28.002331180367
-0.306791963658119,-27.4274540178802,-0.608373023981387,-26.8190809938988,-27.4274540178802
0.188815845113471,-26.9318462091086,-1.78954045023814,-25.1423057588704,-26.9318462091086
