Total_energy,Adsorption_energy,Rigid_adsorption_energy,Deformation_energy,dEad/dNi
-1.75051426528862,-28.8711763195106,-2.05147919329408,-26.8196971262166,-28.8711763195106
-1.16876854969972,-28.2894306039218,-1.47094649230176,-26.81848411162,-28.2894306039218
-0.640641811562779,-27.7613038657848,-0.941384035781178,-26.8199198300036,-27.7613038657848
-0.0566049538251798,-27.1772670080472,-2.03469479372914,-25.1425722143181,-27.1772670080472
0.900520060087995,-26.220141994134,-1.07778429073573,-25.1423577033983,-26.220141994134
