Total_energy,Adsorption_energy,Rigid_adsorption_energy,Deformation_energy,dEad/dNi
-1.81352751301868,-28.9341895672407,-2.11436569135489,-26.8198238758858,-28.9341895672407
-1.18278795419736,-28.3034500084194,-1.48363113563289,-26.8198188727865,-28.3034500084194
-0.733005151127511,-27.8536672053495,-1.0343170459358,-26.8193501594137,-27.8536672053495
0.0112272550048592,-27.1094347992172,-0.289519825476988,-26.8199149737402,-27.1094347992172
1.09534012131695,-26.0253219329051,-0.882947201242877,-25.1423747316622,-26.0253219329051
