Total_energy,Adsorption_energy,Rigid_adsorption_energy,Deformation_energy,dEad/dNi
-1.79360120965791,-28.9142632638799,-2.09436551947447,-26.8198977444055,-28.9142632638799
-1.22767747014109,-28.3483395243631,-1.52885502767391,-26.8194844966892,-28.3483395243631
-0.770740521930309,-27.8914025761523,-1.07148535966763,-26.8199172164847,-27.8914025761523
0.738747200986649,-26.3819148532354,-1.23953716650521,-25.1423776867302,-26.3819148532354
1.64593889538336,-25.4747231588387,-0.332314553728999,-25.1424086051097,-25.4747231588387
