Total_energy,Adsorption_energy,Rigid_adsorption_energy,Deformation_energy,dEad/dNi
-1.77026272105608,-28.8909247752781,-2.07101485526851,-26.8199099200096,-28.8909247752781
-1.23045728290098,-28.351119337123,-1.53125352264179,-26.8198658144812,-28.351119337123
-0.776848156992024,-27.8975102112141,-1.0784875330904,-26.8190226781237,-27.8975102112141
-0.508960132838643,-27.6296221870607,-0.81020934969458,-26.8194128373661,-27.6296221870607
0.713516997379553,-26.4071450568425,-1.26477936404647,-25.142365692796,-26.4071450568425
