Total_energy,Adsorption_energy,Rigid_adsorption_energy,Deformation_energy,dEad/dNi
-1.8204355223429,-28.9410975765649,-2.12127710570207,-26.8198204708629,-28.9410975765649
-1.31079421339789,-28.4314562676199,-1.61160854419159,-26.8198477234283,-28.4314562676199
-0.933148299579981,-28.053810353802,-1.23398595462125,-26.8198243991808,-28.053810353802
-0.569935347873684,-27.6905974020957,-0.873185968943124,-26.8174114331526,-27.6905974020957
0.0331920779493198,-27.0874699762727,-1.94497533372336,-25.1424946425494,-27.0874699762727
