Total_energy,Adsorption_energy,Rigid_adsorption_energy,Deformation_energy,dEad/dNi
-1.80156140282443,-28.9222234570465,-2.1025286602815,-26.819694796765,-28.9222234570465
-1.34906738724251,-28.4697294414645,-1.65035686213844,-26.8193725793261,-28.4697294414645
-0.776076112168593,-27.8967381663906,-1.07797177340917,-26.8187663929815,-27.8967381663906
-0.103413578451803,-27.2240756326738,-2.08118276571886,-25.142892866955,-27.2240756326738
1.55119943079046,-25.5694626234316,-0.42711057634422,-25.1423520470874,-25.5694626234316
