Total_energy,Adsorption_energy,Rigid_adsorption_energy,Deformation_energy,dEad/dNi
-1.81622331121365,-28.9368853654357,-2.11722551796397,-26.8196598474717,-28.9368853654357
-1.30757171593501,-28.428233770157,-1.60924917256361,-26.8189845975934,-28.428233770157
-0.779841391325985,-27.900503445548,-1.08067700247537,-26.8198264430726,-27.900503445548
-0.123484965065975,-27.244147019288,-2.10140000425413,-25.1427470150339,-27.244147019288
1.56043342392073,-25.5602286303013,-0.417892090815717,-25.1423365394856,-25.5602286303013
