Total_energy,Adsorption_energy,Rigid_adsorption_energy,Deformation_energy,dEad/dNi
-1.80996664289217,-28.9306286971142,-2.1107407263126,-26.8198879708016,-28.9306286971142
-1.35986865966478,-28.4805307138868,-1.66185582394787,-26.8186748899389,-28.4805307138868
-0.902103743420519,-28.0227657976426,-1.20286698389945,-26.8198988137431,-28.0227657976426
-0.129401268649877,-27.2500633228719,-0.430187343965876,-26.819875978906,-27.2500633228719
0.33512493881632,-26.7855371154057,-1.64301251596428,-25.1425245994414,-26.7855371154057
