Total_energy,Adsorption_energy,Rigid_adsorption_energy,Deformation_energy,dEad/dNi
-1.78971825567333,-28.9103803098954,-2.0905293339954,-26.8198509759,-28.9103803098954
-1.30552166970982,-28.4261837239318,-1.61323986862299,-26.8129438553089,-28.4261837239318
-0.799490665491807,-27.9201527197138,-1.10044500728986,-26.819707712424,-27.9201527197138
-0.0768288435888611,-27.1974908978109,-2.05474677892522,-25.1427441188857,-27.1974908978109
1.24764063203121,-25.8730214221908,-0.730619889074272,-25.1424015331166,-25.8730214221908
