Total_energy,Adsorption_energy,Rigid_adsorption_energy,Deformation_energy,dEad/dNi
-1.77935392282647,-28.9000159770485,-2.08011828302366,-26.8198976940248,-28.9000159770485
-1.30168672851085,-28.4223487827329,-1.60310884642091,-26.819239936312,-28.4223487827329
-0.693226483474479,-27.8138885376965,-0.993975966456697,-26.8199125712398,-27.8138885376965
-0.0801662529311857,-27.2008283071532,-0.380940693023681,-26.8198876141295,-27.2008283071532
0.875488210354855,-26.2451738438672,-1.10269543118169,-25.1424784126855,-26.2451738438672
