Total_energy,Adsorption_energy,Rigid_adsorption_energy,Deformation_energy,dEad/dNi
-1.80116758459934,-28.9218296388214,-2.10194301735218,-26.8198866214692,-28.9218296388214
-1.34083070691209,-28.4614927611341,-1.64184835953355,-26.8196444016006,-28.4614927611341
-0.791357572921818,-27.9120196271439,-1.09225885294277,-26.8197607742011,-27.9120196271439
-0.264550795944935,-27.385212850167,-0.565625351067079,-26.8195874990999,-27.385212850167
1.11093789212831,-26.0097241620937,-0.86722406628714,-25.1425000958066,-26.0097241620937
