Total_energy,Adsorption_energy,Rigid_adsorption_energy,Deformation_energy,dEad/dNi
-1.8056487052511,-28.9263107594731,-2.10663009989479,-26.8196806595783,-28.9263107594731
-1.22763476788538,-28.3482968221074,-1.52895225923077,-26.8193445628766,-28.3482968221074
-0.809754763317285,-27.9304168175393,-1.11054921248678,-26.8198676050525,-27.9304168175393
-0.0334098284054238,-27.1540718826275,-2.01164442277128,-25.1424274598562,-27.1540718826275
0.863216542414121,-26.2574455118079,-1.11496489434109,-25.1424806174668,-26.2574455118079
