Total_energy,Adsorption_energy,Rigid_adsorption_energy,Deformation_energy,dEad/dNi
-1.79411412890769,-28.9147761831297,-2.09518238763433,-26.8195937954954,-28.9147761831297
-1.32193881381239,-28.4426008680344,-1.62290560196641,-26.819695266068,-28.4426008680344
-0.797070528917852,-27.9177325831399,-1.09799969835989,-26.81973288478,-27.9177325831399
-0.305387720005212,-27.4260497742272,-0.606133818713367,-26.8199159555139,-27.4260497742272
0.143420856767508,-26.9772411974545,-1.83487080841089,-25.1423703890436,-26.9772411974545
