Total_energy,Adsorption_energy,Rigid_adsorption_energy,Deformation_energy,dEad/dNi
-1.76548732619453,-28.8861493804166,-2.06648932291804,-26.8196600574985,-28.8861493804166
-1.25225089753555,-28.3729129517576,-1.55358509605375,-26.8193278557038,-28.3729129517576
-0.772108937759822,-27.8927709919819,-1.0734120143859,-26.819358977596,-27.8927709919819
0.0182179929182116,-27.1024440613038,-1.95958003198427,-25.1428640293196,-27.1024440613038
1.57405737069353,-25.5466046835285,-0.404247796236739,-25.1423568872918,-25.5466046835285
