Total_energy,Adsorption_energy,Rigid_adsorption_energy,Deformation_energy,dEad/dNi
-1.72084285085704,-28.8415049050791,-2.02173497345589,-26.8197699316232,-28.8415049050791
-1.30821183910631,-28.4288738933283,-1.60996590997478,-26.8189079833536,-28.4288738933283
-0.682412356475976,-27.803074410698,-0.983409777917055,-26.819664632781,-27.803074410698
-0.0659619185928552,-27.1866239728149,-0.366971939845916,-26.819652032969,-27.1866239728149
0.87986284450829,-26.2407992097137,-1.09841115887474,-25.142388050839,-26.2407992097137
