Total_energy,Adsorption_energy,Rigid_adsorption_energy,Deformation_energy,dEad/dNi
-1.8016878034568,-28.9223498576788,-2.10248063498878,-26.8198692226901,-28.9223498576788
-1.35079580680285,-28.4714578610249,-1.65403527618918,-26.8174225848357,-28.4714578610249
-0.61567667464631,-27.7363387288683,-0.917789707387537,-26.8185490214808,-27.7363387288683
-0.0684634001228299,-27.1891254543449,-2.04651799214003,-25.1426074622048,-27.1891254543449
1.23105208446075,-25.8896099697613,-0.747187306901464,-25.1424226628598,-25.8896099697613
