Total_energy,Adsorption_energy,Rigid_adsorption_energy,Deformation_energy,dEad/dNi
-1.78275944702487,-28.9034215012469,-2.08363807849689,-26.81978342275,-28.9034215012469
-1.34264171868081,-28.4633037729028,-1.64362385101365,-26.8196799218892,-28.4633037729028
-0.850090170409515,-27.9707522246315,-1.15089823233312,-26.8198539922984,-27.9707522246315
-0.086743760121571,-27.2074058143436,-2.06507336820378,-25.1423324461398,-27.2074058143436
0.819795040182132,-26.3008670140399,-1.15817748311979,-25.1426895309201,-26.3008670140399
