Total_energy,Adsorption_energy,Rigid_adsorption_energy,Deformation_energy,dEad/dNi
-1.80393703853965,-28.9245990927617,-2.10483026272711,-26.8197688300346,-28.9245990927617
-1.24572533887653,-28.3663873930986,-1.54749776333685,-26.8188896297617,-28.3663873930986
-0.64074797728642,-27.7614100315085,-0.942000072340129,-26.8194099591683,-27.7614100315085
0.922779931495064,-26.197882122727,-1.05550304692992,-25.142379075797,-26.197882122727
1.57210931851538,-25.5485527357067,-0.406186721218575,-25.1423660144881,-25.5485527357067
