Total_energy,Adsorption_energy,Rigid_adsorption_energy,Deformation_energy,dEad/dNi
-1.75561009705682,-28.8762721512788,-2.05656582327024,-26.8197063280086,-28.8762721512788
-1.3432050475109,-28.4638671017329,-1.64395824558007,-26.8199088561529,-28.4638671017329
-0.736360452721484,-27.8570225069435,-1.0373136292167,-26.8197088777268,-27.8570225069435
0.235978467335523,-26.8846835868865,-1.73679441474897,-25.1478891721375,-26.8846835868865
1.01350933350479,-26.1071527207172,-0.964688923565912,-25.1424637971513,-26.1071527207172
