Total_energy,Adsorption_energy,Rigid_adsorption_energy,Deformation_energy,dEad/dNi
-1.80385072057313,-28.9245127747952,-2.10464373692308,-26.8198690378721,-28.9245127747952
-1.28967959351938,-28.4103416477414,-1.59054417911553,-26.8197974686259,-28.4103416477414
-0.821328253028551,-27.9419903072506,-1.12211473896698,-26.8198755682836,-27.9419903072506
-0.514721833304524,-27.6353838875266,-0.817518446400733,-26.8178654411258,-27.6353838875266
-0.0999833691026366,-27.2206454233247,-2.07770147600596,-25.1429439473187,-27.2206454233247
