Total_energy,Adsorption_energy,Rigid_adsorption_energy,Deformation_energy,dEad/dNi
-1.78708664718597,-28.907748701408,-2.08792634634199,-26.819822355066,-28.907748701408
-1.12234226205641,-28.2430043162784,-1.42403244430651,-26.8189718719719,-28.2430043162784
-0.626809025173068,-27.7474710793951,-0.927568271427748,-26.8199028079674,-27.7474710793951
-0.0619610765938048,-27.1826231308158,-2.04018754200852,-25.1424355888073,-27.1826231308158
1.32858402522806,-25.792078028994,-0.649736455296073,-25.1423415736979,-25.792078028994
