Total_energy,Adsorption_energy,Rigid_adsorption_energy,Deformation_energy,dEad/dNi
-1.774958150387,-28.895620204609,-2.07608146690748,-26.8195387377015,-28.895620204609
-1.35985574679264,-28.4805178010147,-1.66526342326238,-26.8152543777523,-28.4805178010147
-0.614759836754967,-27.735421890977,-0.917790644289411,-26.8176312466876,-27.735421890977
0.687696718156926,-26.4329653360651,-1.29034363060973,-25.1426217054554,-26.4329653360651
1.51921112791882,-25.6014509263032,-0.459117468638871,-25.1423334576643,-25.6014509263032
