Total_energy,Adsorption_energy,Rigid_adsorption_energy,Deformation_energy,dEad/dNi
-1.78661152720087,-28.9072735814229,-2.08738707911442,-26.8198865023085,-28.9072735814229
-1.22833150889738,-28.3489935631194,-1.52921277482639,-26.819780788293,-28.3489935631194
-0.82418230321342,-27.9448443574355,-1.12491353293509,-26.8199308245004,-27.9448443574355
-0.110092935265673,-27.2307549894877,-2.0883552905035,-25.1423996989842,-27.2307549894877
1.01307796876335,-26.1075840854587,-0.964908535972345,-25.1426755494863,-26.1075840854587
