Total_energy,Adsorption_energy,Rigid_adsorption_energy,Deformation_energy,dEad/dNi
-1.83324490900962,-28.9539069632317,-2.13405032732082,-26.8198566359108,-28.9539069632317
-1.31823587077028,-28.4388979249923,-1.62037429927352,-26.8185236257188,-28.4388979249923
-0.712689993166136,-27.8333520473882,-1.01489521959771,-26.8184568277905,-27.8333520473882
0.931105949402132,-26.1895561048199,-1.0472420505651,-25.1423140542548,-26.1895561048199
