Total_energy,Adsorption_energy,Rigid_adsorption_energy,Deformation_energy,dEad/dNi
-1.79870648250644,-28.9193685367285,-2.09954250086126,-26.8198260358672,-28.9193685367285
-1.36143122188612,-28.4820932761082,-1.6626620060615,-26.8194312700467,-28.4820932761082
-0.864407042072888,-27.9850690962949,-1.16526802269215,-26.8198010736028,-27.9850690962949
0.370164128956794,-26.7504979252652,-1.60772626782682,-25.1427716574384,-26.7504979252652
1.17590462023719,-25.9447574339848,-0.802367024245036,-25.1423904097398,-25.9447574339848
