Total_energy,Adsorption_energy,Rigid_adsorption_energy,Deformation_energy,dEad/dNi
-1.80286052282022,-28.9235225770423,-2.10373875395281,-26.8197838230894,-28.9235225770423
-1.35491294507167,-28.4755749992937,-1.65571572203623,-26.8198592772575,-28.4755749992937
-0.761190720760174,-27.8818527749822,-1.06222718189229,-26.8196255930899,-27.8818527749822
-0.349414008953079,-27.4700760631751,-0.650426126499566,-26.8196499366755,-27.4700760631751
0.888212303640713,-26.2324497505813,-1.09009918571744,-25.1423505648639,-26.2324497505813
