Total_energy,Adsorption_energy,Rigid_adsorption_energy,Deformation_energy,dEad/dNi
-1.81440040549065,-28.9350624597127,-2.11572781560276,-26.8193346441099,-28.9350624597127
-1.36060676886417,-28.4812688230862,-1.66322651007783,-26.8180423130084,-28.4812688230862
-0.813906904546949,-27.934568958769,-1.11473932399909,-26.8198296347699,-27.934568958769
-0.061497050583937,-27.182159104806,-2.03982216273248,-25.1423369420735,-27.182159104806
0.427535902594697,-26.6931261516273,-1.55075736268746,-25.1423687889399,-26.6931261516273
