Total_energy,Adsorption_energy,Rigid_adsorption_energy,Deformation_energy,dEad/dNi
-1.80388885935403,-28.9245509135761,-2.10466495227686,-26.8198859612992,-28.9245509135761
-1.3630146564435,-28.4836767106655,-1.66382035792654,-26.819856352739,-28.4836767106655
-0.662650003916997,-27.783312058139,-0.963469249610266,-26.8198428085288,-27.783312058139
-0.0635031025283317,-27.1841651567504,-2.04171254261773,-25.1424526141326,-27.1841651567504
1.2573562663509,-25.8633057878711,-0.720849979425362,-25.1424558084458,-25.8633057878711
