Total_energy,Adsorption_energy,Rigid_adsorption_energy,Deformation_energy,dEad/dNi
-1.79428046133359,-28.9149425155556,-2.09514869126091,-26.8197938242947,-28.9149425155556
-1.22188851251235,-28.3425505667344,-1.52288859056628,-26.8196619761681,-28.3425505667344
-0.672091131383936,-27.792753185606,-0.972991978546392,-26.8197612070596,-27.792753185606
-0.100379806276735,-27.2210418604988,-2.07858186648804,-25.1424599940107,-27.2210418604988
0.941250957357678,-26.1794110968644,-1.03704607336116,-25.1423650235032,-26.1794110968644
