Total_energy,Adsorption_energy,Rigid_adsorption_energy,Deformation_energy,dEad/dNi
-1.81598429706848,-28.9366463512905,-2.11685879352154,-26.819787557769,-28.9366463512905
-1.18930719450724,-28.3099692487293,-1.49067166873864,-26.8192975799906,-28.3099692487293
-0.749795622784021,-27.8704576770061,-1.05071639092738,-26.8197412860787,-27.8704576770061
-0.313441734277679,-27.4341037884997,-0.614468471519456,-26.8196353169803,-27.4341037884997
0.450038839030078,-26.670623215192,-1.52814860934507,-25.1424746058469,-26.670623215192
