Total_energy,Adsorption_energy,Rigid_adsorption_energy,Deformation_energy,dEad/dNi
-1.74011945161213,-28.8607815058342,-2.0409924985021,-26.8197890073321,-28.8607815058342
-1.20327208936102,-28.3239341435831,-1.50419642919068,-26.8197377143924,-28.3239341435831
-0.764408528486837,-27.8850705827089,-1.06536094346456,-26.8197096392443,-27.8850705827089
0.0780051147832674,-27.0426569394388,-1.89993566371746,-25.1427212757213,-27.0426569394388
1.29381529396402,-25.826846760258,-0.684470112353261,-25.1423766479048,-25.826846760258
