Total_energy,Adsorption_energy,Rigid_adsorption_energy,Deformation_energy,dEad/dNi
-1.72796193889411,-28.8486239931161,-2.02883101995651,-26.8197929731596,-28.8486239931161
-1.31548792195416,-28.4361499761762,-1.61660532738434,-26.8195446487919,-28.4361499761762
-0.690358658854953,-27.811020713077,-0.991463033140142,-26.8195576799368,-27.811020713077
0.151982629085152,-26.9686794251369,-1.82602501546613,-25.1426544096708,-26.9686794251369
1.03514673054408,-26.0855153236779,-0.943079341577281,-25.1424359821007,-26.0855153236779
