Total_energy,Adsorption_energy,Rigid_adsorption_energy,Deformation_energy,dEad/dNi
-1.82361864270244,-28.9442806969245,-2.1246198278622,-26.8196608690623,-28.9442806969245
-1.30101990444677,-28.4216819586688,-1.60198622181817,-26.8196957368506,-28.4216819586688
-0.816590479743666,-27.9372525339657,-1.11735483923828,-26.8198976947274,-27.9372525339657
-0.379867328811179,-27.5005293830332,-0.681187263116571,-26.8193421199166,-27.5005293830332
0.694274427639353,-26.4263876265827,-1.28403329621738,-25.1423543303653,-26.4263876265827
