Total_energy,Adsorption_energy,Rigid_adsorption_energy,Deformation_energy,dEad/dNi
-1.78637262909959,-28.9070346833216,-2.08722496329931,-26.8198097200223,-28.9070346833216
-1.20707396006357,-28.3277360142856,-1.509320312772,-26.8184157015136,-28.3277360142856
-0.777553525454303,-27.8982155796763,-1.07869951707229,-26.819516062604,-27.8982155796763
-0.348491054289447,-27.4691531085115,-0.649278362897127,-26.8198747456144,-27.4691531085115
0.551187709712763,-26.5694743445093,-1.42693689235164,-25.1425374521576,-26.5694743445093
