Total_energy,Adsorption_energy,Rigid_adsorption_energy,Deformation_energy,dEad/dNi
-1.75674582617841,-28.8774078804004,-2.05754149657626,-26.8198663838242,-28.8774078804004
-1.15534190291774,-28.2760039571398,-1.45773833409949,-26.8182656230403,-28.2760039571398
-0.323227687375063,-27.4438897415971,-0.624190558449564,-26.8196991831475,-27.4438897415971
-0.152684874155871,-27.2733469283779,-0.453458147922019,-26.8198887804559,-27.2733469283779
0.850374380506428,-26.2702876737156,-1.1275787923267,-25.1427088813889,-26.2702876737156
