Total_energy,Adsorption_energy,Rigid_adsorption_energy,Deformation_energy,dEad/dNi
-1.79581095339118,-28.9164730076132,-2.0969653728318,-26.8195076347814,-28.9164730076132
-1.14147492996649,-28.2621369841885,-1.44236097642007,-26.8197760077685,-28.2621369841885
-0.577795245225035,-27.6984572994471,-0.878788215078076,-26.819669084369,-27.6984572994471
0.719142431640065,-26.401519622582,-1.25915809565294,-25.142361526929,-26.401519622582
1.61955249843246,-25.5011095557896,-0.358723972054841,-25.1423855837347,-25.5011095557896
