Total_energy,Adsorption_energy,Rigid_adsorption_energy,Deformation_energy,dEad/dNi
-1.80687756753254,-28.9275396217546,-2.10772219488641,-26.8198174268682,-28.9275396217546
-1.32929678698692,-28.449958841209,-1.63008784016094,-26.819871001048,-28.449958841209
-0.825715115050124,-27.9463771692722,-1.12823393928395,-26.8181432299882,-27.9463771692722
-0.10033744604862,-27.2209995002707,-2.07861066498128,-25.1423888352894,-27.2209995002707
0.111242625582364,-27.0094194286397,-1.86700854985727,-25.1424108787824,-27.0094194286397
