Total_energy,Adsorption_energy,Rigid_adsorption_energy,Deformation_energy,dEad/dNi
-1.78858899053237,-28.9092510447544,-2.08945549730347,-26.8197955474509,-28.9092510447544
-1.19448959759426,-28.3151516518163,-1.49542059225698,-26.8197310595593,-28.3151516518163
-0.537677629632144,-27.6583396838542,-0.83955682347074,-26.8187828603834,-27.6583396838542
-0.0862445666407852,-27.2069066208628,-2.06454048242135,-25.1423661384415,-27.2069066208628
1.13285322399825,-25.9878088302238,-0.845432967232132,-25.1423758629916,-25.9878088302238
