Total_energy,Adsorption_energy,Rigid_adsorption_energy,Deformation_energy,dEad/dNi
-1.81082659505511,-28.9314886492771,-2.11161061460067,-26.8198780346765,-28.9314886492771
-1.31953406345185,-28.4401961176739,-1.62089834180758,-26.8192977758663,-28.4401961176739
-0.824758728674718,-27.9454207828968,-1.12648210121101,-26.8189386816857,-27.9454207828968
-0.0842578895687445,-27.2049199437908,-2.06239147629361,-25.1425284674972,-27.2049199437908
1.0905223793238,-26.0301396748982,-0.887746834107628,-25.1423928407906,-26.0301396748982
