Total_energy,Adsorption_energy,Rigid_adsorption_energy,Deformation_energy,dEad/dNi
-1.80231317953293,-28.922975233755,-2.10331565802389,-26.8196595757311,-28.922975233755
-1.24134167486851,-28.3620037290905,-1.54327941762472,-26.8187243114658,-28.3620037290905
-0.626014803691286,-27.7466768579133,-0.926965209183928,-26.8197116487294,-27.7466768579133
0.668557349679787,-26.4521047045422,-1.30973351408865,-25.1423711904536,-26.4521047045422
1.5472917253825,-25.5733703288395,-0.431154455965812,-25.1422158728737,-25.5733703288395
