Total_energy,Adsorption_energy,Rigid_adsorption_energy,Deformation_energy,dEad/dNi
-1.67671758485736,-1.90284121318488,-1.67672045749971,-0.22612075568517,-1.90284121318488
-1.21544860871043,-1.44157223703795,-1.21546522325853,-0.226107013779421,-1.44157223703795
-0.771600931242675,-0.997724559570195,-0.771612917717712,-0.226111641852482,-0.997724559570195
-0.238816316030827,-0.464939944358346,-0.23882534747585,-0.226114596882496,-0.464939944358346
