Total_energy,Adsorption_energy,Rigid_adsorption_energy,Deformation_energy,dEad/dNi
-1.68338591676365,-1.90950954509116,-1.68340238011858,-0.226107164972583,-1.90950954509116
-1.18939724655703,-1.41552087488455,-1.18944160318703,-0.226079271697523,-1.41552087488455
-0.670412753297929,-0.896536381625448,-0.670494292107832,-0.226042089517617,-0.896536381625448
