Total_energy,Adsorption_energy,Rigid_adsorption_energy,Deformation_energy,dEad/dNi
-1.67851408960493,-1.90463771793245,-1.67854307208487,-0.226094645847576,-1.90463771793245
-1.03419924454798,-1.2603228728755,-1.03421275706876,-0.226110115806743,-1.2603228728755
-0.692058002194093,-0.918181630521612,-0.692069844382529,-0.226111786139083,-0.918181630521612
-0.210297765777556,-0.436421394105075,-0.210311992564383,-0.226109401540691,-0.436421394105075
