Total_energy,Adsorption_energy,Rigid_adsorption_energy,Deformation_energy,dEad/dNi
-1.67989322505235,-1.90601685337987,-1.67992697716306,-0.226089876216805,-1.90601685337987
-1.11746323099733,-1.34358685932485,-1.11758288190483,-0.226003977420019,-1.34358685932485
-0.591107353911561,-0.81723098223908,-0.592544789172183,-0.224686193066896,-0.81723098223908
