Total_energy,Adsorption_energy,Rigid_adsorption_energy,Deformation_energy,dEad/dNi
-1.68637690024958,-1.9125005285771,-1.6864819041844,-0.226018624392694,-1.9125005285771
-1.06856649181608,-1.2946901201436,-1.0685685998916,-0.226121520251999,-1.2946901201436
-0.763725280434074,-0.989848908761593,-0.763739962287603,-0.22610894647399,-0.989848908761593
