Total_energy,Adsorption_energy,Rigid_adsorption_energy,Deformation_energy,dEad/dNi
-1.68144452711152,-1.90756815543904,-1.68151260161101,-0.226055553828033,-1.90756815543904
-1.23560182877681,-1.46172545710433,-1.23563726539501,-0.226088191709322,-1.46172545710433
-0.850028328700177,-1.0761519570277,-0.850044762115648,-0.226107194912049,-1.0761519570277
-0.26805284254936,-0.494176470876879,-0.268091649154076,-0.226084821722804,-0.494176470876879
