Total_energy,Adsorption_energy,Rigid_adsorption_energy,Deformation_energy,dEad/dNi
-1.691292213303,-1.91741584163052,-1.69132239508341,-0.226093446547116,-1.91741584163052
-1.22334662246416,-1.44947025079168,-1.2233562501757,-0.226114000615975,-1.44947025079168
-0.70546814106492,-0.931591769392439,-0.70548054410255,-0.22611122528989,-0.931591769392439
