Total_energy,Adsorption_energy,Rigid_adsorption_energy,Deformation_energy,dEad/dNi
-1.6786714049976,-1.90479503332512,-1.6787243604341,-0.226070672891015,-1.90479503332512
-1.08316326510867,-1.30928689343619,-1.08318002420929,-0.226106869226901,-1.30928689343619
-0.556406457320287,-0.782530085647807,-0.556419091015084,-0.226110994632722,-0.782530085647807
