Total_energy,Adsorption_energy,Rigid_adsorption_energy,Deformation_energy,dEad/dNi
-1.68180444692128,-1.9079280752488,-1.68184254753003,-0.226085527718771,-1.9079280752488
-1.25220463416531,-1.47832826249283,-1.25222322841193,-0.226105034080897,-1.47832826249283
-0.848362171790688,-1.07448580011821,-0.848369507038692,-0.226116293079514,-1.07448580011821
-0.284463203762436,-0.510586832089955,-0.284484153676551,-0.226102678413404,-0.510586832089955
