Total_energy,Adsorption_energy,Rigid_adsorption_energy,Deformation_energy,dEad/dNi
-1.6864481894959,-1.91257181782342,-1.68645735706404,-0.226114460759383,-1.91257181782342
-1.1376049231799,-1.36372855150742,-1.1376074611822,-0.226121090325215,-1.36372855150742
-0.925400371777153,-1.15152400010467,-0.925428496239426,-0.226095503865246,-1.15152400010467
-0.262028338008211,-0.48815196633573,-0.262040265677705,-0.226111700658025,-0.48815196633573
