Total_energy,Adsorption_energy,Rigid_adsorption_energy,Deformation_energy,dEad/dNi
-1.69022193719658,-1.91634556552409,-1.6902276816483,-0.226117883875797,-1.91634556552409
-1.1857113252903,-1.41183495361782,-1.18576552860816,-0.22606942500966,-1.41183495361782
-0.658129888677986,-0.884253517005505,-0.658150090691205,-0.2261034263143,-0.884253517005505
-0.469921827473639,-0.696045455801159,-0.469958571340112,-0.226086884461047,-0.696045455801159
