Total_energy,Adsorption_energy,Rigid_adsorption_energy,Deformation_energy,dEad/dNi
-1.68469737951172,-1.91082100783924,-1.68472512784568,-0.226095879993558,-1.91082100783924
-1.25333547585328,-1.4794591041808,-1.2533790520516,-0.226080052129201,-1.4794591041808
-0.688469807428136,-0.914593435755655,-0.688470653520357,-0.226122782235298,-0.914593435755655
-0.179688915874486,-0.405812544202005,-0.179698778042659,-0.226113766159347,-0.405812544202005
