Total_energy,Adsorption_energy,Rigid_adsorption_energy,Deformation_energy,dEad/dNi
-1.70710569200122,-1.93322932032874,-1.70712983018858,-0.226099490140152,-1.93322932032874
-1.20494678979447,-1.43107041812199,-1.20496413215851,-0.226106285963477,-1.43107041812199
-1.18158423802861,-1.40770786635613,-1.18160789130113,-0.226099975055002,-1.40770786635613
-0.874204194854746,-1.10032782318227,-0.874214308110567,-0.226113515071699,-1.10032782318227
-0.259146867556362,-0.485270495883881,-0.259165610344748,-0.226104885539133,-0.485270495883881
