Total_energy,Adsorption_energy,Rigid_adsorption_energy,Deformation_energy,dEad/dNi
-1.6924067962778,-1.91853042460532,-1.69242209598846,-0.226108328616856,-1.91853042460532
-1.20813044866128,-1.4342540769888,-1.20815492217153,-0.226099154817273,-1.4342540769888
-0.699488126447905,-0.925611754775424,-0.699499958525536,-0.226111796249888,-0.925611754775424
-0.252168346447771,-0.47829197477529,-0.252206614189072,-0.226085360586218,-0.47829197477529
