Total_energy,Adsorption_energy,Rigid_adsorption_energy,Deformation_energy,dEad/dNi
-1.68220254998206,-1.90832617830958,-1.68220887826605,-0.226117300043523,-1.90832617830958
-1.21731335889083,-1.44343698721835,-1.21732268319541,-0.226114304022935,-1.44343698721835
-0.767667712329852,-0.993791340657371,-0.767696572757637,-0.226094767899734,-0.993791340657371
-0.578900919721212,-0.805024548048731,-0.578934932784865,-0.226089615263866,-0.805024548048731
