Total_energy,Adsorption_energy,Rigid_adsorption_energy,Deformation_energy,dEad/dNi
-1.69894770508744,-1.92507133341496,-1.69894939787908,-0.226121935535878,-1.92507133341496
-1.28366596838379,-1.50978959671131,-1.28366764637767,-0.226121950333647,-1.50978959671131
-0.574127909250844,-0.800251537578364,-0.57413036004293,-0.226121177535434,-0.800251537578364
