Total_energy,Adsorption_energy,Rigid_adsorption_energy,Deformation_energy,dEad/dNi
-1.69721955135532,-1.92334317968284,-1.69729804332983,-0.226045136353007,-1.92334317968284
-1.27924428993692,-1.50536791826444,-1.27928588278391,-0.226082035480537,-1.50536791826444
-0.751314357725575,-0.977437986053094,-0.751356134781708,-0.226081851271386,-0.977437986053094
-0.222421693223012,-0.448545321550531,-0.222432785552312,-0.226112535998219,-0.448545321550531
