Total_energy,Adsorption_energy,Rigid_adsorption_energy,Deformation_energy,dEad/dNi
-1.68866141404689,-1.91478504237441,-1.68869969337496,-0.226085348999453,-1.91478504237441
-1.23326407620167,-1.45938770452919,-1.2332795383467,-0.226108166182491,-1.45938770452919
-0.804574202031528,-1.03069783035905,-0.804612717258978,-0.226085113100069,-1.03069783035905
-0.551987877410788,-0.778111505738308,-0.552003358637519,-0.226108147100789,-0.778111505738308
