Total_energy,Adsorption_energy,Rigid_adsorption_energy,Deformation_energy,dEad/dNi
-1.67804388335276,-1.90416751168027,-1.67819330096747,-0.225974210712804,-1.90416751168027
-1.26877010950227,-1.49489373782979,-1.26881320498069,-0.2260805328491,-1.49489373782979
-0.556517725103888,-0.782641353431407,-0.556522483759876,-0.226118869671531,-0.782641353431407
