Total_energy,Adsorption_energy,Rigid_adsorption_energy,Deformation_energy,dEad/dNi
-1.69897733543832,-1.92510096376583,-1.6990099838761,-0.226090979889734,-1.92510096376583
-1.14872683309317,-1.37485046142069,-1.14872998780658,-0.22612047361411,-1.37485046142069
-0.731410556875985,-0.957534185203505,-0.731416592703028,-0.226117592500476,-0.957534185203505
-0.243806081971407,-0.469929710298926,-0.243817333381413,-0.226112376917513,-0.469929710298926
