Total_energy,Adsorption_energy,Rigid_adsorption_energy,Deformation_energy,dEad/dNi
-1.68440647632038,-1.9105301046479,-1.68442911838614,-0.226100986261753,-1.9105301046479
-1.20195587412271,-1.42807950245023,-1.20198869319782,-0.226090809252409,-1.42807950245023
-0.770900021242398,-0.997023649569917,-0.77093455027069,-0.226089099299227,-0.997023649569917
