Total_energy,Adsorption_energy,Rigid_adsorption_energy,Deformation_energy,dEad/dNi
-1.70149997044015,-1.92762359876767,-1.70150832062816,-0.226115278139512,-1.92762359876767
-1.23181477522416,-1.45793840355168,-1.23182099534618,-0.226117408205504,-1.45793840355168
-0.665931176085571,-0.89205480441309,-0.66594035346438,-0.22611445094871,-0.89205480441309
-0.289219779303323,-0.515343407630843,-0.289259054270651,-0.226084353360191,-0.515343407630843
