Total_energy,Adsorption_energy,Rigid_adsorption_energy,Deformation_energy,dEad/dNi
-1.68858004015769,-1.91470366848521,-1.68858472522127,-0.226118943263941,-1.91470366848521
-1.18776317646668,-1.4138868047942,-1.18784311543971,-0.226043689354491,-1.4138868047942
-0.971812135396642,-1.19793576372416,-0.971988120983772,-0.22594764274039,-1.19793576372416
-0.254630635433132,-0.480754263760651,-0.254637660450213,-0.226116603310438,-0.480754263760651
