Total_energy,Adsorption_energy,Rigid_adsorption_energy,Deformation_energy,dEad/dNi
-1.68585014512774,-1.91197377345526,-1.68586542116273,-0.226108352292529,-1.91197377345526
-1.19778688681666,-1.42391051514418,-1.19781265778543,-0.226097857358756,-1.42391051514418
-0.869477966471335,-1.09560159479885,-0.869503402913286,-0.226098191885568,-1.09560159479885
-0.567960740573458,-0.794084368900977,-0.567979120285006,-0.226105248615971,-0.794084368900977
