Total_energy,Adsorption_energy,Rigid_adsorption_energy,Deformation_energy,dEad/dNi
-1.70364906195536,-1.92977269028288,-1.70366337491941,-0.226109315363474,-1.92977269028288
-1.2382564201691,-1.46438004849662,-1.238270334425,-0.226109714071615,-1.46438004849662
-0.772173792363529,-0.998297420691048,-0.772183394388732,-0.226114026302317,-0.998297420691048
