Total_energy,Adsorption_energy,Rigid_adsorption_energy,Deformation_energy,dEad/dNi
-1.69895555372408,-1.9250791820516,-1.69898841190465,-0.226090770146949,-1.9250791820516
-1.12457091179874,-1.35069454012626,-1.12460402884386,-0.226090511282403,-1.35069454012626
-0.876164902063506,-1.10228853039103,-0.87617550553019,-0.226113024860836,-1.10228853039103
