Total_energy,Adsorption_energy,Rigid_adsorption_energy,Deformation_energy,dEad/dNi
-1.69729628792009,-1.92341991624761,-1.6973396907652,-0.226080225482412,-1.92341991624761
-1.20633867253667,-1.43246230086419,-1.20636122681486,-0.226101074049325,-1.43246230086419
-0.600679704540022,-0.826803332867541,-0.600705983263352,-0.226097349604189,-0.826803332867541
