Total_energy,Adsorption_energy,Rigid_adsorption_energy,Deformation_energy,dEad/dNi
-1.6841655178347,-1.91028914616222,-1.68418088017448,-0.226108265987743,-1.91028914616222
-1.21410558878996,-1.44022921711748,-1.2142306483377,-0.225998568779782,-1.44022921711748
-0.488439714180111,-0.71456334250763,-0.488442802845549,-0.226120539662081,-0.71456334250763
