Total_energy,Adsorption_energy,Rigid_adsorption_energy,Deformation_energy,dEad/dNi
-1.69602912019978,-1.9221527485273,-1.6960446883311,-0.226108060196206,-1.9221527485273
-1.27389531674618,-1.5000189450737,-1.27391894393603,-0.226100001137665,-1.5000189450737
-0.812735576862623,-1.03885920519014,-0.81276197856806,-0.226097226622082,-1.03885920519014
-0.260908634637369,-0.487032262964888,-0.260925861967625,-0.226106400997263,-0.487032262964888
