Total_energy,Adsorption_energy,Rigid_adsorption_energy,Deformation_energy,dEad/dNi
-1.67590923857648,-1.902032866904,-1.67592606546107,-0.226106801442923,-1.902032866904
-1.25362853932757,-1.47975216765509,-1.25365661148362,-0.226095556171468,-1.47975216765509
-0.778057704143335,-1.00418133247085,-0.778069514197662,-0.226111818273192,-1.00418133247085
-0.248869739029292,-0.474993367356811,-0.248879511874566,-0.226113855482246,-0.474993367356811
