Total_energy,Adsorption_energy,Rigid_adsorption_energy,Deformation_energy,dEad/dNi
-1.6882801147576,-1.91440374308512,-1.68832093762872,-0.226082805456404,-1.91440374308512
-1.23345519775967,-1.45957882608719,-1.23346790467872,-0.226110921408474,-1.45957882608719
-0.68566352178302,-0.911787150110539,-0.685690264222309,-0.22609688588823,-0.911787150110539
-0.233337608965633,-0.459461237293152,-0.233347279118508,-0.226113958174644,-0.459461237293152
