Total_energy,Adsorption_energy,Rigid_adsorption_energy,Deformation_energy,dEad/dNi
-1.6807289629932,-1.90685259132072,-1.68075783196776,-0.226094759352955,-1.90685259132072
-1.21223421150276,-1.43835783983027,-1.21225154620394,-0.226106293626339,-1.43835783983027
-0.790123956050856,-1.01624758437838,-0.790125794280385,-0.226121790097991,-1.01624758437838
-0.572415441441403,-0.798539069768922,-0.572418458704293,-0.226120611064629,-0.798539069768922
