Total_energy,Adsorption_energy,Rigid_adsorption_energy,Deformation_energy,dEad/dNi
-1.69872253891316,-1.92484616724068,-1.69876959793208,-0.226076569308598,-1.92484616724068
-1.2525825031536,-1.47870613148112,-1.25263392758848,-0.226072203892642,-1.47870613148112
-0.707368778768991,-0.93349240709651,-0.707380956217794,-0.226111450878717,-0.93349240709651
-0.258734419183335,-0.484858047510854,-0.258751840731405,-0.226106206779449,-0.484858047510854
