Total_energy,Adsorption_energy,Rigid_adsorption_energy,Deformation_energy,dEad/dNi
-1.70898240170205,-1.93510603002957,-1.70901157257799,-0.226094457451578,-1.93510603002957
-1.25350577613493,-1.47962940446245,-1.25351159551112,-0.226117808951322,-1.47962940446245
-0.78687844858645,-1.01300207691397,-0.786907345888843,-0.226094731025127,-1.01300207691397
-0.257216032045526,-0.483339660373045,-0.25722354711591,-0.226116113257135,-0.483339660373045
