Total_energy,Adsorption_energy,Rigid_adsorption_energy,Deformation_energy,dEad/dNi
-1.70075475193431,-1.92687838026183,-1.70077899267151,-0.226099387590314,-1.92687838026183
-1.28303825572727,-1.50916188405478,-1.28304481880221,-0.226117065252571,-1.50916188405478
-0.582728094687885,-0.808851723015404,-0.582734547521228,-0.226117175494176,-0.808851723015404
