Total_energy,Adsorption_energy,Rigid_adsorption_energy,Deformation_energy,dEad/dNi
-1.68632688097991,-1.91245050930742,-1.68638084919826,-0.226069660109161,-1.91245050930742
-1.072219333256,-1.29834296158352,-1.07222505416388,-0.226117907419639,-1.29834296158352
-0.752919485430749,-0.979043113758268,-0.752920335774083,-0.226122777984185,-0.979043113758268
-0.255308443743853,-0.481432072071372,-0.255332096779073,-0.226099975292298,-0.481432072071372
