Total_energy,Adsorption_energy,Rigid_adsorption_energy,Deformation_energy,dEad/dNi
-1.70564445590743,-1.93176808423495,-1.70568452153905,-0.226083562695905,-1.93176808423495
-1.26400501634744,-1.49012864467496,-1.26400737362039,-0.226121271054569,-1.49012864467496
-1.00505361383875,-1.23117724216627,-1.00507340091374,-0.226103841252533,-1.23117724216627
-0.505634439033462,-0.731758067360981,-0.505641761090678,-0.226116306270303,-0.731758067360981
