Total_energy,Adsorption_energy,Rigid_adsorption_energy,Deformation_energy,dEad/dNi
-1.69151951853201,-1.91764314685953,-1.69151964780557,-0.226123499053964,-1.91764314685953
-1.03867347102778,-1.2647970993553,-1.038696300113,-0.226100799242296,-1.2647970993553
-0.4509042422895,-0.677027870617019,-0.450915227315088,-0.226112643301931,-0.677027870617019
