Total_energy,Adsorption_energy,Rigid_adsorption_energy,Deformation_energy,dEad/dNi
-1.69205310660171,-1.91817673492923,-1.69206901674661,-0.226107718182618,-1.91817673492923
-1.24487061687582,-1.47099424520334,-1.24487682352093,-0.226117421682411,-1.47099424520334
-0.541100657195772,-0.767224285523291,-0.541121352298055,-0.226102933225236,-0.767224285523291
-0.228662137448453,-0.454785765775972,-0.228674345079838,-0.226111420696135,-0.454785765775972
