Total_energy,Adsorption_energy,Rigid_adsorption_energy,Deformation_energy,dEad/dNi
-1.68978209826113,-1.91590572658865,-1.68980588152197,-0.226099845066679,-1.91590572658865
-1.21097326851964,-1.43709689684716,-1.21099096363936,-0.2261059332078,-1.43709689684716
-0.495510937938756,-0.721634566266275,-0.495523998451273,-0.226110567815002,-0.721634566266275
