Total_energy,Adsorption_energy,Rigid_adsorption_energy,Deformation_energy,dEad/dNi
-1.68662309536934,-1.91274672369686,-1.68669629769565,-0.226050426001208,-1.91274672369686
-1.27812800537213,-1.50425163369965,-1.27819362659374,-0.226058007105909,-1.50425163369965
-0.772978223472105,-0.999101851799624,-0.773043831423309,-0.226058020376315,-0.999101851799624
-0.482402307803939,-0.708525936131458,-0.482412230194186,-0.226113705937273,-0.708525936131458
