Total_energy,Adsorption_energy,Rigid_adsorption_energy,Deformation_energy,dEad/dNi
-1.70840801094173,-1.93453163926925,-1.70843124943915,-0.226100389830102,-1.93453163926925
-1.24040263538218,-1.4665262637097,-1.24043645851555,-0.226089805194149,-1.4665262637097
-0.575986783253806,-0.802110411581325,-0.576059957233904,-0.226050454347421,-0.802110411581325
