Total_energy,Adsorption_energy,Rigid_adsorption_energy,Deformation_energy,dEad/dNi
-1.69440172017669,-1.92052534850421,-1.69441317329797,-0.226112175206236,-1.92052534850421
-1.2689927739989,-1.49511640232642,-1.2690025474393,-0.226113854887116,-1.49511640232642
-0.694111081668176,-0.920234709995695,-0.694114454622061,-0.226120255373634,-0.920234709995695
