Total_energy,Adsorption_energy,Rigid_adsorption_energy,Deformation_energy,dEad/dNi
-1.69935286894116,-1.92547649726868,-1.69939699096006,-0.226079506308622,-1.92547649726868
-1.27700307274833,-1.50312670107585,-1.2772171125635,-0.225909588512344,-1.50312670107585
-0.783538357733109,-1.00966198606063,-0.783547670077981,-0.226114315982647,-1.00966198606063
-0.25771293205493,-0.483836560382449,-0.257746833518001,-0.226089726864447,-0.483836560382449
