Total_energy,Adsorption_energy,Rigid_adsorption_energy,Deformation_energy,dEad/dNi
-1.68416650450606,-1.91029013283358,-1.68417440288727,-0.22611572994631,-1.91029013283358
-1.18691478814222,-1.41303841646974,-1.1871321604693,-0.225906256000438,-1.41303841646974
-0.822219299370654,-1.04834292769817,-0.822310036457227,-0.226032891240946,-1.04834292769817
-0.307983007743874,-0.534106636071393,-0.308011613133334,-0.226095022938058,-0.534106636071393
