Total_energy,Adsorption_energy,Rigid_adsorption_energy,Deformation_energy,dEad/dNi
-1.80256313883175,-28.9232251930538,-2.10333083048778,-26.819894362566,-28.9232251930538
-1.33623027836347,-28.4568923325855,-1.63717957885226,-26.8197127537332,-28.4568923325855
-0.838879680402289,-27.9595417346243,-1.13966084398434,-26.81988089064,-27.9595417346243
0.421165802345337,-26.6994962518767,-1.55712817007863,-25.1423680817981,-26.6994962518767
1.23939505123737,-25.8812670029847,-0.738879615750068,-25.1423873872346,-25.8812670029847
