Total_energy,Adsorption_energy,Rigid_adsorption_energy,Deformation_energy,dEad/dNi
-1.35677976663565,-7.95659737851955,-1.35678910448446,-6.59980827403509,-7.95659737851955
-0.851690190651672,-7.45150780253557,-0.851690510826165,-6.5998172917094,-7.45150780253557
-0.240254601171354,-6.84007221305525,-0.240256085856185,-6.59981612719906,-6.84007221305525
