Total_energy,Adsorption_energy,Rigid_adsorption_energy,Deformation_energy,dEad/dNi
-1.37575701501736,-7.97557462690125,-1.37575715991604,-6.59981746698521,-7.97557462690125
-0.757818039335132,-7.35763565121903,-0.757818057122211,-6.59981759409682,-7.35763565121903
-0.229658267521371,-6.82947587940527,-0.22966580714722,-6.59981007225805,-6.82947587940527
