Total_energy,Adsorption_energy,Rigid_adsorption_energy,Deformation_energy,dEad/dNi
-1.37630791715393,-7.97612552903783,-1.37630866816648,-6.59981686087135,-7.97612552903783
-0.925660283856645,-7.52547789574054,-0.925664233781179,-6.59981366195936,-7.52547789574054
-0.230880742629276,-6.83069835451317,-0.230884183998965,-6.59981417051421,-6.83069835451317
