Total_energy,Adsorption_energy,Rigid_adsorption_energy,Deformation_energy,dEad/dNi
-1.36141585857939,-7.96123347046329,-1.36141653820517,-6.59981693225812,-7.96123347046329
-0.948121550069987,-7.54793916195388,-0.948121647287542,-6.59981751466634,-7.54793916195388
-0.28772647594746,-6.88754408783135,-0.287735027665162,-6.59980906016619,-6.88754408783135
