Total_energy,Adsorption_energy,Rigid_adsorption_energy,Deformation_energy,dEad/dNi
-1.37491112168059,-7.97472873356448,-1.37491150115502,-6.59981723240946,-7.97472873356448
-0.876872552937181,-7.47669016482108,-0.876880145501701,-6.59981001931938,-7.47669016482108
-0.552209702414521,-7.15202731429842,-0.552209824431832,-6.59981748986658,-7.15202731429842
