Total_energy,Adsorption_energy,Rigid_adsorption_energy,Deformation_energy,dEad/dNi
-1.37715593014941,-7.97697354203331,-1.37716351522889,-6.59981002680442,-7.97697354203331
-0.925127045793542,-7.52494465767744,-0.925129713791199,-6.59981494388624,-7.52494465767744
-0.318158748965204,-6.9179763608491,-0.318163891377728,-6.59981246947137,-6.9179763608491
