Total_energy,Adsorption_energy,Rigid_adsorption_energy,Deformation_energy,dEad/dNi
-1.36091932205895,-7.96073693394285,-1.36092114136908,-6.59981579257377,-7.96073693394285
-0.951755359497648,-7.55157297138154,-0.951757231157544,-6.599815740224,-7.55157297138154
-0.271602576958034,-6.87142018884193,-0.271610358805669,-6.59980983003626,-6.87142018884193
