Total_energy,Adsorption_energy,Rigid_adsorption_energy,Deformation_energy,dEad/dNi
-1.35106349727935,-7.95088110916325,-1.35106417792876,-6.59981693123449,-7.95088110916325
-0.878619072201583,-7.47843668408548,-0.878622619748539,-6.59981406433694,-7.47843668408548
-0.289180794997267,-6.88899840688116,-0.289183358470831,-6.59981504841033,-6.88899840688116
