Total_energy,Adsorption_energy,Rigid_adsorption_energy,Deformation_energy,dEad/dNi
-1.36399138243488,-7.96380899431877,-1.36399147456717,-6.5998175197516,-7.96380899431877
-0.94540110934129,-7.54521872122519,-0.945401800865719,-6.59981692035947,-7.54521872122519
-0.494613872023516,-7.09443148390741,-0.494614200688265,-6.59981728321915,-7.09443148390741
