Total_energy,Adsorption_energy,Rigid_adsorption_energy,Deformation_energy,dEad/dNi
-1.36693680152323,-7.96675441340712,-1.36694651290661,-6.59980790050051,-7.96675441340712
-0.928125729314785,-7.52794334119868,-0.928126429705746,-6.59981691149293,-7.52794334119868
-0.217485296301689,-6.81730290818558,-0.217488718060907,-6.59981419012468,-6.81730290818558
