Total_energy,Adsorption_energy,Rigid_adsorption_energy,Deformation_energy,dEad/dNi
-1.37833668076467,-7.97815429264856,-1.37835726663323,-6.59979702601533,-7.97815429264856
-0.917923135256299,-7.51774074714019,-0.917932719367208,-6.59980802777299,-7.51774074714019
-0.254034002918409,-6.8538516148023,-0.254042716164766,-6.59980889863754,-6.8538516148023
