Total_energy,Adsorption_energy,Rigid_adsorption_energy,Deformation_energy,dEad/dNi
-1.36571152279926,-7.96552913468316,-1.36571974006735,-6.59980939461581,-7.96552913468316
-0.952399444711824,-7.55221705659572,-0.952403763697233,-6.59981329289849,-7.55221705659572
-0.652760909417741,-7.25257852130164,-0.652762716774641,-6.59981580452699,-7.25257852130164
