Total_energy,Adsorption_energy,Rigid_adsorption_energy,Deformation_energy,dEad/dNi
-1.35455527184331,-7.9543728837272,-1.354566917689,-6.5998059660382,-7.9543728837272
-0.908133804508648,-7.50795141639254,-0.908133845968667,-6.59981757042388,-7.50795141639254
-0.557551120861167,-7.15736873274506,-0.557552890453293,-6.59981584229177,-7.15736873274506
