Total_energy,Adsorption_energy,Rigid_adsorption_energy,Deformation_energy,dEad/dNi
-1.36099831268905,-7.96081592457295,-1.36100178820603,-6.59981413636692,-7.96081592457295
-0.925085505211127,-7.52490311709502,-0.925086859415392,-6.59981625767963,-7.52490311709502
-0.357017445561858,-6.95683505744575,-0.35702068371656,-6.59981437372919,-6.95683505744575
