Total_energy,Adsorption_energy,Rigid_adsorption_energy,Deformation_energy,dEad/dNi
-1.37736901732665,-7.97718662921055,-1.37736909638263,-6.59981753282791,-7.97718662921055
-0.855438808306256,-7.45525642019015,-0.855438829524138,-6.59981759066601,-7.45525642019015
-0.283237585817943,-6.88305519770184,-0.28324294773202,-6.59981224996982,-6.88305519770184
