Total_energy,Adsorption_energy,Rigid_adsorption_energy,Deformation_energy,dEad/dNi
-1.35996819703338,-7.95978580891728,-1.35997220860324,-6.59981360031403,-7.95978580891728
-0.858323215548765,-7.45814082743266,-0.858331192177214,-6.59980963525545,-7.45814082743266
-0.242795991485041,-6.84261360336894,-0.242795993247206,-6.59981761012173,-6.84261360336894
