Total_energy,Adsorption_energy,Rigid_adsorption_energy,Deformation_energy,dEad/dNi
-1.36018273587288,-7.96000034775678,-1.36019436918974,-6.59980597856704,-7.96000034775678
-0.873270878124991,-7.47308849000889,-0.873277067050588,-6.5998114229583,-7.47308849000889
-0.253449413026621,-6.85326702491052,-0.253451402861544,-6.59981562204897,-6.85326702491052
