Total_energy,Adsorption_energy,Rigid_adsorption_energy,Deformation_energy,dEad/dNi
-1.36520521678748,-7.96502282867137,-1.36521789616362,-6.59980493250776,-7.96502282867137
-0.943541724132924,-7.54335933601682,-0.943543013081866,-6.59981632293495,-7.54335933601682
-0.363390584146012,-6.96320819602991,-0.363390775277489,-6.59981742075242,-6.96320819602991
