Total_energy,Adsorption_energy,Rigid_adsorption_energy,Deformation_energy,dEad/dNi
-1.35759820955682,-7.95741582144072,-1.35761464548364,-6.59980117595708,-7.95741582144072
-0.914622626273597,-7.51444023815749,-0.914625214378461,-6.59981502377903,-7.51444023815749
