Total_energy,Adsorption_energy,Rigid_adsorption_energy,Deformation_energy,dEad/dNi
-1.35612031396763,-7.95593792585153,-1.35613352525624,-6.59980440059529,-7.95593792585153
-0.885568996998321,-7.48538660888222,-0.885569016989912,-6.5998175918923,-7.48538660888222
-0.208744030939691,-6.80856164282359,-0.208751150958756,-6.59981049186483,-6.80856164282359
