Total_energy,Adsorption_energy,Rigid_adsorption_energy,Deformation_energy,dEad/dNi
-1.35990551622106,-7.95972312810495,-1.35990551924143,-6.59981760886352,-7.95972312810495
-0.943503501713305,-7.5433211135972,-0.943503715537902,-6.5998173980593,-7.5433211135972
-0.354666297046762,-6.95448390893066,-0.354670148317537,-6.59981376061312,-6.95448390893066
