Total_energy,Adsorption_energy,Rigid_adsorption_energy,Deformation_energy,dEad/dNi
-1.36046297129373,-7.96028058317763,-1.36046342697631,-6.59981715620131,-7.96028058317763
-0.771897399354828,-7.37171501123872,-0.771897544468812,-6.59981746676991,-7.37171501123872
-0.278035921639121,-6.87785353352302,-0.278038136500729,-6.59981539702229,-6.87785353352302
