Total_energy,Adsorption_energy,Rigid_adsorption_energy,Deformation_energy,dEad/dNi
-1.37498924745352,-7.97480685933741,-1.3750079266777,-6.59979893265971,-7.97480685933741
-0.928412709216753,-7.52823032110065,-0.928423881320141,-6.59980643978051,-7.52823032110065
-0.374784928110502,-6.9746025399944,-0.374786456708273,-6.59981608328612,-6.9746025399944
