Total_energy,Adsorption_energy,Rigid_adsorption_energy,Deformation_energy,dEad/dNi
-1.3792249274473,-7.9790425393312,-1.37922922715161,-6.59981331217959,-7.9790425393312
-0.938711213274709,-7.5385288251586,-0.938714805417465,-6.59981401974114,-7.5385288251586
-0.327096600149065,-6.92691421203296,-0.327101793987018,-6.59981241804594,-6.92691421203296
