Total_energy,Adsorption_energy,Rigid_adsorption_energy,Deformation_energy,dEad/dNi
-1.35677223986144,-7.95658985174534,-1.35677241349786,-6.59981743824748,-7.95658985174534
-0.915316558759257,-7.51513417064315,-0.915334904621615,-6.59979926602154,-7.51513417064315
-0.305500140607328,-6.90531775249122,-0.305506885867725,-6.5998108666235,-6.90531775249122
