Total_energy,Adsorption_energy,Rigid_adsorption_energy,Deformation_energy,dEad/dNi
-1.37709280726678,-7.97691041915068,-1.37711019575822,-6.59980022339245,-7.97691041915068
-0.901032382018203,-7.5008499939021,-0.901033845847684,-6.59981614805441,-7.5008499939021
-0.440276469198127,-7.04009408108202,-0.44028215246925,-6.59981192861277,-7.04009408108202
