Total_energy,Adsorption_energy,Rigid_adsorption_energy,Deformation_energy,dEad/dNi
-1.3596756638694,-7.95949327575329,-1.35968615144141,-6.59980712431188,-7.95949327575329
-0.931788414539366,-7.53160602642326,-0.931794386069332,-6.59981164035393,-7.53160602642326
-0.484546712760515,-7.08436432464441,-0.484546751990281,-6.59981757265413,-7.08436432464441
