Total_energy,Adsorption_energy,Rigid_adsorption_energy,Deformation_energy,dEad/dNi
-1.36062617667355,-7.96044378855744,-1.36063845161358,-6.59980533694386,-7.96044378855744
-0.925304198296876,-7.52512181018077,-0.92530659535158,-6.59981521482919,-7.52512181018077
-0.508667276317811,-7.10848488820171,-0.508667891137971,-6.59981699706374,-7.10848488820171
