Total_energy,Adsorption_energy,Rigid_adsorption_energy,Deformation_energy,dEad/dNi
-1.37367423453942,-7.97349184642331,-1.37369024001398,-6.59980160640933,-7.97349184642331
-0.951567113040915,-7.55138472492481,-0.951567123035526,-6.59981760188928,-7.55138472492481
-0.297853335896182,-6.89767094778008,-0.297854333394149,-6.59981661438593,-6.89767094778008
