Total_energy,Adsorption_energy,Rigid_adsorption_energy,Deformation_energy,dEad/dNi
-1.35933151653105,-7.95914912841495,-1.35933994525465,-6.5998091831603,-7.95914912841495
-0.819784043380595,-7.41960165526449,-0.81978589729487,-6.59981575796962,-7.41960165526449
-0.250125685156921,-6.84994329704082,-0.250125898069475,-6.59981739897134,-6.84994329704082
