Total_energy,Adsorption_energy,Rigid_adsorption_energy,Deformation_energy,dEad/dNi
-1.35975814361114,-7.95957575549504,-1.35975825833222,-6.59981749716282,-7.95957575549504
-0.899432945654579,-7.49925055753847,-0.899435681227043,-6.59981487631143,-7.49925055753847
-0.2759416650175,-6.87575927690139,-0.275944995995851,-6.59981428090554,-6.87575927690139
