Total_energy,Adsorption_energy,Rigid_adsorption_energy,Deformation_energy,dEad/dNi
-1.37107672016501,-7.97089433204891,-1.37109094652524,-6.59980338552366,-7.97089433204891
-0.941635545069083,-7.54145315695298,-0.941645698634227,-6.59980745831875,-7.54145315695298
-0.41447916557666,-7.01429677746055,-0.414479357379561,-6.59981742008099,-7.01429677746055
