Total_energy,Adsorption_energy,Rigid_adsorption_energy,Deformation_energy,dEad/dNi
-1.37757704217572,-7.97739465405962,-1.37758029064094,-6.59981436341868,-7.97739465405962
-0.890818178626635,-7.49063579051053,-0.890862627679769,-6.59977316283076,-7.49063579051053
-0.579225327833488,-7.17904293971738,-0.579227076231436,-6.59981586348595,-7.17904293971738
