Total_energy,Adsorption_energy,Rigid_adsorption_energy,Deformation_energy,dEad/dNi
-1.37871543426309,-7.97853304614698,-1.37871702241673,-6.59981602373025,-7.97853304614698
-0.89403790601593,-7.49385551789983,-0.894038079775933,-6.59981743812389,-7.49385551789983
-0.264162688802135,-6.86398030068603,-0.26416639163,-6.59981390905603,-6.86398030068603
