Total_energy,Adsorption_energy,Rigid_adsorption_energy,Deformation_energy,dEad/dNi
-1.37788113051606,-7.97769874239996,-1.37788119120771,-6.59981755119225,-7.97769874239996
-0.957587305298594,-7.55740491718249,-0.95758881371117,-6.59981610347132,-7.55740491718249
-0.287745678818742,-6.88756329070264,-0.287753535424062,-6.59980975527858,-6.88756329070264
