Total_energy,Adsorption_energy,Rigid_adsorption_energy,Deformation_energy,dEad/dNi
-1.37433435279819,-7.97415196468209,-1.37433538190612,-6.59981658277596,-7.97415196468209
-0.92491158975494,-7.52472920163884,-0.924982341006354,-6.59974686063248,-7.52472920163884
-0.289609336715294,-6.88942694859919,-0.289612895168917,-6.59981405343027,-6.88942694859919
