Total_energy,Adsorption_energy,Rigid_adsorption_energy,Deformation_energy,dEad/dNi
-1.36090348062995,-7.96072109251385,-1.36091949518121,-6.59980159733263,-7.96072109251385
-0.847811409114462,-7.44762902099836,-0.847822538113326,-6.59980648288503,-7.44762902099836
-0.312588355898677,-6.91240596778257,-0.31258882900069,-6.59981713878188,-6.91240596778257
