Total_energy,Adsorption_energy,Rigid_adsorption_energy,Deformation_energy,dEad/dNi
-1.35878624307926,-7.95860385496315,-1.35878628448452,-6.59981757047863,-7.95860385496315
-0.95462882756113,-7.55444643944502,-0.95462969806171,-6.59981674138331,-7.55444643944502
-0.266595577864785,-6.86641318974868,-0.266599819101187,-6.59981337064749,-6.86641318974868
