Total_energy,Adsorption_energy,Rigid_adsorption_energy,Deformation_energy,dEad/dNi
-1.36251289796638,-7.96233050985027,-1.36251304166492,-6.59981746818535,-7.96233050985027
-0.929513257312658,-7.52933086919655,-0.929515602676805,-6.59981526651975,-7.52933086919655
-0.338995753911324,-6.93881336579522,-0.339000675574955,-6.59981269022026,-6.93881336579522
