Total_energy,Adsorption_energy,Rigid_adsorption_energy,Deformation_energy,dEad/dNi
-1.3652667432964,-7.96508435518029,-1.36528025111434,-6.59980410406595,-7.96508435518029
-0.733503769351199,-7.33332138123509,-0.73351130620198,-6.59981007503311,-7.33332138123509
