Total_energy,Adsorption_energy,Rigid_adsorption_energy,Deformation_energy,dEad/dNi
-1.36466210254741,-7.96447971443131,-1.364662314718,-6.59981739971331,-7.96447971443131
-0.950013839287449,-7.54983145117134,-0.950013920239938,-6.59981753093141,-7.54983145117134
-0.26561917062855,-6.86543678251245,-0.265625020933547,-6.5998117615789,-6.86543678251245
