Total_energy,Adsorption_energy,Rigid_adsorption_energy,Deformation_energy,dEad/dNi
-1.3627637993345,-7.9625814112184,-1.36278157621349,-6.59979983500491,-7.9625814112184
-0.884698463000673,-7.48451607488457,-0.884698789539982,-6.59981728534459,-7.48451607488457
-0.223772534289243,-6.82359014617314,-0.223780141188824,-6.59981000498431,-6.82359014617314
