Total_energy,Adsorption_energy,Rigid_adsorption_energy,Deformation_energy,dEad/dNi
-1.37699345271495,-7.97681106459884,-1.37699703140455,-6.59981403319429,-7.97681106459884
-0.901791609084027,-7.50160922096792,-0.90179495171087,-6.59981426925705,-7.50160922096792
-0.267518089083069,-6.86733570096696,-0.267523316636512,-6.59981238433045,-6.86733570096696
