Total_energy,Adsorption_energy,Rigid_adsorption_energy,Deformation_energy,dEad/dNi
-1.37908587402718,-7.97890348591108,-1.37908587440172,-6.59981761150936,-7.97890348591108
-0.911198084718991,-7.51101569660289,-0.911199670963847,-6.59981602563904,-7.51101569660289
-0.448466762208904,-7.0482843740928,-0.448470982158324,-6.59981339193447,-7.0482843740928
