Total_energy,Adsorption_energy,Rigid_adsorption_energy,Deformation_energy,dEad/dNi
-1.35792894811019,-7.95774655999408,-1.35793158125208,-6.599814978742,-7.95774655999408
-0.927519862313272,-7.52733747419717,-0.927520613920952,-6.59981686027622,-7.52733747419717
-0.498016057821632,-7.09783366970553,-0.498016236554653,-6.59981743315087,-7.09783366970553
