Total_energy,Adsorption_energy,Rigid_adsorption_energy,Deformation_energy,dEad/dNi
-1.3766640098821,-7.97648162176599,-1.37666782281043,-6.59981379895557,-7.97648162176599
-0.94737303730893,-7.54719064919283,-0.947373433177549,-6.59981721601528,-7.54719064919283
-0.504331745203309,-7.1041493570872,-0.504338219884256,-6.59981113720295,-7.1041493570872
