Total_energy,Adsorption_energy,Rigid_adsorption_energy,Deformation_energy,dEad/dNi
-1.3630236692949,-7.9628412811788,-1.36303049494772,-6.59981078623108,-7.9628412811788
-0.894097490328657,-7.49391510221255,-0.894098406551628,-6.59981669566092,-7.49391510221255
-0.271039800988904,-6.8708574128728,-0.271043856996848,-6.59981355587595,-6.8708574128728
