Total_energy,Adsorption_energy,Rigid_adsorption_energy,Deformation_energy,dEad/dNi
-1.37320213060522,-7.97301974248912,-1.37320606791254,-6.59981367457657,-7.97301974248912
-0.945376623161658,-7.54519423504555,-0.945377216396913,-6.59981701864864,-7.54519423504555
-0.247664133408283,-6.84748174529218,-0.247669725889878,-6.5998120194023,-6.84748174529218
