Total_energy,Adsorption_energy,Rigid_adsorption_energy,Deformation_energy,dEad/dNi
-1.37748251479791,-7.9773001266818,-1.37748258237205,-6.59981754430976,-7.9773001266818
-0.882134748649093,-7.48195236053299,-0.882138645857968,-6.59981371467502,-7.48195236053299
-0.425085994751628,-7.02490360663552,-0.425089287062776,-6.59981431957275,-7.02490360663552
