Total_energy,Adsorption_energy,Rigid_adsorption_energy,Deformation_energy,dEad/dNi
-1.3454211874669,-7.9452387993508,-1.34543109155131,-6.59980770779949,-7.9452387993508
-0.890824362262513,-7.49064197414641,-0.890825809136162,-6.59981616501025,-7.49064197414641
