Total_energy,Adsorption_energy,Rigid_adsorption_energy,Deformation_energy,dEad/dNi
-1.37823908946288,-7.97805670134677,-1.37823908957995,-6.59981761176682,-7.97805670134677
-0.926961181263807,-7.5267787931477,-0.926972772732632,-6.59980602041507,-7.5267787931477
-0.341751185990906,-6.9415687978748,-0.341757081862167,-6.59981171601263,-6.9415687978748
