Total_energy,Adsorption_energy,Rigid_adsorption_energy,Deformation_energy,dEad/dNi
-1.36822373735623,-7.96804134924013,-1.36822522010261,-6.59981612913752,-7.96804134924013
-0.930317157452351,-7.53013476933625,-0.930317327640871,-6.59981744169538,-7.53013476933625
-0.342598271729825,-6.94241588361372,-0.342602315082621,-6.5998135685311,-6.94241588361372
