Total_energy,Adsorption_energy,Rigid_adsorption_energy,Deformation_energy,dEad/dNi
-1.37509148174415,-7.97490909362804,-1.37509148296579,-6.59981761066226,-7.97490909362804
-0.903848406995657,-7.50366601887955,-0.903851925380696,-6.59981409349886,-7.50366601887955
-0.493083889407007,-7.0929015012909,-0.493086070219563,-6.59981543107134,-7.0929015012909
