Total_energy,Adsorption_energy,Rigid_adsorption_energy,Deformation_energy,dEad/dNi
-1.3817096953635,-7.9815273072474,-1.38171485699709,-6.5998124502503,-7.9815273072474
-0.818270629487884,-7.41808824137178,-0.818278950541188,-6.59980929083059,-7.41808824137178
-0.232801286685141,-6.83261889856904,-0.232806065119904,-6.59981283344913,-6.83261889856904
