Total_energy,Adsorption_energy,Rigid_adsorption_energy,Deformation_energy,dEad/dNi
-1.37807280305376,-7.97789041493766,-1.37807369677289,-6.59981671816477,-7.97789041493766
-0.858196067120877,-7.45801367900477,-0.858196087199171,-6.5998175918056,-7.45801367900477
-0.434875404359213,-7.03469301624311,-0.43487830816871,-6.5998147080744,-7.03469301624311
