Total_energy,Adsorption_energy,Rigid_adsorption_energy,Deformation_energy,dEad/dNi
-1.37793223078755,-7.97774984267144,-1.37793299636236,-6.59981684630908,-7.97774984267144
-0.952414068150395,-7.55223168003429,-0.952415121621742,-6.59981655841255,-7.55223168003429
-0.295459644747951,-6.89527725663185,-0.295461444766516,-6.59981581186533,-6.89527725663185
