Total_energy,Adsorption_energy,Rigid_adsorption_energy,Deformation_energy,dEad/dNi
-1.37752190679333,-7.97733951867723,-1.37752207369059,-6.59981744498664,-7.97733951867723
-0.966906296608537,-7.56672390849243,-0.966907588139974,-6.59981632035246,-7.56672390849243
-0.186137294406993,-6.78595490629089,-0.186141293372898,-6.59981361291799,-6.78595490629089
