Total_energy,Adsorption_energy,Rigid_adsorption_energy,Deformation_energy,dEad/dNi
-1.37717870767572,-7.97699631955961,-1.37719805534635,-6.59979826421327,-7.97699631955961
-0.942027081071161,-7.54184469295506,-0.942029160810708,-6.59981553214435,-7.54184469295506
-0.536228538367192,-7.13604615025109,-0.536232531808715,-6.59981361844237,-7.13604615025109
