Total_energy,Adsorption_energy,Rigid_adsorption_energy,Deformation_energy,dEad/dNi
-1.37561524519348,-7.97543285707737,-1.37561527765209,-6.59981757942528,-7.97543285707737
-0.930958886379252,-7.53077649826315,-0.930958886759514,-6.59981761150363,-7.53077649826315
-0.575222423518294,-7.17504003540219,-0.575222552779538,-6.59981748262265,-7.17504003540219
