Total_energy,Adsorption_energy,Rigid_adsorption_energy,Deformation_energy,dEad/dNi
-1.38440395406402,-7.98422156594791,-1.3844096596398,-6.59981190630811,-7.98422156594791
-0.946110920775607,-7.5459285326595,-0.946120088115224,-6.59980844454428,-7.5459285326595
-0.27505576546387,-6.87487337734777,-0.275061147679576,-6.59981222966819,-6.87487337734777
