Total_energy,Adsorption_energy,Rigid_adsorption_energy,Deformation_energy,dEad/dNi
-1.37858205602448,-7.97839966790837,-1.37859186004016,-6.59980780786822,-7.97839966790837
-0.858581729488514,-7.45839934137241,-0.85858173892139,-6.59981760245102,-7.45839934137241
-0.294794930890494,-6.89461254277439,-0.294797266337481,-6.59981527643691,-6.89461254277439
