Total_energy,Adsorption_energy,Rigid_adsorption_energy,Deformation_energy,dEad/dNi
-1.37956416560602,-7.97938177748992,-1.3795644190493,-6.59981735844062,-7.97938177748992
-0.962992790323488,-7.56281040220738,-0.962993822131916,-6.59981658007547,-7.56281040220738
-0.393128319338242,-6.99294593122214,-0.3931309761014,-6.59981495512074,-6.99294593122214
