Total_energy,Adsorption_energy,Rigid_adsorption_energy,Deformation_energy,dEad/dNi
-1.36856929804459,-7.96838690992849,-1.36858707548747,-6.59979983444102,-7.96838690992849
-0.93904270704481,-7.53886031892871,-0.939044909095246,-6.59981540983346,-7.53886031892871
-0.503219751147054,-7.10303736303095,-0.507890205110172,-6.59514715792078,-7.10303736303095
