Total_energy,Adsorption_energy,Rigid_adsorption_energy,Deformation_energy,dEad/dNi
-1.3686243308043,-7.96844194268819,-1.36862444153025,-6.59981750115794,-7.96844194268819
-0.949093021500517,-7.54891063338441,-0.949093540821349,-6.59981709256306,-7.54891063338441
-0.473000479054849,-7.07281809093874,-0.473001143307037,-6.59981694763171,-7.07281809093874
