Total_energy,Adsorption_energy,Rigid_adsorption_energy,Deformation_energy,dEad/dNi
-1.37068969792709,-7.97050730981098,-1.37070817031061,-6.59979913950037,-7.97050730981098
-0.930574694683949,-7.53039230656785,-0.930574780009346,-6.5998175265585,-7.53039230656785
-0.240602659595693,-6.84042027147959,-0.240608862098831,-6.59981140938076,-6.84042027147959
