Total_energy,Adsorption_energy,Rigid_adsorption_energy,Deformation_energy,dEad/dNi
-1.37827192041824,-7.97808953230213,-1.37829093686844,-6.59979859543369,-7.97808953230213
-0.939778932203534,-7.53959654408743,-0.9398093312511,-6.59978721283633,-7.53959654408743
-0.467897477517988,-7.06771508940188,-0.467898401595743,-6.59981668780614,-7.06771508940188
