Total_energy,Adsorption_energy,Rigid_adsorption_energy,Deformation_energy,dEad/dNi
-1.36925741007473,-7.96907502195863,-1.36926682176844,-6.59980820019019,-7.96907502195863
-0.93183764856292,-7.53165526044681,-0.931837652061913,-6.5998176083849,-7.53165526044681
-0.296257538148932,-6.89607515003283,-0.29626504662446,-6.59981010340837,-6.89607515003283
