Total_energy,Adsorption_energy,Rigid_adsorption_energy,Deformation_energy,dEad/dNi
-1.36473339622501,-7.9645510081089,-1.36474747695562,-6.59980353115328,-7.9645510081089
-0.754445390610688,-7.35426300249458,-0.754452292243735,-6.59981071025085,-7.35426300249458
