Total_energy,Adsorption_energy,Rigid_adsorption_energy,Deformation_energy,dEad/dNi
-1.37899211682054,-7.97880972870444,-1.37899286735253,-6.59981686135191,-7.97880972870444
-0.935030151992506,-7.5348477638764,-0.935030681737601,-6.5998170821388,-7.5348477638764
-0.381099489034737,-6.98091710091863,-0.381102211101706,-6.59981488981693,-6.98091710091863
