Total_energy,Adsorption_energy,Rigid_adsorption_energy,Deformation_energy,dEad/dNi
-1.37715389093109,-7.97697150281499,-1.37717394935552,-6.59979755345946,-7.97697150281499
-0.941561976754535,-7.54137958863843,-0.941570580444604,-6.59980900819383,-7.54137958863843
-0.468214519378397,-7.06803213126229,-0.468221128788033,-6.59981100247426,-7.06803213126229
