Total_energy,Adsorption_energy,Rigid_adsorption_energy,Deformation_energy,dEad/dNi
-1.37564819649476,-7.97546580837865,-1.37565301498842,-6.59981279339023,-7.97546580837865
-0.958692354212837,-7.55850996609673,-0.958692551055336,-6.5998174150414,-7.55850996609673
-0.554903318731027,-7.15472093061492,-0.554909340204147,-6.59981159041078,-7.15472093061492
