Total_energy,Adsorption_energy,Rigid_adsorption_energy,Deformation_energy,dEad/dNi
-1.37606014337309,-7.97587775525698,-1.37606014357395,-6.59981761168303,-7.97587775525698
-0.921167410184065,-7.52098502206796,-0.921167891823023,-6.59981713024494,-7.52098502206796
-0.245046563156379,-6.84486417504028,-0.245052799469484,-6.59981137557079,-6.84486417504028
