Total_energy,Adsorption_energy,Rigid_adsorption_energy,Deformation_energy,dEad/dNi
-1.38064769471492,-7.98046530659881,-1.38064947813763,-6.59981582846118,-7.98046530659881
-0.928473613159451,-7.52829122504335,-0.928476960817326,-6.59981426422602,-7.52829122504335
-0.336135070925352,-6.93595268280925,-0.336138229594142,-6.5998144532151,-6.93595268280925
