Total_energy,Adsorption_energy,Rigid_adsorption_energy,Deformation_energy,dEad/dNi
-1.37707251793085,-7.97689012981474,-1.37707645489995,-6.59981367491479,-7.97689012981474
-0.908011239522344,-7.50782885140624,-0.908018688792799,-6.59981016261344,-7.50782885140624
