Total_energy,Adsorption_energy,Rigid_adsorption_energy,Deformation_energy,dEad/dNi
-1.37473135420884,-7.97454896609274,-1.37474929816775,-6.59979966792498,-7.97454896609274
-0.917340953711329,-7.51715856559522,-0.917345856808222,-6.599812708787,-7.51715856559522
-0.368614889236814,-6.96843250112071,-0.368617956160579,-6.59981454496013,-6.96843250112071
