Total_energy,Adsorption_energy,Rigid_adsorption_energy,Deformation_energy,dEad/dNi
-1.37783830244288,-7.97765591432678,-1.37785096875665,-6.59980494557013,-7.97765591432678
-0.95535029574391,-7.55516790762781,-0.955355235586633,-6.59981267204117,-7.55516790762781
-0.35919197768808,-6.95900958957198,-0.359194469295804,-6.59981512027617,-6.95900958957198
