Total_energy,Adsorption_energy,Rigid_adsorption_energy,Deformation_energy,dEad/dNi
-1.38216488479715,-7.98198249668105,-1.38217767946506,-6.59980481721598,-7.98198249668105
-0.972554022502357,-7.57237163438625,-0.972555581986242,-6.59981605240001,-7.57237163438625
-0.259389537781253,-6.85920714966515,-0.259390264110143,-6.59981688555501,-6.85920714966515
