Total_energy,Adsorption_energy,Rigid_adsorption_energy,Deformation_energy,dEad/dNi
-1.37669142625658,-7.97650903814048,-1.37669493227712,-6.59981410586335,-7.97650903814048
-0.943579886741611,-7.54339749862551,-0.943585656177879,-6.59981184244763,-7.54339749862551
-0.630444050785148,-7.23026166266904,-0.630444156672927,-6.59981750599612,-7.23026166266904
