Total_energy,Adsorption_energy,Rigid_adsorption_energy,Deformation_energy,dEad/dNi
-1.38277953012652,-7.98259714201041,-1.38277987650392,-6.59981726550649,-7.98259714201041
-0.997817377243439,-7.59763498912733,-0.997818130662637,-6.5998168584647,-7.59763498912733
-0.773251062074838,-7.37306867395873,-0.773251113614277,-6.59981756034446,-7.37306867395873
-0.41264925933281,-7.0124668712167,-0.412650663723193,-6.59981620749351,-7.0124668712167
