Total_energy,Adsorption_energy,Rigid_adsorption_energy,Deformation_energy,dEad/dNi
-1.3955975344213,-7.99541514630519,-1.39559794263566,-6.59981720366953,-7.99541514630519
-1.09284216744817,-7.69265977933207,-1.09285460967953,-6.59980516965254,-7.69265977933207
-0.644325584688275,-7.24414319657217,-0.644325948393826,-6.59981724817834,-7.24414319657217
-0.234280078257008,-6.8340976901409,-0.234288116261231,-6.59980957387967,-6.8340976901409
