Total_energy,Adsorption_energy,Rigid_adsorption_energy,Deformation_energy,dEad/dNi
-1.3745494218041,-7.974367033688,-1.37455189785798,-6.59981513583002,-7.974367033688
-0.743206484272289,-7.34302409615618,-0.743209020631272,-6.59981507552491,-7.34302409615618
-0.516796325961294,-7.11661393784519,-0.516798999439576,-6.59981493840561,-7.11661393784519
