Total_energy,Adsorption_energy,Rigid_adsorption_energy,Deformation_energy,dEad/dNi
-1.37334428988447,-7.97316190176836,-1.37334432975262,-6.59981757201574,-7.97316190176836
-0.851435147727418,-7.45125275961131,-0.851436989379591,-6.59981577023172,-7.45125275961131
-0.325978136340742,-6.92579574822464,-0.325979071427334,-6.5998166767973,-6.92579574822464
