Total_energy,Adsorption_energy,Rigid_adsorption_energy,Deformation_energy,dEad/dNi
-1.37507596294771,-7.97489357483161,-1.37509640142375,-6.59979717340786,-7.97489357483161
-0.906516746992955,-7.50633435887685,-0.906522545201541,-6.59981181367531,-7.50633435887685
-0.379455345083503,-6.9792729569674,-0.379459301821696,-6.5998136551457,-6.9792729569674
