Total_energy,Adsorption_energy,Rigid_adsorption_energy,Deformation_energy,dEad/dNi
-1.37617326322552,-7.97599087510941,-1.37617431698321,-6.59981655812621,-7.97599087510941
-0.896865429966155,-7.49668304185005,-0.896865502176328,-6.59981753967372,-7.49668304185005
-0.289334873658163,-6.88915248554206,-0.28934208045199,-6.59981040509007,-6.88915248554206
