Total_energy,Adsorption_energy,Rigid_adsorption_energy,Deformation_energy,dEad/dNi
-1.37207176834307,-7.97188938022697,-1.37207772855422,-6.59981165167275,-7.97188938022697
-0.91255771650991,-7.51237532839381,-0.912558029130373,-6.59981729926343,-7.51237532839381
-0.2566617947374,-6.8564794066213,-0.256665012533308,-6.59981439408799,-6.8564794066213
