Total_energy,Adsorption_energy,Rigid_adsorption_energy,Deformation_energy,dEad/dNi
-1.3990490886671,-7.998866700551,-1.39906272839819,-6.59980397215281,-7.998866700551
-0.930364468040791,-7.53018207992469,-0.930364543556489,-6.5998175363682,-7.53018207992469
-0.254301040693723,-6.85411865257762,-0.25430826771946,-6.59981038485816,-6.85411865257762
