Total_energy,Adsorption_energy,Rigid_adsorption_energy,Deformation_energy,dEad/dNi
-1.39070136706151,-7.99051897894541,-1.39070136877637,-6.59981761016904,-7.99051897894541
-0.90829483732312,-7.50811244920702,-0.908398601179854,-6.59971384802716,-7.50811244920702
-0.280297922398531,-6.88011553428243,-0.280300417109671,-6.59981511717276,-6.88011553428243
