Total_energy,Adsorption_energy,Rigid_adsorption_energy,Deformation_energy,dEad/dNi
-1.37448375209523,-7.97430136397912,-1.37448738084988,-6.59981398312924,-7.97430136397912
-0.953131810141889,-7.55294942202578,-0.953131844302167,-6.59981757772362,-7.55294942202578
-0.424587464252383,-7.02440507613628,-0.42458969547543,-6.59981538066085,-7.02440507613628
