Total_energy,Adsorption_energy,Rigid_adsorption_energy,Deformation_energy,dEad/dNi
-1.38718714659459,-7.98700475847848,-1.38719901863477,-6.59980573984371,-7.98700475847848
-0.959634642130323,-7.55945225401422,-0.959635749743584,-6.59981650427063,-7.55945225401422
-0.5897087505704,-7.18952636245429,-0.589728874123191,-6.5997974883311,-7.18952636245429
