Total_energy,Adsorption_energy,Rigid_adsorption_energy,Deformation_energy,dEad/dNi
-1.38524705917469,-7.98506467105859,-1.38524706317746,-6.59981760788112,-7.98506467105859
-0.928776518152913,-7.52859413003681,-0.92878739019806,-6.59980673983875,-7.52859413003681
-0.443611330972787,-7.04342894285668,-0.443619489776184,-6.5998094530805,-7.04342894285668
