Total_energy,Adsorption_energy,Rigid_adsorption_energy,Deformation_energy,dEad/dNi
-1.37736159682475,-7.97717920870864,-1.37736159689067,-6.59981761181797,-7.97717920870864
-0.87318916307823,-7.47300677496213,-0.873189174574893,-6.59981760038723,-7.47300677496213
-0.57295117550353,-7.17276878738743,-0.572951253400318,-6.59981753398711,-7.17276878738743
