Total_energy,Adsorption_energy,Rigid_adsorption_energy,Deformation_energy,dEad/dNi
-1.38355787872793,-7.98337549061182,-1.38355850229594,-6.59981698831588,-7.98337549061182
-0.949629947751976,-7.54944755963587,-0.949630423875184,-6.59981713576069,-7.54944755963587
-0.360438167713409,-6.96025577959731,-0.36044068625076,-6.59981509334655,-6.96025577959731
