Total_energy,Adsorption_energy,Rigid_adsorption_energy,Deformation_energy,dEad/dNi
-1.37475753217712,-7.97457514406101,-1.37476500453057,-6.59981013953044,-7.97457514406101
-0.921074374784436,-7.52089198666833,-0.921077446766139,-6.59981453990219,-7.52089198666833
-0.400617149950452,-7.00043476183435,-0.40061715327634,-6.59981760855801,-7.00043476183435
-0.216877957751372,-6.81669556963527,-0.216878485227829,-6.59981708440744,-6.81669556963527
