Total_energy,Adsorption_energy,Rigid_adsorption_energy,Deformation_energy,dEad/dNi
-1.38879585557929,-7.98861346746319,-1.38880933680714,-6.59980413065605,-7.98861346746319
-0.882614777016314,-7.48243238890021,-0.882614858931792,-6.59981752996842,-7.48243238890021
-0.389634437677585,-6.98945204956148,-0.389639875704545,-6.59981217385694,-6.98945204956148
