Total_energy,Adsorption_energy,Rigid_adsorption_energy,Deformation_energy,dEad/dNi
-1.38205851792201,-7.9818761298059,-1.38207130592769,-6.59980482387821,-7.9818761298059
-0.865187204190453,-7.46500481607435,-0.865187256484764,-6.59981755958958,-7.46500481607435
-0.513265974321339,-7.11308358620523,-0.513266008064313,-6.59981757814092,-7.11308358620523
