Total_energy,Adsorption_energy,Rigid_adsorption_energy,Deformation_energy,dEad/dNi
-1.38784353227065,-7.98766114415454,-1.38784894058946,-6.59981220356508,-7.98766114415454
-0.891858928096896,-7.49167653998079,-0.891858929818308,-6.59981761016248,-7.49167653998079
-0.229567854018666,-6.82938546590256,-0.229571647392968,-6.59981381850959,-6.82938546590256
