Total_energy,Adsorption_energy,Rigid_adsorption_energy,Deformation_energy,dEad/dNi
-1.37660556558223,-7.97642317746613,-1.37661392847577,-6.59980924899036,-7.97642317746613
-0.958290241205552,-7.55810785308945,-0.958290918273191,-6.59981693481626,-7.55810785308945
-0.691141594482676,-7.29095920636657,-0.691142008133366,-6.59981719823321,-7.29095920636657
-0.205409940088649,-6.80522755197254,-0.205416454580612,-6.59981109739193,-6.80522755197254
