Total_energy,Adsorption_energy,Rigid_adsorption_energy,Deformation_energy,dEad/dNi
-1.37659796170522,-7.97641557358911,-1.37661620919651,-6.5997993643926,-7.97641557358911
-0.845658210627456,-7.44547582251135,-0.845663351671217,-6.59981247084013,-7.44547582251135
-0.61759432810221,-7.21741193998611,-0.617597206668449,-6.59981473331766,-7.21741193998611
