Total_energy,Adsorption_energy,Rigid_adsorption_energy,Deformation_energy,dEad/dNi
-1.38341147997674,-7.98322909186064,-1.3834144262116,-6.59981466564904,-7.98322909186064
-0.909639756518394,-7.50945736840229,-0.909640135298008,-6.59981723310428,-7.50945736840229
-0.708923906938168,-7.30874151882206,-0.708934507349004,-6.59980701147306,-7.30874151882206
