Total_energy,Adsorption_energy,Rigid_adsorption_energy,Deformation_energy,dEad/dNi
-1.37884323488049,-7.97866084676438,-1.37885366356873,-6.59980718319565,-7.97866084676438
-0.920767625803918,-7.52058523768781,-0.920771523016509,-6.59981371467131,-7.52058523768781
-0.673614710818223,-7.27343232270212,-0.673615143158203,-6.59981717954392,-7.27343232270212
-0.267764226798281,-6.86758183868218,-0.267772968708242,-6.59980886997394,-6.86758183868218
