Total_energy,Adsorption_energy,Rigid_adsorption_energy,Deformation_energy,dEad/dNi
-1.37078884753272,-7.97060645941662,-1.37078897752288,-6.59981748189374,-7.97060645941662
-0.838201283390951,-7.43801889527485,-0.838204549199753,-6.59981434607509,-7.43801889527485
-0.345591309203131,-6.94540892108703,-0.34559130920324,-6.59981761188379,-6.94540892108703
