Total_energy,Adsorption_energy,Rigid_adsorption_energy,Deformation_energy,dEad/dNi
-1.3901072607879,-7.9899248726718,-1.39012101739444,-6.59980385527736,-7.9899248726718
-0.955551197687426,-7.55536880957132,-0.955551317757067,-6.59981749181425,-7.55536880957132
-0.418192761907205,-7.0180103737911,-0.418196011901929,-6.59981436188917,-7.0180103737911
