Total_energy,Adsorption_energy,Rigid_adsorption_energy,Deformation_energy,dEad/dNi
-1.38890364912022,-7.98872126100411,-1.38891537799775,-6.59980588300636,-7.98872126100411
-0.860066625480521,-7.45988423736442,-0.860067517731071,-6.59981671963335,-7.45988423736442
-0.2951467704314,-6.89496438231529,-0.295152328693236,-6.59981205362206,-6.89496438231529
