Total_energy,Adsorption_energy,Rigid_adsorption_energy,Deformation_energy,dEad/dNi
-1.37473680848779,-7.97455442037169,-1.37473783875924,-6.59981658161244,-7.97455442037169
-0.917271391326804,-7.5170890032107,-0.917277138490895,-6.5998118647198,-7.5170890032107
-0.520940799821535,-7.12075841170543,-0.520944175026495,-6.59981423667893,-7.12075841170543
