Total_energy,Adsorption_energy,Rigid_adsorption_energy,Deformation_energy,dEad/dNi
-1.37306914237025,-7.97288675425414,-1.37306943532305,-6.59981731893109,-7.97288675425414
-0.953588584894841,-7.55340619677874,-0.953595170438126,-6.59981102634061,-7.55340619677874
-0.51370438419276,-7.11352199607666,-0.513705428428992,-6.59981656764766,-7.11352199607666
