Total_energy,Adsorption_energy,Rigid_adsorption_energy,Deformation_energy,dEad/dNi
-1.38245266133303,-7.98227027321692,-1.3824527438055,-6.59981752941142,-7.98227027321692
-0.895503039689358,-7.49532065157325,-0.895506723170563,-6.59981392840269,-7.49532065157325
-0.290352019325453,-6.89016963120935,-0.290354526293276,-6.59981510491607,-6.89016963120935
