Total_energy,Adsorption_energy,Rigid_adsorption_energy,Deformation_energy,dEad/dNi
-1.38341842553636,-7.98323603742026,-1.38341871346616,-6.5998173239541,-7.98323603742026
-0.876571867518938,-7.47638947940283,-0.876573301559128,-6.59981617784371,-7.47638947940283
-0.301410174824917,-6.90122778670881,-0.301413088249303,-6.59981469845951,-6.90122778670881
