Total_energy,Adsorption_energy,Rigid_adsorption_energy,Deformation_energy,dEad/dNi
-1.38447332724977,-7.98429093913366,-1.38447347151549,-6.59981746761818,-7.98429093913366
-0.928614346412055,-7.52843195829595,-0.928616189014829,-6.59981576928112,-7.52843195829595
-0.255964056149431,-6.85578166803333,-0.255968100229334,-6.59981356780399,-6.85578166803333
