Total_energy,Adsorption_energy,Rigid_adsorption_energy,Deformation_energy,dEad/dNi
-1.38891377168828,-7.98873138357218,-1.38892033391298,-6.59981104965919,-7.98873138357218
-0.940096212085303,-7.5399138239692,-0.940098232007614,-6.59981559196159,-7.5399138239692
-0.529582427427852,-7.12940003931175,-0.529585937488916,-6.59981410182283,-7.12940003931175
