Total_energy,Adsorption_energy,Rigid_adsorption_energy,Deformation_energy,dEad/dNi
-1.38349154375762,-7.98330915564152,-1.38349228666229,-6.59981686897922,-7.98330915564152
-0.903823010550186,-7.50364062243408,-0.903823673819492,-6.59981694861459,-7.50364062243408
-0.22714719730671,-6.82696480919061,-0.227155217608064,-6.59980959158254,-6.82696480919061
