Total_energy,Adsorption_energy,Rigid_adsorption_energy,Deformation_energy,dEad/dNi
-1.38307179437451,-7.98288940625841,-1.3830795939963,-6.59980981226211,-7.98288940625841
-0.930172594164073,-7.52999020604797,-0.930174165582248,-6.59981604046572,-7.52999020604797
-0.481778931296727,-7.08159654318062,-0.481779853125972,-6.59981669005465,-7.08159654318062
