Total_energy,Adsorption_energy,Rigid_adsorption_energy,Deformation_energy,dEad/dNi
-1.37649457261221,-7.9763121844961,-1.37650999289269,-6.59980219160341,-7.9763121844961
-0.964247096648676,-7.56406470853257,-0.964251715771963,-6.59981299276061,-7.56406470853257
-0.435272048972703,-7.0350896608566,-0.435274602103251,-6.59981505875335,-7.0350896608566
