Total_energy,Adsorption_energy,Rigid_adsorption_energy,Deformation_energy,dEad/dNi
-1.37446148320892,-7.97427909509281,-1.37446994261413,-6.59980915247869,-7.97427909509281
-0.862100916899788,-7.46191852878368,-0.862102130030075,-6.59981639875361,-7.46191852878368
-0.590900426844393,-7.19071803872829,-0.590903514795891,-6.5998145239324,-7.19071803872829
