Total_energy,Adsorption_energy,Rigid_adsorption_energy,Deformation_energy,dEad/dNi
-1.38458523673727,-7.98440284862116,-1.38458545055394,-6.59981739806723,-7.98440284862116
-0.880793097557418,-7.48061070944131,-0.880797167428714,-6.5998135420126,-7.48061070944131
-0.39362279284644,-6.99344040473034,-0.393622991741293,-6.59981741298904,-6.99344040473034
