Total_energy,Adsorption_energy,Rigid_adsorption_energy,Deformation_energy,dEad/dNi
-1.40262622738267,-8.00244383926657,-1.40263276630015,-6.59981107296642,-8.00244383926657
-0.914288497146212,-7.51410610903011,-0.914290082099868,-6.59981602693024,-7.51410610903011
-0.370226813314954,-6.97004442519885,-0.37022726874471,-6.59981715645414,-6.97004442519885
