Total_energy,Adsorption_energy,Rigid_adsorption_energy,Deformation_energy,dEad/dNi
-1.37423730477061,-7.9740549166545,-1.37425071867068,-6.59980419798383,-7.9740549166545
-0.819068596033989,-7.41888620791789,-0.819069058430614,-6.59981714948727,-7.41888620791789
-0.587063771156687,-7.18688138304058,-0.587077184490124,-6.59980419855046,-7.18688138304058
