Total_energy,Adsorption_energy,Rigid_adsorption_energy,Deformation_energy,dEad/dNi
-1.39429877019226,-7.99411638207615,-1.39429878756064,-6.59981759451551,-7.99411638207615
-0.837043545600353,-7.43686115748425,-0.837048340991186,-6.59981281649306,-7.43686115748425
-0.546861403915643,-7.14667901579954,-0.546864931895082,-6.59981408390446,-7.14667901579954
