Total_energy,Adsorption_energy,Rigid_adsorption_energy,Deformation_energy,dEad/dNi
-1.37924484789242,-7.97906245977631,-1.37924489715863,-6.59981756261769,-7.97906245977631
-0.938221883929605,-7.5380394958135,-0.938223277357706,-6.5998162184558,-7.5380394958135
-0.29090221276685,-6.89071982465075,-0.29090945814154,-6.59981036650921,-6.89071982465075
