Total_energy,Adsorption_energy,Rigid_adsorption_energy,Deformation_energy,dEad/dNi
-1.38171243280401,-7.98153004468791,-1.3817127416531,-6.59981730303481,-7.98153004468791
-0.864993235998556,-7.46481084788245,-0.864993568507365,-6.59981727937509,-7.46481084788245
-0.24145823572031,-6.84127584760421,-0.241458235745501,-6.5998176118587,-6.84127584760421
