Total_energy,Adsorption_energy,Rigid_adsorption_energy,Deformation_energy,dEad/dNi
-1.37264225867321,-7.9724598705571,-1.37265806444719,-6.59980180610992,-7.9724598705571
-0.821673532636133,-7.42149114452003,-0.821676609465003,-6.59981453505502,-7.42149114452003
