Total_energy,Adsorption_energy,Rigid_adsorption_energy,Deformation_energy,dEad/dNi
-1.39388454883552,-7.99370216071941,-1.39389291178174,-6.59980924893767,-7.99370216071941
-0.864301863769963,-7.46411947565386,-0.86430276244056,-6.5998167132133,-7.46411947565386
-0.309280523227868,-6.90909813511176,-0.309286784929372,-6.59981135018239,-6.90909813511176
