Total_energy,Adsorption_energy,Rigid_adsorption_energy,Deformation_energy,dEad/dNi
-1.3850491215198,-7.9848667334037,-1.38506383110611,-6.59980290229758,-7.9848667334037
-0.895681581504221,-7.49549919338812,-0.895681698654158,-6.59981749473396,-7.49549919338812
-0.28592647421477,-6.88574408609866,-0.285930811600193,-6.59981327449847,-6.88574408609866
