Total_energy,Adsorption_energy,Rigid_adsorption_energy,Deformation_energy,dEad/dNi
-1.37315607358678,-7.97297368547067,-1.37316427867702,-6.59980940679365,-7.97297368547067
-0.959144837628858,-7.55896244951275,-0.959145102685076,-6.59981734682768,-7.55896244951275
-0.736478546626013,-7.33629615850991,-0.736478560506089,-6.59981759800382,-7.33629615850991
-0.22528754696075,-6.82510515884465,-0.225291803661894,-6.59981335518275,-6.82510515884465
