Total_energy,Adsorption_energy,Rigid_adsorption_energy,Deformation_energy,dEad/dNi
-1.37443278685583,-7.97425039873972,-1.37443279578662,-6.5998176029531,-7.97425039873972
-0.897085740611304,-7.4969033524952,-0.897087346393368,-6.59981600610183,-7.4969033524952
-0.537020793679439,-7.13683840556333,-0.537025934283407,-6.59981247127993,-7.13683840556333
