Total_energy,Adsorption_energy,Rigid_adsorption_energy,Deformation_energy,dEad/dNi
-1.38628773422442,-7.98610534610832,-1.3862888766745,-6.59981646943382,-7.98610534610832
-0.95256044610941,-7.5523780579933,-0.952561357459188,-6.59981670053412,-7.5523780579933
-0.275871535556638,-6.87568914744053,-0.275871538345155,-6.59981760909538,-6.87568914744053
