Total_energy,Adsorption_energy,Rigid_adsorption_energy,Deformation_energy,dEad/dNi
-1.38365867314312,-7.98347628502702,-1.38365946419092,-6.5998168208361,-7.98347628502702
-0.87865748848951,-7.47847510037341,-0.878657679252906,-6.5998174211205,-7.47847510037341
-0.293990006914415,-6.89380761879831,-0.293997314544752,-6.59981030425356,-6.89380761879831
