Total_energy,Adsorption_energy,Rigid_adsorption_energy,Deformation_energy,dEad/dNi
-1.37760607450199,-7.97742368638589,-1.37760607986831,-6.59981760651758,-7.97742368638589
-0.96799934465882,-7.56781695654272,-0.96800055152853,-6.59981640501419,-7.56781695654272
-0.71880510897505,-7.31862272085895,-0.718811148358436,-6.59981157250051,-7.31862272085895
-0.305208905765462,-6.90502651764936,-0.305214674012396,-6.59981184363696,-6.90502651764936
