Total_energy,Adsorption_energy,Rigid_adsorption_energy,Deformation_energy,dEad/dNi
-1.38423418442462,-7.98405179630851,-1.3842344493886,-6.59981734691991,-7.98405179630851
-0.836049423836029,-7.43586703571992,-0.836050867596833,-6.59981616812309,-7.43586703571992
-0.628251411895114,-7.22806902377901,-0.628257065091317,-6.59981195868769,-7.22806902377901
-0.260168445497849,-6.85998605738174,-0.260172836186373,-6.59981322119537,-6.85998605738174
