Total_energy,Adsorption_energy,Rigid_adsorption_energy,Deformation_energy,dEad/dNi
-1.39044335271152,-7.99026096459542,-1.3904448528046,-6.59981611179082,-7.99026096459542
-0.953258842683576,-7.55307645456747,-0.953271593119321,-6.59980486144815,-7.55307645456747
-0.300921503028306,-6.9007391149122,-0.300927647446304,-6.5998114674659,-6.9007391149122
