Total_energy,Adsorption_energy,Rigid_adsorption_energy,Deformation_energy,dEad/dNi
-1.37857660801721,-7.97839421990111,-1.37857795612126,-6.59981626377985,-7.97839421990111
-0.897582767995225,-7.49740037987912,-0.897583593959067,-6.59981678592005,-7.49740037987912
-0.467205984101227,-7.06702359598512,-0.467208861025608,-6.59981473495951,-7.06702359598512
