Total_energy,Adsorption_energy,Rigid_adsorption_energy,Deformation_energy,dEad/dNi
-1.37818209537703,-7.97799970726092,-1.37818304355251,-6.59981666370841,-7.97799970726092
-0.89480288867137,-7.49462050055527,-0.894802937089017,-6.59981756346625,-7.49462050055527
-0.21665657539338,-6.81647418727727,-0.216656602460642,-6.59981758481663,-6.81647418727727
