Total_energy,Adsorption_energy,Rigid_adsorption_energy,Deformation_energy,dEad/dNi
-1.38345132265953,-7.98326893454343,-1.3834568475109,-6.59981208703252,-7.98326893454343
-1.04115724141591,-7.64097485329981,-1.04116379666731,-6.5998110566325,-7.64097485329981
-0.83651229641001,-7.43632990829391,-0.836512740268481,-6.59981716802542,-7.43632990829391
