Total_energy,Adsorption_energy,Rigid_adsorption_energy,Deformation_energy,dEad/dNi
-1.37884489639806,-7.97866250828196,-1.3788449928823,-6.59981751539966,-7.97866250828196
-0.943584459511718,-7.54340207139561,-0.943586937890528,-6.59981513350509,-7.54340207139561
-0.382235671421888,-6.98205328330578,-0.382239939527558,-6.59981334377822,-6.98205328330578
