Total_energy,Adsorption_energy,Rigid_adsorption_energy,Deformation_energy,dEad/dNi
-1.37630062173358,-7.97611823361747,-1.37630110687233,-6.59981712674514,-7.97611823361747
-0.945945165049595,-7.54576277693349,-0.94594857676809,-6.5998142001654,-7.54576277693349
-0.282069404266485,-6.88188701615038,-0.282073612877496,-6.59981340327288,-6.88188701615038
