Total_energy,Adsorption_energy,Rigid_adsorption_energy,Deformation_energy,dEad/dNi
-1.39225115930925,-7.99206877119314,-1.39225166747361,-6.59981710371953,-7.99206877119314
-0.869063564244944,-7.46888117612884,-0.869064820289453,-6.59981635583939,-7.46888117612884
-0.259333204609228,-6.85915081649312,-0.259339031869252,-6.59981178462387,-6.85915081649312
