Total_energy,Adsorption_energy,Rigid_adsorption_energy,Deformation_energy,dEad/dNi
-1.36982009962367,-7.96963771150756,-1.36983313301848,-6.59980457848908,-7.96963771150756
-0.908773484029102,-7.508591095913,-0.908773502472967,-6.59981759344003,-7.508591095913
-0.202939291268592,-6.80275690315249,-0.202939528499166,-6.59981737465332,-6.80275690315249
