Total_energy,Adsorption_energy,Rigid_adsorption_energy,Deformation_energy,dEad/dNi
-1.38095006832467,-7.98076768020856,-1.38096360566639,-6.59980407454218,-7.98076768020856
-0.890112382330512,-7.48992999421441,-0.890115715969935,-6.59981427824447,-7.48992999421441
-0.424816323177478,-7.02463393506137,-0.424818419324518,-6.59981551573686,-7.02463393506137
