Total_energy,Adsorption_energy,Rigid_adsorption_energy,Deformation_energy,dEad/dNi
-1.37965117376202,-7.97946878564591,-1.37965710542565,-6.59981168022026,-7.97946878564591
-0.955257663028573,-7.55507527491247,-0.955257814141826,-6.59981746077064,-7.55507527491247
-0.469532426066116,-7.06935003795001,-0.469532718367085,-6.59981731958293,-7.06935003795001
