Total_energy,Adsorption_energy,Rigid_adsorption_energy,Deformation_energy,dEad/dNi
-1.37938178929146,-7.97919940117536,-1.37940048544098,-6.59979891573438,-7.97919940117536
-1.0378937887405,-7.63771140062439,-1.03789422093881,-6.59981717968558,-7.63771140062439
-0.235428232505736,-6.83524584438963,-0.235433014770244,-6.59981282961939,-6.83524584438963
