Total_energy,Adsorption_energy,Rigid_adsorption_energy,Deformation_energy,dEad/dNi
-1.37522366342324,-7.97504127530713,-1.37524102716694,-6.59980024814019,-7.97504127530713
-0.941217435822191,-7.54103504770609,-0.94121744037356,-6.59981760733253,-7.54103504770609
-0.249207922708396,-6.84902553459229,-0.249208255386418,-6.59981727920587,-6.84902553459229
