Total_energy,Adsorption_energy,Rigid_adsorption_energy,Deformation_energy,dEad/dNi
-1.39409541043945,-7.99391302232334,-1.39409582191043,-6.59981720041291,-7.99391302232334
-0.957942777886002,-7.5577603897699,-0.957950352443736,-6.59981003732616,-7.5577603897699
-0.288210664946973,-6.88802827683087,-0.288212876578794,-6.59981540025207,-6.88802827683087
