Total_energy,Adsorption_energy,Rigid_adsorption_energy,Deformation_energy,dEad/dNi
-1.38529880034016,-7.98511641222406,-1.38531157988819,-6.59980483233587,-7.98511641222406
-0.942416599094238,-7.54223421097813,-0.942419702614462,-6.59981450836367,-7.54223421097813
-0.467831432170178,-7.06764904405407,-0.467832082124118,-6.59981696192996,-7.06764904405407
