Total_energy,Adsorption_energy,Rigid_adsorption_energy,Deformation_energy,dEad/dNi
-1.39334249921095,-7.99316011109485,-1.39334465634439,-6.59981545475046,-7.99316011109485
-0.952223870780837,-7.55204148266473,-0.952224803550588,-6.59981667911415,-7.55204148266473
-0.727787731004093,-7.32760534288799,-0.727787749443198,-6.59981759344479,-7.32760534288799
