Total_energy,Adsorption_energy,Rigid_adsorption_energy,Deformation_energy,dEad/dNi
-1.3885508899077,-7.98836850179159,-1.38856037299107,-6.59980812880052,-7.98836850179159
-0.890755648188839,-7.49057326007273,-0.890755651719498,-6.59981760835324,-7.49057326007273
-0.540301256006307,-7.1401188678902,-0.540314948391592,-6.59980391949861,-7.1401188678902
