Total_energy,Adsorption_energy,Rigid_adsorption_energy,Deformation_energy,dEad/dNi
-1.38873972018327,-7.98855733206716,-1.38874012869053,-6.59981720337663,-7.98855733206716
-0.847866982195343,-7.44768459407924,-0.847870837332814,-6.59981375674642,-7.44768459407924
-0.411564380282297,-7.01138199216619,-0.411569768937294,-6.5998122232289,-7.01138199216619
