Total_energy,Adsorption_energy,Rigid_adsorption_energy,Deformation_energy,dEad/dNi
-1.36735129563004,-7.96716890751394,-1.36735619928446,-6.59981270822948,-7.96716890751394
-0.94607898333704,-7.54589659522093,-0.946079717403271,-6.59981687781766,-7.54589659522093
-0.622554416596357,-7.22237202848025,-0.622555518636867,-6.59981650984339,-7.22237202848025
-0.210183696213007,-6.8100013080969,-0.210183771437049,-6.59981753665985,-6.8100013080969
