Total_energy,Adsorption_energy,Rigid_adsorption_energy,Deformation_energy,dEad/dNi
-1.37323011050981,-7.97304772239371,-1.37323963932943,-6.59980808306428,-7.97304772239371
-0.929460811320157,-7.52927842320405,-0.929470324033411,-6.59980809917064,-7.52927842320405
-0.480320701903263,-7.08013831378716,-0.480323000004568,-6.59981531378259,-7.08013831378716
