Total_energy,Adsorption_energy,Rigid_adsorption_energy,Deformation_energy,dEad/dNi
-1.37428110038499,-7.97409871226889,-1.37428133503585,-6.59981737723304,-7.97409871226889
-0.85017492506917,-7.44999253695307,-0.850176975967994,-6.59981556098507,-7.44999253695307
-0.270718904279505,-6.8705365161634,-0.270721429422284,-6.59981508674112,-6.8705365161634
