Total_energy,Adsorption_energy,Rigid_adsorption_energy,Deformation_energy,dEad/dNi
-1.36936334029078,-7.96918095217467,-1.36938056653227,-6.5998003856424,-7.96918095217467
-1.00960369139366,-7.60942130327755,-1.00960858330744,-6.59981271997011,-7.60942130327755
-0.776268090762216,-7.37608570264611,-0.776268302736332,-6.59981739990978,-7.37608570264611
-0.550123577146572,-7.14994118903047,-0.550123577712423,-6.59981761131804,-7.14994118903047
