Total_energy,Adsorption_energy,Rigid_adsorption_energy,Deformation_energy,dEad/dNi
-1.38701058775648,-7.98682819964037,-1.38703208661626,-6.59979611302411,-7.98682819964037
-0.898960509485264,-7.49877812136916,-0.898960835256989,-6.59981728611217,-7.49877812136916
-0.26939102193798,-6.86920863382188,-0.269394624019347,-6.59981400980253,-6.86920863382188
