Total_energy,Adsorption_energy,Rigid_adsorption_energy,Deformation_energy,dEad/dNi
-1.3798333483836,-7.97965096026749,-1.37983351694931,-6.59981744331818,-7.97965096026749
-0.915906875811762,-7.51572448769566,-0.915907157357234,-6.59981733033842,-7.51572448769566
-0.473846411567686,-7.07366402345158,-0.473848561349161,-6.59981546210242,-7.07366402345158
