Total_energy,Adsorption_energy,Rigid_adsorption_energy,Deformation_energy,dEad/dNi
-1.38198270923471,-7.98180032111861,-1.38198926768521,-6.5998110534334,-7.98180032111861
-0.959628577903576,-7.55944618978747,-0.959633071860918,-6.59981311792655,-7.55944618978747
-0.500903056674865,-7.10072066855876,-0.500912193686046,-6.59980847487271,-7.10072066855876
