Total_energy,Adsorption_energy,Rigid_adsorption_energy,Deformation_energy,dEad/dNi
-1.3905293665738,-7.9903469784577,-1.39053545085829,-6.59981152759941,-7.9903469784577
-0.87505417708968,-7.47487178897358,-0.875061766644208,-6.59981002232937,-7.47487178897358
-0.216759146491376,-6.81657675837527,-0.216762758930781,-6.59981399944449,-6.81657675837527
