Total_energy,Adsorption_energy,Rigid_adsorption_energy,Deformation_energy,dEad/dNi
-1.38615093232995,-7.98596854421385,-1.38616000879372,-6.59980853542013,-7.98596854421385
-0.904767946980192,-7.50458555886409,-0.904768026351382,-6.59981753251271,-7.50458555886409
-0.255954603272468,-6.85577221515636,-0.255958175307556,-6.59981403984881,-6.85577221515636
