Total_energy,Adsorption_energy,Rigid_adsorption_energy,Deformation_energy,dEad/dNi
-1.39127268685774,-7.99109029874164,-1.39135396415691,-6.59973633458473,-7.99109029874164
-0.913488361199846,-7.51330597308374,-0.913490806606621,-6.59981516647712,-7.51330597308374
-0.595192809894726,-7.19501042177862,-0.595193114354183,-6.59981730742444,-7.19501042177862
