Total_energy,Adsorption_energy,Rigid_adsorption_energy,Deformation_energy,dEad/dNi
-1.38444120160917,-7.98425881349306,-1.38444173050407,-6.599817082989,-7.98425881349306
-0.84350640675657,-7.44332401864047,-0.843509283381515,-6.59981473525895,-7.44332401864047
-0.611371323054071,-7.21118893493797,-0.611372047704885,-6.59981688723308,-7.21118893493797
