Total_energy,Adsorption_energy,Rigid_adsorption_energy,Deformation_energy,dEad/dNi
-1.37801076469138,-7.97782837657527,-1.3780107674129,-6.59981760916237,-7.97782837657527
-0.956520597415007,-7.5563382092989,-0.956520607256919,-6.59981760204198,-7.5563382092989
-0.394792895204956,-6.99461050708885,-0.39480232376063,-6.59980818332822,-6.99461050708885
