Total_energy,Adsorption_energy,Rigid_adsorption_energy,Deformation_energy,dEad/dNi
-1.70619353877459,-28.8268555929966,-2.00737240053868,-26.8194831924579,-28.8268555929966
-1.14960217368532,-28.2702642279074,-1.45091129994278,-26.8193529279646,-28.2702642279074
-0.635498083768385,-27.7561601379904,-0.936715267530576,-26.8194448704598,-27.7561601379904
-0.0710342073159691,-27.191696261538,-2.0491529657718,-25.1425432957662,-27.191696261538
1.0442142018677,-26.0764478523543,-0.933797943897705,-25.1426499084566,-26.0764478523543
