Total_energy,Adsorption_energy,Rigid_adsorption_energy,Deformation_energy,dEad/dNi
-1.79248507013977,-28.9131471243618,-2.09366114884889,-26.8194859755129,-28.9131471243618
-1.27960902364156,-28.4002710778636,-1.58085358455978,-26.8194174933038,-28.4002710778636
-0.76295468692799,-27.88361674115,-1.06370095135098,-26.819915789799,-27.88361674115
-0.0840374356132341,-27.2046994898353,-2.06229224268995,-25.1424072471453,-27.2046994898353
0.82886658075394,-26.2917954734681,-1.14940945894474,-25.1423860145234,-26.2917954734681
