Total_energy,Adsorption_energy,Rigid_adsorption_energy,Deformation_energy,dEad/dNi
-1.7965887224879,-28.9172507767099,-2.09749597426231,-26.8197548024476,-28.9172507767099
-1.34522185826092,-28.465883912483,-1.64737274568419,-26.8185111667988,-28.465883912483
-0.741585757007828,-27.8622478112299,-1.04442253685955,-26.8178252743703,-27.8622478112299
-0.0878244712496019,-27.2084865254716,-2.06597888831705,-25.1425076371546,-27.2084865254716
0.996026844675454,-26.1246352095466,-0.982249108922213,-25.1423861006244,-26.1246352095466
