Total_energy,Adsorption_energy,Rigid_adsorption_energy,Deformation_energy,dEad/dNi
-1.74718963810992,-28.867851692332,-2.04907457363547,-26.8187771186965,-28.867851692332
-1.28516159451922,-28.4058236487413,-1.58642347612399,-26.8194001726173,-28.4058236487413
-0.825461493985743,-27.9461235482078,-1.12652090650921,-26.8196026416986,-27.9461235482078
0.323335464052332,-26.7973265901697,-1.65479329427579,-25.1425332958939,-26.7973265901697
