Total_energy,Adsorption_energy,Rigid_adsorption_energy,Deformation_energy,dEad/dNi
-1.8307543818555,-28.9514164360775,-2.13157960604432,-26.8198368300332,-28.9514164360775
-1.32414104698098,-28.444803101203,-1.62503201952952,-26.8197710816735,-28.444803101203
-0.958680868520371,-28.0793429227424,-1.25980305564334,-26.8195398670991,-28.0793429227424
-0.455138792357606,-27.5758008465796,-0.757384506115288,-26.8184163404644,-27.5758008465796
-0.0657288468103212,-27.1863909010324,-2.0440072115798,-25.1423836894526,-27.1863909010324
