Total_energy,Adsorption_energy,Rigid_adsorption_energy,Deformation_energy,dEad/dNi
-1.78757162895002,-28.9082336831721,-2.0883311867513,-26.8199024964208,-28.9082336831721
-1.27959465461882,-28.4002567088409,-1.58098088596005,-26.8192758228808,-28.4002567088409
-0.910535821694699,-28.0311978759167,-1.21156177800156,-26.8196360979152,-28.0311978759167
-0.461215377278558,-27.5818774315006,-0.762430634146386,-26.8194467973542,-27.5818774315006
-0.0671620596044515,-27.1878241138265,-2.04535051351426,-25.1424736003122,-27.1878241138265
