Total_energy,Adsorption_energy,Rigid_adsorption_energy,Deformation_energy,dEad/dNi
-1.81176581488305,-28.9324278691051,-2.11256456347356,-26.8198633056315,-28.9324278691051
-1.29640523458137,-28.4170672888034,-1.59723777897587,-26.8198295098275,-28.4170672888034
-0.947315380690052,-28.0679774349121,-1.24808335435107,-26.819894080561,-28.0679774349121
-0.456503582553236,-27.5771656367753,-0.757270115720836,-26.8198955210544,-27.5771656367753
0.654182125312299,-26.4664799289097,-1.32408443649786,-25.1423954924119,-26.4664799289097
