Total_energy,Adsorption_energy,Rigid_adsorption_energy,Deformation_energy,dEad/dNi
-1.79912736022331,-28.9197894144453,-2.09999023602907,-26.8197991784163,-28.9197894144453
-1.27086824947986,-28.3915303037019,-1.57274354944639,-26.8187867542555,-28.3915303037019
-0.716739168392891,-27.8374012226149,-1.01779384717448,-26.8196073754404,-27.8374012226149
-0.484716041371515,-27.6053780955935,-0.786008762254953,-26.8193693333386,-27.6053780955935
0.972627899851308,-26.1480341543707,-1.00560820375959,-25.1424259506111,-26.1480341543707
