Total_energy,Adsorption_energy,Rigid_adsorption_energy,Deformation_energy,dEad/dNi
-1.74289319129351,-28.8635552455155,-2.04375522655761,-26.8198000189579,-28.8635552455155
-1.28821837235674,-28.4088804265788,-1.5889669087045,-26.8199135178743,-28.4088804265788
-0.765410372729098,-27.8860724269511,-1.06654663983035,-26.8195257871208,-27.8860724269511
0.864948007198262,-26.2557140470238,-1.11308033860025,-25.1426337084235,-26.2557140470238
1.56012865844202,-25.56053339578,-0.418164356746661,-25.1423690390334,-25.56053339578
