Total_energy,Adsorption_energy,Rigid_adsorption_energy,Deformation_energy,dEad/dNi
-1.82711473799607,-28.9477767922181,-2.12853707020244,-26.8192397220157,-28.9477767922181
-1.35672396057446,-28.4773860147965,-1.65895070290891,-26.8184353118876,-28.4773860147965
-0.611520407742869,-27.7321824619649,-0.912574276265196,-26.8196081856997,-27.7321824619649
-0.0713336665125064,-27.1919957207345,-2.04953480497738,-25.1424609157572,-27.1919957207345
0.87838463076037,-26.2422774234617,-1.09987087204206,-25.1424065514196,-26.2422774234617
