Total_energy,Adsorption_energy,Rigid_adsorption_energy,Deformation_energy,dEad/dNi
-1.81361495615593,-28.934277010378,-2.11460567658633,-26.8196713337916,-28.934277010378
-1.27175119412198,-28.392413248344,-1.57254789565476,-26.8198653526893,-28.392413248344
-0.610376940699179,-27.7310389949212,-0.911156114953392,-26.8198828799678,-27.7310389949212
0.489857969621057,-26.630804084601,-1.48810217939148,-25.1427019052095,-26.630804084601
1.24156395004302,-25.879098104179,-0.736720047898844,-25.1423780562802,-25.879098104179
