Total_energy,Adsorption_energy,Rigid_adsorption_energy,Deformation_energy,dEad/dNi
-1.80249459681868,-28.9231566510407,-2.10329279696811,-26.8198638540726,-28.9231566510407
-1.32519129488927,-28.4458533491113,-1.62608597821398,-26.8197673708973,-28.4458533491113
-0.889074001996248,-28.0097360562183,-1.19141786882748,-26.8183181873908,-28.0097360562183
-0.114108313973544,-27.2347703681956,-2.09235623680579,-25.1424141313898,-27.2347703681956
0.48545530612544,-26.6352067480966,-1.49289101301512,-25.1423157350815,-26.6352067480966
