Total_energy,Adsorption_energy,Rigid_adsorption_energy,Deformation_energy,dEad/dNi
-1.80369408554235,-28.9243561397644,-2.10453729107497,-26.8198188486894,-28.9243561397644
-1.15822973397474,-28.2788917881968,-1.45923398761836,-26.8196578005784,-28.2788917881968
-0.632165729444239,-27.7528277836663,-0.932937838567886,-26.8198899450984,-27.7528277836663
0.862158613767997,-26.258503440454,-1.11613961220924,-25.1423638282448,-26.258503440454
1.5492969331571,-25.5713651210649,-0.429021643775471,-25.1423434772895,-25.5713651210649
