Total_energy,Adsorption_energy,Rigid_adsorption_energy,Deformation_energy,dEad/dNi
-1.8108295991946,-28.9314916534166,-2.11169296165855,-26.8197986917581,-28.9314916534166
-1.34484013937375,-28.4655021935958,-1.64680840883488,-26.8186937847609,-28.4655021935958
-0.546717917470401,-27.6673799716924,-0.847608279706598,-26.8197716919858,-27.6673799716924
-0.00262846963182478,-27.1232905238539,-0.303469584351716,-26.8198209395021,-27.1232905238539
0.887446782753151,-26.2332152714689,-1.09089914732726,-25.1423161241416,-26.2332152714689
