Total_energy,Adsorption_energy,Rigid_adsorption_energy,Deformation_energy,dEad/dNi
-1.82172433291067,-28.9423863871327,-2.12273568883493,-26.8196506982978,-28.9423863871327
-1.13856287804754,-28.2592249322696,-1.43964383583076,-26.8195810964388,-28.2592249322696
-0.676317675765259,-27.7969797299873,-0.977118109595191,-26.8198616203921,-27.7969797299873
-0.0626167998849874,-27.183278854107,-2.04085557499992,-25.1424232791071,-27.183278854107
0.888400997743278,-26.2322610564788,-1.08989252871652,-25.1423685277622,-26.2322610564788
