Total_energy,Adsorption_energy,Rigid_adsorption_energy,Deformation_energy,dEad/dNi
-1.74074560746266,-28.8614076616847,-2.04155786769327,-26.8198497939914,-28.8614076616847
-1.26250859845262,-28.3831706526747,-1.5633003246874,-26.8198703279872,-28.3831706526747
-0.715061075177318,-27.8357231293994,-1.01783929808867,-26.8178838313107,-27.8357231293994
-0.0763948723993699,-27.1970569266214,-2.05193947225082,-25.1451174543706,-27.1970569266214
1.27382491184661,-25.8468371423754,-0.70432849284183,-25.1425086495336,-25.8468371423754
