Total_energy,Adsorption_energy,Rigid_adsorption_energy,Deformation_energy,dEad/dNi
-1.8039435206736,-28.9246055748956,-2.10480568603059,-26.819799888865,-28.9246055748956
-1.33706946680309,-28.4577315210251,-1.63855754148577,-26.8191739795393,-28.4577315210251
-0.782895469702928,-27.903557523925,-1.08410535160406,-26.8194521723209,-27.903557523925
0.0270146734320992,-27.0936473807899,-0.273728337067373,-26.8199190437226,-27.0936473807899
1.14343800974108,-25.977224044481,-0.834342166911082,-25.1428818775699,-25.977224044481
