Total_energy,Adsorption_energy,Rigid_adsorption_energy,Deformation_energy,dEad/dNi
-1.80777777136341,-28.9284398255854,-2.10855266658622,-26.8198871589992,-28.9284398255854
-1.15385156847711,-28.2745136226991,-1.4549599183739,-26.8195537043253,-28.2745136226991
-0.610866618774799,-27.7315286729968,-0.91178169354218,-26.8197469794547,-27.7315286729968
-0.0784378543818058,-27.1990999086038,-2.05637335682485,-25.142726551779,-27.1990999086038
1.26193649057725,-25.8587255636448,-0.71632292577447,-25.1424026378703,-25.8587255636448
