Total_energy,Adsorption_energy,Rigid_adsorption_energy,Deformation_energy,dEad/dNi
-1.69887808311027,-28.8195401373323,-1.99977442337219,-26.8197657139601,-28.8195401373323
-1.28848756647471,-28.4091496206967,-1.58933169708536,-26.8198179236114,-28.4091496206967
-0.725491268924809,-27.8461533231468,-1.02624694225931,-26.8199063808875,-27.8461533231468
-0.031443977476413,-27.1521060316984,-2.00974852856633,-25.1423575031321,-27.1521060316984
0.553491453057103,-26.5671706011649,-1.42479549261179,-25.1423751085531,-26.5671706011649
