Total_energy,Adsorption_energy,Rigid_adsorption_energy,Deformation_energy,dEad/dNi
-1.800103091422,-28.920765145644,-2.10085233333627,-26.8199128123078,-28.920765145644
-1.31042027680214,-28.4310823310242,-1.61144329408451,-26.8196390369397,-28.4310823310242
-0.779571589487462,-27.9002336437095,-1.08176093919122,-26.8184727045183,-27.9002336437095
-0.106088429979025,-27.2267504842011,-2.08335504076219,-25.1433954434389,-27.2267504842011
1.50830893765117,-25.6123531165709,-0.469910648775554,-25.1424424677953,-25.6123531165709
