Total_energy,Adsorption_energy,Rigid_adsorption_energy,Deformation_energy,dEad/dNi
-1.7643587406499,-28.8850207948719,-2.06544306372817,-26.8195777311438,-28.8850207948719
-1.1334414600232,-28.2541035142452,-1.4345635812196,-26.8195399330256,-28.2541035142452
-0.631292322042776,-27.7519543762648,-0.932065810899603,-26.8198885653652,-27.7519543762648
-0.0471692939985828,-27.1678313482206,-2.02526590480358,-25.142565443417,-27.1678313482206
0.872172657619175,-26.2484893966029,-1.10612824339462,-25.1423611532082,-26.2484893966029
