Total_energy,Adsorption_energy,Rigid_adsorption_energy,Deformation_energy,dEad/dNi
-1.76864383460518,-28.8893058888272,-2.06954343065298,-26.8197624581742,-28.8893058888272
-1.33211281537584,-28.4527748695979,-1.63419795560863,-26.8185769139892,-28.4527748695979
-0.835184216270746,-27.9558462704928,-1.13655373044542,-26.8192925400474,-27.9558462704928
-0.0344130492825163,-27.1550751035046,-2.01244786307338,-25.1426272404312,-27.1550751035046
0.935104859279219,-26.1855571949428,-1.04319088013257,-25.1423663148102,-26.1855571949428
