Total_energy,Adsorption_energy,Rigid_adsorption_energy,Deformation_energy,dEad/dNi
-1.80164182268569,-28.9223038769077,-2.10262953239395,-26.8196743445138,-28.9223038769077
-1.34094608470435,-28.4616081389264,-1.6421023307256,-26.8195058082008,-28.4616081389264
-0.851497718616512,-27.9721597728385,-1.15256282661462,-26.8195969462239,-27.9721597728385
-0.0502509126687511,-27.1709129668908,-2.02842140388726,-25.1424915630035,-27.1709129668908
1.10744439620436,-26.0132176580177,-0.870854040428138,-25.1423636175895,-26.0132176580177
