Total_energy,Adsorption_energy,Rigid_adsorption_energy,Deformation_energy,dEad/dNi
-1.80567427924421,-28.9263363334662,-2.10653834659033,-26.8197979868759,-28.9263363334662
-1.25119684228542,-28.3718588965075,-1.55267679265604,-26.8191821038514,-28.3718588965075
-0.800786983487374,-27.9214490377094,-1.10167827534234,-26.8197707623671,-27.9214490377094
-0.0551483332173488,-27.1758103874394,-2.03331462059333,-25.1424957668461,-27.1758103874394
0.856189191318287,-26.2644728629037,-1.12205678973481,-25.1424160731689,-26.2644728629037
