Total_energy,Adsorption_energy,Rigid_adsorption_energy,Deformation_energy,dEad/dNi
-1.77905494814263,-28.8997170023647,-2.07981062841838,-26.8199063739463,-28.8997170023647
-1.34874622818784,-28.4694082824099,-1.65018873128029,-26.8192195511296,-28.4694082824099
-0.824466238172435,-27.9451282923945,-1.12528026520323,-26.8198480271912,-27.9451282923945
0.0082075199963505,-27.1124545342257,-1.96974478362838,-25.1427097505973,-27.1124545342257
1.14648176132526,-25.9741802928968,-0.831850525117619,-25.1423297677792,-25.9741802928968
