Total_energy,Adsorption_energy,Rigid_adsorption_energy,Deformation_energy,dEad/dNi
-1.8174856918469,-28.9381477460689,-2.11831375774066,-26.8198339883283,-28.9381477460689
-1.33028307134226,-28.4509451255643,-1.63120998305822,-26.8197351425061,-28.4509451255643
-0.959572828668057,-28.0802348828901,-1.26030419605417,-26.8199306868359,-28.0802348828901
-0.491555200899005,-27.612217255121,-0.792336297289183,-26.8198809578319,-27.612217255121
0.410075100192648,-26.7105869540294,-1.56772858026918,-25.1428583737602,-26.7105869540294
