Total_energy,Adsorption_energy,Rigid_adsorption_energy,Deformation_energy,dEad/dNi
-1.79140778932709,-28.9120698435491,-2.09329116563316,-26.818778677916,-28.9120698435491
-1.32036252125919,-28.4410245754812,-1.62111921950914,-26.8199053559721,-28.4410245754812
-0.701705710930367,-27.8223677651524,-1.00249627049763,-26.8198714946548,-27.8223677651524
0.240119742673884,-26.8805423115481,-1.73786273538769,-25.1426795761605,-26.8805423115481
0.764516693195592,-26.3561453610264,-1.21377259980588,-25.1423727612206,-26.3561453610264
