Total_energy,Adsorption_energy,Rigid_adsorption_energy,Deformation_energy,dEad/dNi
-1.79457200416749,-28.9152340583895,-2.09536720670731,-26.8198668516822,-28.9152340583895
-1.27270566530789,-28.3933677195299,-1.57446629951697,-26.818901420013,-28.3933677195299
-0.784804704414381,-27.9054667586364,-1.08561628378274,-26.8198504748537,-27.9054667586364
-0.105095935620093,-27.2257579898421,-2.08288767930481,-25.1428703105373,-27.2257579898421
1.53122042264135,-25.5894416315807,-0.447079988772045,-25.1423616428086,-25.5894416315807
