Total_energy,Adsorption_energy,Rigid_adsorption_energy,Deformation_energy,dEad/dNi
-1.81245800210231,-28.9331200563243,-2.11345680337275,-26.8196632529516,-28.9331200563243
-1.08125393806258,-28.2019159922846,-1.3821033593079,-26.8198126329767,-28.2019159922846
-0.527086696900051,-27.6477487511221,-0.828142541709561,-26.8196062094125,-27.6477487511221
0.547019608343422,-26.5736424458786,-1.43109213028664,-25.142550315592,-26.5736424458786
1.54001641983727,-25.5806456343848,-0.438286514122531,-25.1423591202622,-25.5806456343848
