Total_energy,Adsorption_energy,Rigid_adsorption_energy,Deformation_energy,dEad/dNi
-1.79737600366567,-28.9180380578877,-2.09820343235567,-26.819834625532,-28.9180380578877
-1.33894530373329,-28.4596073579553,-1.63986933467188,-26.8197380232834,-28.4596073579553
-0.907645202743404,-28.0283072569654,-1.20895307659376,-26.8193541803717,-28.0283072569654
-0.098137362155658,-27.2187994163777,-2.0760873923409,-25.1427120240368,-27.2187994163777
1.03681394000176,-26.0838481142203,-0.941481072901799,-25.1423670413185,-26.0838481142203
