Total_energy,Adsorption_energy,Rigid_adsorption_energy,Deformation_energy,dEad/dNi
-1.77341550965122,-28.8940775638733,-2.07423110246697,-26.8198464614063,-28.8940775638733
-1.27743146292227,-28.3980935171443,-1.57839668087951,-26.8196968362648,-28.3980935171443
-0.744851875896042,-27.8655139301181,-1.04574910389064,-26.8197648262274,-27.8655139301181
-0.0456656835565805,-27.1663277377786,-2.02390204058494,-25.1424256971937,-27.1663277377786
0.990608492246305,-26.1300535619757,-0.98768173940777,-25.142371822568,-26.1300535619757
