Total_energy,Adsorption_energy,Rigid_adsorption_energy,Deformation_energy,dEad/dNi
-1.78327722306645,-28.9039392772885,-2.08425288792068,-26.8196863893678,-28.9039392772885
-1.34131589645668,-28.4619779506787,-1.64233396487591,-26.8196439858028,-28.4619779506787
-0.744094944670485,-27.8647569988925,-1.04492171979378,-26.8198352790987,-27.8647569988925
-0.0665148424653739,-27.1871768966874,-2.04449202764219,-25.1426848690452,-27.1871768966874
0.644929477550075,-26.475732576672,-1.33339330333767,-25.1423392733343,-26.475732576672
