Total_energy,Adsorption_energy,Rigid_adsorption_energy,Deformation_energy,dEad/dNi
-1.80548567398481,-28.9261477282068,-2.10662020951759,-26.8195275186893,-28.9261477282068
-1.35624693078398,-28.476908985006,-1.65758976815109,-26.8193192168549,-28.476908985006
-0.989451133204675,-28.1101131874267,-1.29018464173235,-26.8199285456944,-28.1101131874267
-0.648927004884203,-27.7695890591062,-0.949915520734142,-26.8196735383721,-27.7695890591062
-0.047113585561974,-27.167775639784,-2.02541900912678,-25.1423566306572,-27.167775639784
