Total_energy,Adsorption_energy,Rigid_adsorption_energy,Deformation_energy,dEad/dNi
-1.79735995901059,-28.9180220132326,-2.09843072843387,-26.8195912847987,-28.9180220132326
-1.38209379912985,-28.5027558533519,-1.6855177293578,-26.8172381239941,-28.5027558533519
-0.838558127167942,-27.95922018139,-1.13944137599052,-26.8197788053995,-27.95922018139
1.18904659027659,-25.9316154639454,-0.789158339665829,-25.1424571242796,-25.9316154639454
