Total_energy,Adsorption_energy,Rigid_adsorption_energy,Deformation_energy,dEad/dNi
-1.8079943537222,-28.9286564079442,-2.10907492325784,-26.8195814846864,-28.9286564079442
-1.3796433196774,-28.5003053738994,-1.6807358844736,-26.8195694894258,-28.5003053738994
-0.770485805862738,-27.8911478600848,-1.07151449313282,-26.819633366952,-27.8911478600848
-0.42130747832736,-27.5419695325494,-0.722634912712588,-26.8193346198368,-27.5419695325494
0.321964829350054,-26.798697224872,-1.65613270377216,-25.1425645210998,-26.798697224872
