Total_energy,Adsorption_energy,Rigid_adsorption_energy,Deformation_energy,dEad/dNi
-1.78730414858022,-28.9079662028023,-2.08817302111484,-26.8197931816874,-28.9079662028023
-1.30038025596555,-28.4210423101876,-1.60157039847116,-26.8194719117164,-28.4210423101876
-0.81183430310601,-27.932496357328,-1.11285926478904,-26.819637092539,-27.932496357328
-0.173980508971756,-27.2946425631938,-0.475129123984116,-26.8195134392097,-27.2946425631938
0.98994383889765,-26.1307182153244,-0.988163902594047,-25.1425543127303,-26.1307182153244
