Total_energy,Adsorption_energy,Rigid_adsorption_energy,Deformation_energy,dEad/dNi
-1.79178268767125,-28.9124447418933,-2.09365610133799,-26.8187886405553,-28.9124447418933
-1.27240042003767,-28.3930624742597,-1.57316782782857,-26.8198946464311,-28.3930624742597
-0.804353525491014,-27.925015579713,-1.10755674238087,-26.8174588373322,-27.925015579713
-0.419725401333506,-27.5403874555555,-0.720705098767175,-26.8196823567884,-27.5403874555555
1.08512985577794,-26.0355321984441,-0.893028673135436,-25.1425035253087,-26.0355321984441
