Total_energy,Adsorption_energy,Rigid_adsorption_energy,Deformation_energy,dEad/dNi
-1.78787468486144,-28.9085367390835,-2.08885135877845,-26.819685380305,-28.9085367390835
-1.23351321648867,-28.3541752707107,-1.53435499327082,-26.8198202774399,-28.3541752707107
-0.671186711410297,-27.7918487656323,-0.97192760733092,-26.8199211583014,-27.7918487656323
-0.0929018168824554,-27.2135638711045,-2.07085589276766,-25.1427079783368,-27.2135638711045
0.816176791117946,-26.3044852631041,-1.16205771332355,-25.1424275497805,-26.3044852631041
