Total_energy,Adsorption_energy,Rigid_adsorption_energy,Deformation_energy,dEad/dNi
-1.81043169188799,-28.93109374611,-2.1113132753585,-26.8197804707515,-28.93109374611
-1.399005117146,-28.519667171368,-1.69985382134396,-26.8198133500241,-28.519667171368
-0.947386945626592,-28.0680489998486,-1.24867070723174,-26.8193782926169,-28.0680489998486
-0.694151294453405,-27.8148133486754,-0.995240725072674,-26.8195726236028,-27.8148133486754
0.216278835598513,-26.9043832186235,-1.76174677450236,-25.1426364441212,-26.9043832186235
