Total_energy,Adsorption_energy,Rigid_adsorption_energy,Deformation_energy,dEad/dNi
-1.78769934567338,-28.9083613998954,-2.08860641580823,-26.8197549840872,-28.9083613998954
-1.16360136967725,-28.2842634238993,-1.46443157667143,-26.8198318472279,-28.2842634238993
-0.607093638206287,-27.7277556924283,-0.907826299404743,-26.8199293930236,-27.7277556924283
0.881682233407582,-26.2389798208145,-1.09661359366734,-25.1423662271471,-26.2389798208145
1.56772505863455,-25.5529369955875,-0.410545562603435,-25.142391432984,-25.5529369955875
