Total_energy,Adsorption_energy,Rigid_adsorption_energy,Deformation_energy,dEad/dNi
-1.80748738206082,-28.9281494362829,-2.10858050562982,-26.819568930653,-28.9281494362829
-1.25310680305518,-28.3737688572772,-1.55433626396812,-26.8194325933091,-28.3737688572772
-0.50696480557354,-27.6276268597956,-0.807715330542931,-26.8199115292526,-27.6276268597956
0.58426162133486,-26.5364004328872,-1.39394754115788,-25.1424528917293,-26.5364004328872
1.18868576223158,-25.9319762919905,-0.789557774668929,-25.1424185173215,-25.9319762919905
