Total_energy,Adsorption_energy,Rigid_adsorption_energy,Deformation_energy,dEad/dNi
-1.81362970286155,-28.9342917570836,-2.11439785276746,-26.8198939043161,-28.9342917570836
-1.30130387177052,-28.4219659259926,-1.60448330461507,-26.8174826213775,-28.4219659259926
-0.627990742799355,-27.7486527970214,-0.929103172176961,-26.8195496248444,-27.7486527970214
0.44466314324061,-26.6759989109814,-1.53360744463913,-25.1423914663423,-26.6759989109814
1.44555563762745,-25.6751064165946,-0.532673303735877,-25.1424331128587,-25.6751064165946
