Total_energy,Adsorption_energy,Rigid_adsorption_energy,Deformation_energy,dEad/dNi
-1.81059368605834,-28.9312557402804,-2.11274637044898,-26.8185093698314,-28.9312557402804
-1.28214152805374,-28.4028035822758,-1.58400180034328,-26.8188017819325,-28.4028035822758
-0.569657760152394,-27.6903198143744,-0.870634005710547,-26.8196858086639,-27.6903198143744
0.263743376890392,-26.8569186773316,-1.71414536493439,-25.1427733123973,-26.8569186773316
1.49684962100382,-25.6238124332182,-0.48146374029651,-25.1423486929217,-25.6238124332182
