Total_energy,Adsorption_energy,Rigid_adsorption_energy,Deformation_energy,dEad/dNi
-1.51744411029181,-28.6381061645138,-1.81819003014487,-26.819916134369,-28.6381061645138
-1.10340236539291,-28.2240644196149,-1.404672904915,-26.8193915146999,-28.2240644196149
-0.458122825161503,-27.5787848793835,-0.758991892909175,-26.8197929864744,-27.5787848793835
0.668462302223671,-26.4521997519984,-1.30970945604497,-25.1424902959534,-26.4521997519984
1.35880101711502,-25.761861037107,-0.619495105797224,-25.1423659313098,-25.761861037107
