Total_energy,Adsorption_energy,Rigid_adsorption_energy,Deformation_energy,dEad/dNi
-1.82348639190651,-28.9441484461285,-2.12433394516854,-26.81981450096,-28.9441484461285
-1.3437496137624,-28.4644116679844,-1.6448490472667,-26.8195626207177,-28.4644116679844
-0.879811286348902,-28.0004733405709,-1.18056721408546,-26.8199061264855,-28.0004733405709
-0.103416945576283,-27.2240789997983,-2.0816105108262,-25.1424684889721,-27.2240789997983
0.963806457156329,-26.1568555970657,-1.01439940433678,-25.1424561927289,-26.1568555970657
