Total_energy,Adsorption_energy,Rigid_adsorption_energy,Deformation_energy,dEad/dNi
-1.81252323935816,-28.9331852935802,-2.11332482956973,-26.8198604640105,-28.9331852935802
-1.21532073804733,-28.3359827922694,-1.51624501931276,-26.8197377729566,-28.3359827922694
-0.775668078878682,-27.8963301331007,-1.07659738098889,-26.8197327521118,-27.8963301331007
-0.083531281820842,-27.2041933360429,-2.06174247790946,-25.1424508581334,-27.2041933360429
0.751920355595108,-26.3687416986269,-1.22627740247097,-25.142464296156,-26.3687416986269
