Total_energy,Adsorption_energy,Rigid_adsorption_energy,Deformation_energy,dEad/dNi
-1.80498613231633,-28.9256481865384,-2.10624727095871,-26.8194009155797,-28.9256481865384
-1.36051287013656,-28.4811749243586,-1.66128590064939,-26.8198890237092,-28.4811749243586
-0.81655112458379,-27.9372131788058,-1.11755228737951,-26.8196608914263,-27.9372131788058
-0.511308095621929,-27.631970149844,-0.812513692745685,-26.8194564570983,-27.631970149844
-0.111570603518832,-27.2322326577409,-2.08932141402662,-25.1429112437142,-27.2322326577409
