Total_energy,Adsorption_energy,Rigid_adsorption_energy,Deformation_energy,dEad/dNi
-1.82716346474077,-28.9478255189628,-2.12798436975327,-26.8198411492095,-28.9478255189628
-1.13852575426627,-28.2591878084883,-1.43937062437952,-26.8198171841088,-28.2591878084883
-0.842410237288262,-27.9630722915103,-1.14334187544138,-26.8197304160689,-27.9630722915103
-0.447746978653848,-27.5684090328759,-0.749048425311674,-26.8193606075642,-27.5684090328759
-0.114799378243579,-27.2354614324656,-2.09302642144518,-25.1424350110204,-27.2354614324656
