Total_energy,Adsorption_energy,Rigid_adsorption_energy,Deformation_energy,dEad/dNi
-1.79926837583146,-28.9199304300535,-2.10005249758676,-26.8198779324667,-28.9199304300535
-1.22476914926492,-28.3454312034869,-1.52616835936277,-26.8192628441242,-28.3454312034869
-0.735999803392425,-27.8566618576145,-1.03726705571334,-26.8193948019011,-27.8566618576145
-0.0832359319226517,-27.2038979861447,-2.06148005818973,-25.142417927955,-27.2038979861447
1.3429878915652,-25.7776741626568,-0.635276466207714,-25.1423976964491,-25.7776741626568
