Total_energy,Adsorption_energy,Rigid_adsorption_energy,Deformation_energy,dEad/dNi
-1.81383019601363,-28.9344922502357,-2.11463128101292,-26.8198609692227,-28.9344922502357
-1.33801043183657,-28.4586724860586,-1.64023652772221,-26.8184359583364,-28.4586724860586
-0.579692712272566,-27.7003547664946,-0.880487901994581,-26.8198668645,-27.7003547664946
0.941017702728896,-26.1796443514931,-1.03722680351461,-25.1424175479785,-26.1796443514931
1.53528371312025,-25.5853783411018,-0.443022732751364,-25.1423556083504,-25.5853783411018
