Total_energy,Adsorption_energy,Rigid_adsorption_energy,Deformation_energy,dEad/dNi
-1.81830041722039,-28.9389624714424,-2.11927056271473,-26.8196919087277,-28.9389624714424
-1.36321244194473,-28.4838744961668,-1.66445152331021,-26.8194229728566,-28.4838744961668
-0.588371719269093,-27.7090337734911,-0.890549494302865,-26.8184842791883,-27.7090337734911
-0.103006835493063,-27.2236688897151,-2.08126483990476,-25.1424040498103,-27.2236688897151
0.524881304549243,-26.5957807496728,-1.45335466239125,-25.1424260872815,-26.5957807496728
