Total_energy,Adsorption_energy,Rigid_adsorption_energy,Deformation_energy,dEad/dNi
-1.75098827706955,-28.8716503312916,-2.05178806771506,-26.8198622635765,-28.8716503312916
-1.17402474163167,-28.2946867958537,-1.47478030337829,-26.8199064924754,-28.2946867958537
-0.725684480851092,-27.8463465350731,-1.02840435524388,-26.8179421798293,-27.8463465350731
-0.0588943058647129,-27.1795563600867,-2.03721631881255,-25.1423400412742,-27.1795563600867
1.54272780895468,-25.5779342452674,-0.435581713842431,-25.1423525314249,-25.5779342452674
