Total_energy,Adsorption_energy,Rigid_adsorption_energy,Deformation_energy,dEad/dNi
-1.82367387595278,-28.9443359301748,-2.12451578376945,-26.8198201464054,-28.9443359301748
-1.35006681505971,-28.4707288692817,-1.65084767295813,-26.8198811963236,-28.4707288692817
-0.86156992721227,-27.9822319814343,-1.16243045477979,-26.8198015266545,-27.9822319814343
-0.111719915811307,-27.2323819700333,-2.0897700080554,-25.1426119619779,-27.2323819700333
1.51460424675241,-25.6060578074696,-0.463697069743874,-25.1423607377257,-25.6060578074696
