Total_energy,Adsorption_energy,Rigid_adsorption_energy,Deformation_energy,dEad/dNi
-1.77535618667861,-28.8960182409006,-2.07621790773608,-26.8198003331646,-28.8960182409006
-1.18830311721247,-28.3089651714345,-1.49236203534896,-26.8166031360855,-28.3089651714345
-0.73990307553668,-27.8605651297587,-1.04075715572312,-26.8198079740356,-27.8605651297587
-0.27514950784679,-27.3958115620688,-0.576335063990889,-26.8194764980779,-27.3958115620688
0.32973758838618,-26.7909244658359,-1.6483994900008,-25.1425249758351,-26.7909244658359
