Total_energy,Adsorption_energy,Rigid_adsorption_energy,Deformation_energy,dEad/dNi
-1.81270710640178,-28.9333691606238,-2.11358968979408,-26.8197794708297,-28.9333691606238
-1.24370678053866,-28.3643688347607,-1.5451831374342,-26.8191856973265,-28.3643688347607
-0.831265140041139,-27.9519271942632,-1.13209633411509,-26.8198308601481,-27.9519271942632
-0.100526277690931,-27.221188331913,-2.07852493849573,-25.1426633934172,-27.221188331913
0.936472002678264,-26.1841900515438,-1.04168505425902,-25.1425049972847,-26.1841900515438
