Total_energy,Adsorption_energy,Rigid_adsorption_energy,Deformation_energy,dEad/dNi
-1.7941650611407,-28.9148271153627,-2.09497272159309,-26.8198543937696,-28.9148271153627
-1.33279150921602,-28.4534535634381,-1.63431741421796,-26.8191361492201,-28.4534535634381
-0.852062382916085,-27.9727244371381,-1.1554136433753,-26.8173107937628,-27.9727244371381
-0.097522559034446,-27.2181846132565,-2.07580975419756,-25.1423748590589,-27.2181846132565
1.27875439311487,-25.8419076611072,-0.699499325204298,-25.1424083359029,-25.8419076611072
