Total_energy,Adsorption_energy,Rigid_adsorption_energy,Deformation_energy,dEad/dNi
-1.76095982733051,-28.8816218815525,-2.06180085193096,-26.8198210296216,-28.8816218815525
-1.00766185976124,-28.1283239139833,-1.30861427634966,-26.8197096376336,-28.1283239139833
-0.437123555030679,-27.5577856092527,-0.739019726110844,-26.8187658831419,-27.5577856092527
0.99773034725878,-26.1229317069633,-0.980513444008644,-25.1424182629546,-26.1229317069633
1.53499256667898,-25.5856694875431,-0.443297495354006,-25.142371992189,-25.5856694875431
