Total_energy,Adsorption_energy,Rigid_adsorption_energy,Deformation_energy,dEad/dNi
-1.8033891652062,-28.9240512194282,-2.10442373792934,-26.8196274814989,-28.9240512194282
-1.39850916950218,-28.5191712237242,-1.69947118104111,-26.8197000426831,-28.5191712237242
-0.589297608553272,-27.7099596627753,-0.89006451354054,-26.8198951492348,-27.7099596627753
-0.074616497075348,-27.1952785512974,-2.05278713548967,-25.1424914158077,-27.1952785512974
1.19253071672599,-25.928131337496,-0.785644437754557,-25.1424868997415,-25.928131337496
