Total_energy,Adsorption_energy,Rigid_adsorption_energy,Deformation_energy,dEad/dNi
-1.8078924073747,-28.9285544615967,-2.1089277035446,-26.8196267580521,-28.9285544615967
-1.3569114020418,-28.4775734562638,-1.65786575848301,-26.8197076977808,-28.4775734562638
-1.11945067410736,-28.2401127283294,-1.42225658918032,-26.8178561391491,-28.2401127283294
-0.83439018124902,-27.9550522354711,-1.13517406488735,-26.8198781705837,-27.9550522354711
-0.323320311451267,-27.4439823656733,-0.62418169284908,-26.8198006728242,-27.4439823656733
