Total_energy,Adsorption_energy,Rigid_adsorption_energy,Deformation_energy,dEad/dNi
-1.79789414060942,-28.9185561948315,-2.09872248044678,-26.8198337143847,-28.9185561948315
-1.24217042921766,-28.3628324834397,-1.54297668383295,-26.8198557996067,-28.3628324834397
-0.705301763568313,-27.8259638177903,-1.00633916333633,-26.819624654454,-27.8259638177903
0.444985870843218,-26.6756761833788,-1.53335688885786,-25.142319294521,-26.6756761833788
1.13335105776732,-25.9873109964547,-0.844861975910543,-25.1424490205442,-25.9873109964547
