Total_energy,Adsorption_energy,Rigid_adsorption_energy,Deformation_energy,dEad/dNi
-1.75876564141629,-28.8794276956383,-2.06032431829018,-26.8191033773481,-28.8794276956383
-1.17523097599536,-28.2958930302174,-1.47629580599669,-26.8195972242207,-28.2958930302174
-0.601220008758219,-27.7218820629803,-0.902036773794317,-26.8198452891859,-27.7218820629803
-0.0833506353991171,-27.2040126896212,-2.06143760134208,-25.1425750882791,-27.2040126896212
1.54644844416194,-25.5742136100601,-0.431806195862487,-25.1424074141976,-25.5742136100601
