Total_energy,Adsorption_energy,Rigid_adsorption_energy,Deformation_energy,dEad/dNi
-1.80480764132887,-28.9254696955509,-2.10571844785754,-26.8197512476934,-28.9254696955509
-1.31007997321211,-28.4307420274341,-1.61143181450816,-26.819310212926,-28.4307420274341
-0.854430130851385,-27.9750921850734,-1.15519369069418,-26.8198984943792,-27.9750921850734
-0.0512648071866235,-27.1719268614087,-2.02943218208135,-25.1424946793273,-27.1719268614087
1.02036510092328,-26.1002969532988,-0.957934737956937,-25.1423622153418,-26.1002969532988
