Total_energy,Adsorption_energy,Rigid_adsorption_energy,Deformation_energy,dEad/dNi
-1.81221699560017,-28.9328790498222,-2.11302024008812,-26.8198588097341,-28.9328790498222
-1.33652183963436,-28.4571838938564,-1.63755716893751,-26.8196267249189,-28.4571838938564
-0.696625556284621,-27.8172876105067,-0.998011482331386,-26.8192761281753,-27.8172876105067
-0.0853715930913554,-27.2060336473134,-2.06349475640743,-25.142538890906,-27.2060336473134
1.10629545793414,-26.0143665962879,-0.871707638052678,-25.1426589582352,-26.0143665962879
