Total_energy,Adsorption_energy,Rigid_adsorption_energy,Deformation_energy,dEad/dNi
-1.72457745170641,-28.8452395059284,-2.02556435758385,-26.8196751483446,-28.8452395059284
-1.20580075664051,-28.3264628108625,-1.50861796582577,-26.8178448450368,-28.3264628108625
-0.6239228462984,-27.7445849005204,-0.924864842313767,-26.8197200582067,-27.7445849005204
0.603997751566284,-26.5166643026558,-1.37426833469851,-25.1423959679572,-26.5166643026558
1.24092671640105,-25.879735337821,-0.737297413282218,-25.1424379245388,-25.879735337821
