Total_energy,Adsorption_energy,Rigid_adsorption_energy,Deformation_energy,dEad/dNi
-1.81230223869911,-28.9329642929211,-2.11311077592042,-26.8198535170007,-28.9329642929211
-1.39138301398679,-28.5120450682088,-1.6922861242672,-26.8197589439416,-28.5120450682088
-0.884384237378933,-28.005046291601,-1.18571695375519,-26.8193293378458,-28.005046291601
-0.334367529955373,-27.4550295841774,-0.635276805191158,-26.8197527789862,-27.4550295841774
1.15495630257413,-25.9657057516479,-0.823320693776173,-25.1423850578717,-25.9657057516479
