Total_energy,Adsorption_energy,Rigid_adsorption_energy,Deformation_energy,dEad/dNi
-1.75513386941678,-28.8757959236388,-2.05599444341689,-26.8198014802219,-28.8757959236388
-1.20466815767641,-28.3253302118984,-1.50576108461961,-26.8195691272788,-28.3253302118984
-0.679229519362323,-27.7998915735844,-0.979965188141235,-26.8199263854431,-27.7998915735844
-0.0409064499289071,-27.1615685041509,-2.01904855682952,-25.1425199473214,-27.1615685041509
0.914005546668708,-26.2066565075533,-1.06429590241546,-25.1423606051379,-26.2066565075533
