Total_energy,Adsorption_energy,Rigid_adsorption_energy,Deformation_energy,dEad/dNi
-1.81540903089257,-28.9360710851146,-2.1163313739351,-26.8197397111795,-28.9360710851146
-1.36943761789791,-28.4900996721199,-1.67052303448203,-26.8195766376379,-28.4900996721199
-0.806697305905046,-27.9273593601271,-1.10747576684623,-26.8198835932809,-27.9273593601271
-0.398569544839995,-27.519231599062,-0.699691475479901,-26.8195401235821,-27.519231599062
0.833315089530118,-26.2873469646919,-1.14494617534835,-25.1424007893436,-26.2873469646919
