Total_energy,Adsorption_energy,Rigid_adsorption_energy,Deformation_energy,dEad/dNi
-1.81398741789166,-28.9346494721137,-2.11489771846585,-26.8197517536478,-28.9346494721137
-1.34311755704746,-28.4637796112695,-1.64388722481336,-26.8198923864561,-28.4637796112695
-0.697749012048808,-27.8184110662708,-0.998591897310464,-26.8198191689604,-27.8184110662708
-0.0778181237982949,-27.1984801780203,-2.05596979905479,-25.1425103789655,-27.1984801780203
1.39789247588741,-25.7227695783346,-0.580449163301619,-25.142320415033,-25.7227695783346
