Total_energy,Adsorption_energy,Rigid_adsorption_energy,Deformation_energy,dEad/dNi
-1.81385716280737,-28.9345192170294,-2.11467141690102,-26.8198478001284,-28.9345192170294
-1.38098715617561,-28.5016492103976,-1.68180840740129,-26.8198408029964,-28.5016492103976
-0.953847063662996,-28.074509117885,-1.2548058996461,-26.8197032182389,-28.074509117885
-0.430605689004696,-27.5512677432267,-0.731342371398741,-26.819925371828,-27.5512677432267
1.26201422363879,-25.8586478305832,-0.716292707259379,-25.1423551233239,-25.8586478305832
