Total_energy,Adsorption_energy,Rigid_adsorption_energy,Deformation_energy,dEad/dNi
-1.81284025127646,-28.9335023054985,-2.11364329961576,-26.8198590058827,-28.9335023054985
-1.26062342470832,-28.3812854789304,-1.56157306579445,-26.8197124131359,-28.3812854789304
-0.779622465657383,-27.9002845198794,-1.08064200518132,-26.8196425146981,-27.9002845198794
0.0577928357453956,-27.0628692184766,-1.9202032706307,-25.1426659478459,-27.0628692184766
1.19201502147088,-25.9286470327512,-0.786282993117709,-25.1423640396334,-25.9286470327512
