Total_energy,Adsorption_energy,Rigid_adsorption_energy,Deformation_energy,dEad/dNi
-1.77296153877405,-28.8936235929961,-2.07466094028669,-26.8189626527094,-28.8936235929961
-1.31917561993908,-28.4398376741611,-1.619954693215,-26.8198829809461,-28.4398376741611
-0.825211098821583,-27.9458731530436,-1.12665357076997,-26.8192195822736,-27.9458731530436
-0.511094101860873,-27.6317561560829,-0.811991955562895,-26.81976420052,-27.6317561560829
0.491106199814787,-26.6295558544072,-1.48675103917548,-25.1428048152318,-26.6295558544072
