Total_energy,Adsorption_energy,Rigid_adsorption_energy,Deformation_energy,dEad/dNi
-1.82532694335117,-28.9459889975732,-2.12607441287452,-26.8199145846987,-28.9459889975732
-1.34337885347183,-28.4640409076939,-1.64445595869874,-26.8195849489951,-28.4640409076939
-0.552824805231226,-27.6734868594533,-0.853564935148244,-26.819921924305,-27.6734868594533
0.877277094519777,-26.2433849597023,-1.10094231094485,-25.1424426487574,-26.2433849597023
1.54310587158334,-25.5775561826387,-0.435184890024828,-25.1423712926139,-25.5775561826387
