Total_energy,Adsorption_energy,Rigid_adsorption_energy,Deformation_energy,dEad/dNi
-1.78172044851513,-28.9023825027372,-2.08255859015936,-26.8198239125778,-28.9023825027372
-1.36252393365869,-28.4831859878807,-1.66337818069235,-26.8198078071884,-28.4831859878807
-0.949559316390673,-28.0702213706127,-1.25055239767261,-26.8196689729401,-28.0702213706127
-0.0415392235210545,-27.1622012777431,-2.0194113040712,-25.1427899736719,-27.1622012777431
1.54420449399044,-25.5764575602316,-0.434117432102876,-25.1423401281287,-25.5764575602316
