Total_energy,Adsorption_energy,Rigid_adsorption_energy,Deformation_energy,dEad/dNi
-1.80813560651865,-28.9287976607407,-2.10891334865969,-26.819884312081,-28.9287976607407
-1.28925547378629,-28.4099175280083,-1.59025069238531,-26.819666835623,-28.4099175280083
-1.00989018199116,-28.1305522362132,-1.31192170608311,-26.8186305301301,-28.1305522362132
-0.653502003402808,-27.7741640576248,-0.954500917597366,-26.8196631400275,-27.7741640576248
-0.00619321497658731,-27.1268552691986,-1.98455537144532,-25.1422998977533,-27.1268552691986
