Total_energy,Adsorption_energy,Rigid_adsorption_energy,Deformation_energy,dEad/dNi
-1.80301563199572,-28.9236776862178,-2.10403903155046,-26.8196386546673,-28.9236776862178
-1.24364899539798,-28.36431104962,-1.54481002111473,-26.8195010285053,-28.36431104962
-0.684909339878272,-27.8055713941003,-0.985668004126712,-26.8199033899736,-27.8055713941003
0.842388208499135,-26.2782738457229,-1.1357107618413,-25.1425630838816,-26.2782738457229
1.3131603601939,-25.8075016940281,-0.665039114806696,-25.1424625792214,-25.8075016940281
