Total_energy,Adsorption_energy,Rigid_adsorption_energy,Deformation_energy,dEad/dNi
-1.80884484564264,-28.9295068998647,-2.10966154533792,-26.8198453545268,-28.9295068998647
-1.36472404248306,-28.4853860967051,-1.66564136227001,-26.8197447344351,-28.4853860967051
-0.735909093030532,-27.8565711472526,-1.03673340175549,-26.8198377454971,-27.8565711472526
-0.122785905809527,-27.2434479600316,-0.423650540669889,-26.8197974193617,-27.2434479600316
0.716290889172218,-26.4043711650498,-1.26189017043183,-25.142480994618,-26.4043711650498
