Total_energy,Adsorption_energy,Rigid_adsorption_energy,Deformation_energy,dEad/dNi
-1.80913236541364,-28.9297944196357,-2.11003964823966,-26.819754771396,-28.9297944196357
-1.23667251696503,-28.3573345711871,-1.53766865489686,-26.8196659162902,-28.3573345711871
-0.576816544738509,-27.6974785989605,-0.877622149303026,-26.8198564496575,-27.6974785989605
-0.157278213336202,-27.2779402675582,-0.458135118394131,-26.8198051491641,-27.2779402675582
0.584294438108686,-26.5363676161133,-1.3939231405329,-25.1424444755804,-26.5363676161133
