Total_energy,Adsorption_energy,Rigid_adsorption_energy,Deformation_energy,dEad/dNi
-1.78638638279557,-28.9070484370176,-2.08717332652425,-26.8198751104934,-28.9070484370176
-1.33695090967794,-28.4576129639,-1.63827345288418,-26.8193395110158,-28.4576129639
-0.840282820290428,-27.9609448745125,-1.14133519322628,-26.8196096812862,-27.9609448745125
-0.40400039430371,-27.5246624485257,-0.705133540142294,-26.8195289083835,-27.5246624485257
0.223966233354946,-26.8966958208671,-1.75429045161557,-25.1424053692515,-26.8966958208671
