Total_energy,Adsorption_energy,Rigid_adsorption_energy,Deformation_energy,dEad/dNi
-1.8113986243996,-28.9320606786216,-2.11218599574607,-26.8198746828756,-28.9320606786216
-1.27181049844814,-28.3924725526702,-1.57266707396913,-26.819805478701,-28.3924725526702
-0.740049187730499,-27.8607112419525,-1.0410171002113,-26.8196941417412,-27.8607112419525
-0.08240514348654,-27.2030671977086,-2.06052890320915,-25.1425382944994,-27.2030671977086
1.17262303846569,-25.9480390157563,-0.80562641482871,-25.1424126009276,-25.9480390157563
