Total_energy,Adsorption_energy,Rigid_adsorption_energy,Deformation_energy,dEad/dNi
-1.74577536360701,-28.866437417829,-2.04653301694728,-26.8199044008818,-28.866437417829
-1.30239703752013,-28.4230590917422,-1.60320810611436,-26.8198509856278,-28.4230590917422
-0.836412546949818,-27.9570746011719,-1.13723069636627,-26.8198439048056,-27.9570746011719
-0.133778911508208,-27.2544409657302,-2.11114407029654,-25.1432968954337,-27.2544409657302
0.857104542750384,-26.2635575114717,-1.12118434833245,-25.1423731631392,-26.2635575114717
