Total_energy,Adsorption_energy,Rigid_adsorption_energy,Deformation_energy,dEad/dNi
-1.81558089057848,-28.9362429448005,-2.11637987497168,-26.8198630698288,-28.9362429448005
-1.30047729379492,-28.421139348017,-1.60201084853966,-26.8191284994773,-28.421139348017
-0.807648832120089,-27.9283108863421,-1.10897689264959,-26.8193339936925,-27.9283108863421
-0.250875730663485,-27.3715377848855,-0.551813685187428,-26.8197240996981,-27.3715377848855
0.682181517269798,-26.4384805369522,-1.29606941716524,-25.142411119787,-26.4384805369522
