Total_energy,Adsorption_energy,Rigid_adsorption_energy,Deformation_energy,dEad/dNi
-1.79352361175054,-28.9141856659726,-2.09428927773559,-26.819896388237,-28.9141856659726
-1.34411299157182,-28.4647750457938,-1.64584299495994,-26.8189320508339,-28.4647750457938
-0.844902364221352,-27.9655644184434,-1.14757199835576,-26.8179924200876,-27.9655644184434
-0.0770251738199321,-27.197687228042,-2.05519066236186,-25.1424965656801,-27.197687228042
0.644026844156258,-26.4766352100658,-1.33406287262244,-25.1425723374433,-26.4766352100658
