Total_energy,Adsorption_energy,Rigid_adsorption_energy,Deformation_energy,dEad/dNi
-1.80560750038963,-28.9262695546117,-2.10639789430334,-26.8198716603083,-28.9262695546117
-1.17005781361115,-28.2907198678332,-1.47089591238428,-26.8198239554489,-28.2907198678332
-0.658167242315139,-27.7788292965372,-0.959086856818641,-26.8197424397185,-27.7788292965372
-0.0710581653960085,-27.191720219618,-2.04917850190493,-25.1425417177131,-27.191720219618
1.57552664975779,-25.5451354044642,-0.402764186081288,-25.142371218383,-25.5451354044642
