Total_energy,Adsorption_energy,Rigid_adsorption_energy,Deformation_energy,dEad/dNi
-1.77599528986754,-28.8966573440896,-2.07683281634225,-26.8198245277473,-28.8966573440896
-1.33086510470417,-28.4515271589262,-1.63180512154347,-26.8197220373827,-28.4515271589262
-0.787007015871482,-27.9076690700935,-1.0878671469599,-26.8198019231336,-27.9076690700935
0.392973810417844,-26.7276882438042,-1.58518787545388,-25.1425003683503,-26.7276882438042
1.55224286257726,-25.5684191916448,-0.426044275485852,-25.1423749161589,-25.5684191916448
