Total_energy,Adsorption_energy,Rigid_adsorption_energy,Deformation_energy,dEad/dNi
-1.75034476217825,-28.8710068164003,-2.05161942903216,-26.8193873873681,-28.8710068164003
-1.32987532453707,-28.4505373787591,-1.63068462193022,-26.8198527568289,-28.4505373787591
-0.743119636477487,-27.8637816906995,-1.04435034004989,-26.8194313506496,-27.8637816906995
-0.245593033105735,-27.3662550873278,-0.546357522192582,-26.8198975651352,-27.3662550873278
0.491971024035212,-26.6286910301868,-1.48618906513711,-25.1425019650497,-26.6286910301868
