Total_energy,Adsorption_energy,Rigid_adsorption_energy,Deformation_energy,dEad/dNi
-1.81404884297221,-28.9347108971942,-2.11492775980327,-26.819783137391,-28.9347108971942
-1.39429826610416,-28.5149603203262,-1.69519040709805,-26.8197699132281,-28.5149603203262
-0.940939948885172,-28.0616020031072,-1.24350214229467,-26.8180998608125,-28.0616020031072
0.330847302200129,-26.7898147520219,-1.64739064855287,-25.142424103469,-26.7898147520219
1.45828618546895,-25.6623758687531,-0.520016698562726,-25.1423591701904,-25.6623758687531
