Total_energy,Adsorption_energy,Rigid_adsorption_energy,Deformation_energy,dEad/dNi
-1.81076121916357,-28.9314232733856,-2.11153302289108,-26.8198902504945,-28.9314232733856
-1.18249450325902,-28.3031565574811,-1.48331973131968,-26.8198368261614,-28.3031565574811
-0.700692598618846,-27.8213546528409,-1.00144621989164,-26.8199084329492,-27.8213546528409
0.576477909048929,-26.5441841451731,-1.40182436709693,-25.1423597780762,-26.5441841451731
1.1990883574483,-25.9215736967737,-0.779202679527511,-25.1423710172462,-25.9215736967737
