Total_energy,Adsorption_energy,Rigid_adsorption_energy,Deformation_energy,dEad/dNi
-1.76093086982483,-28.8815929240469,-2.06203826625068,-26.8195546577962,-28.8815929240469
-1.22312659904558,-28.3437886532676,-1.52411224065824,-26.8196764126094,-28.3437886532676
-0.795278822589822,-27.9159408768119,-1.09613219537785,-26.819808681434,-27.9159408768119
0.0329513312164129,-27.0877107230056,-1.94511412036296,-25.1425966026427,-27.0877107230056
1.55538720082677,-25.5652748533953,-0.42292304012693,-25.1423518132683,-25.5652748533953
