Total_energy,Adsorption_energy,Rigid_adsorption_energy,Deformation_energy,dEad/dNi
-1.81369366688174,-28.9343557211038,-2.11449044442643,-26.8198652766773,-28.9343557211038
-1.40264113417981,-28.5233031884018,-1.70554414921553,-26.8177590391863,-28.5233031884018
-0.911187977841095,-28.0318500320631,-1.21225651403883,-26.8195935180243,-28.0318500320631
-0.0808078147641582,-27.2014698689862,-0.38159255963792,-26.8198773093483,-27.2014698689862
0.461619686795573,-26.6590423674265,-1.51644326746273,-25.1425990999637,-26.6590423674265
