Total_energy,Adsorption_energy,Rigid_adsorption_energy,Deformation_energy,dEad/dNi
-1.81752121082393,-28.938183265046,-2.11828632325224,-26.8198969417937,-28.938183265046
-1.30285260412639,-28.4235146583484,-1.60365170487415,-26.8198629534743,-28.4235146583484
-0.734908366257592,-27.8555704204796,-1.03625048827977,-26.8193199321999,-27.8555704204796
-0.0541945045169985,-27.174856558739,-2.03231637934562,-25.1425401793934,-27.174856558739
1.11326762527674,-26.0073944289453,-0.865010424231579,-25.1423840047137,-26.0073944289453
