Total_energy,Adsorption_energy,Rigid_adsorption_energy,Deformation_energy,dEad/dNi
-1.79863257354113,-28.9192946277632,-2.0994419789862,-26.819852648777,-28.9192946277632
-1.32007660935195,-28.440738663574,-1.62083332243739,-26.8199053411366,-28.440738663574
-0.807716729452572,-27.9283787836746,-1.10892401995347,-26.8194547637211,-27.9283787836746
-0.0971347239661706,-27.2177967781882,-2.07515196470607,-25.1426448134821,-27.2177967781882
1.34414660988352,-25.7765154443385,-0.634122961455834,-25.1423924828827,-25.7765154443385
