Total_energy,Adsorption_energy,Rigid_adsorption_energy,Deformation_energy,dEad/dNi
-1.81460285491671,-28.9352649091387,-2.11545387473455,-26.8198110344042,-28.9352649091387
-1.34299037576789,-28.4636524299899,-1.64594860617752,-26.8177038238124,-28.4636524299899
-0.874628672283993,-27.995290726506,-1.17674814321865,-26.8185425832874,-27.995290726506
-0.392045603360593,-27.5127076575826,-0.693213453822081,-26.8194942037605,-27.5127076575826
0.547641126712569,-26.5730209275095,-1.43053575783953,-25.1424851696699,-26.5730209275095
