Total_energy,Adsorption_energy,Rigid_adsorption_energy,Deformation_energy,dEad/dNi
-1.3843450926633,-7.9841627045472,-1.38435724369774,-6.59980546084946,-7.9841627045472
-0.964780504444141,-7.56459811632804,-0.96478337137087,-6.59981474495717,-7.56459811632804
-0.369484876599684,-6.96930248848358,-0.369487760112894,-6.59981472837068,-6.96930248848358
