Total_energy,Adsorption_energy,Rigid_adsorption_energy,Deformation_energy,dEad/dNi
-1.37120232806173,-7.97101993994563,-1.37120447342582,-6.59981546651981,-7.97101993994563
-0.842198846757397,-7.44201645864129,-0.842201108778618,-6.59981534986267,-7.44201645864129
-0.29123871952133,-6.89105633140522,-0.291243961766497,-6.59981236963873,-6.89105633140522
