Total_energy,Adsorption_energy,Rigid_adsorption_energy,Deformation_energy,dEad/dNi
-1.37035623371746,-7.97017384560136,-1.37036426010326,-6.5998095854981,-7.97017384560136
-0.884587469050718,-7.48440508093461,-0.884588910281529,-6.59981617065308,-7.48440508093461
-0.256759876434319,-6.85657748831821,-0.256764427127656,-6.59981306119056,-6.85657748831821
