Total_energy,Adsorption_energy,Rigid_adsorption_energy,Deformation_energy,dEad/dNi
-1.37634719042226,-7.97616480230616,-1.37634725818929,-6.59981754411687,-7.97616480230616
-0.804771792522102,-7.404589404406,-0.804772078025563,-6.59981732638043,-7.404589404406
-0.242886578210099,-6.84270419009399,-0.242890918992679,-6.59981327110131,-6.84270419009399
