Total_energy,Adsorption_energy,Rigid_adsorption_energy,Deformation_energy,dEad/dNi
-1.38980779386488,-7.98962540574878,-1.38981347732379,-6.59981192842499,-7.98962540574878
-0.931316526631431,-7.53113413851533,-0.931322222007249,-6.59981191650808,-7.53113413851533
-0.274705261473688,-6.87452287335758,-0.274706371794884,-6.5998165015627,-6.87452287335758
