Total_energy,Adsorption_energy,Rigid_adsorption_energy,Deformation_energy,dEad/dNi
-1.38584119598598,-7.98565880786987,-1.38585890883624,-6.59979989903363,-7.98565880786987
-0.927881087699816,-7.52769869958371,-0.927881946864373,-6.59981675271934,-7.52769869958371
-0.311674412653052,-6.91149202453695,-0.311676687357011,-6.59981533717994,-6.91149202453695
