Total_energy,Adsorption_energy,Rigid_adsorption_energy,Deformation_energy,dEad/dNi
-1.3938096173739,-7.9936272292578,-1.39381028282397,-6.59981694643383,-7.9936272292578
-0.883630696478077,-7.48344830836197,-0.883631169746197,-6.59981713861578,-7.48344830836197
-0.608189303247149,-7.20800691513104,-0.608190345335244,-6.5998165697958,-7.20800691513104
