Total_energy,Adsorption_energy,Rigid_adsorption_energy,Deformation_energy,dEad/dNi
-1.38595533688739,-7.98577294877128,-1.38597125522041,-6.59980169355087,-7.98577294877128
-0.799869793409909,-7.3996874052938,-0.799870487133242,-6.59981691816056,-7.3996874052938
-0.382749372643438,-6.98256698452733,-0.382750413882432,-6.5998165706449,-6.98256698452733
