Total_energy,Adsorption_energy,Rigid_adsorption_energy,Deformation_energy,dEad/dNi
-1.37462171091216,-7.97443932279606,-1.37462508888632,-6.59981423390974,-7.97443932279606
-0.891661145241492,-7.49147875712539,-0.891664458975115,-6.59981429815027,-7.49147875712539
-0.285219341005513,-6.88503695288941,-0.285225446306323,-6.59981150658308,-6.88503695288941
