Total_energy,Adsorption_energy,Rigid_adsorption_energy,Deformation_energy,dEad/dNi
-1.38144746698151,-7.9812650788654,-1.38144772752621,-6.59981735133919,-7.9812650788654
-0.940483701643469,-7.54030131352736,-0.940483741433799,-6.59981757209357,-7.54030131352736
-0.271093708813175,-6.87091132069707,-0.271096829874934,-6.59981449082214,-6.87091132069707
