Total_energy,Adsorption_energy,Rigid_adsorption_energy,Deformation_energy,dEad/dNi
-1.38633419685036,-7.98615180873426,-1.38633707203764,-6.59981473669662,-7.98615180873426
-0.808030363067551,-7.40784797495145,-0.808033418416679,-6.59981455653477,-7.40784797495145
-0.271792248559297,-6.87160986044319,-0.271794817635296,-6.5998150428079,-6.87160986044319
