Total_energy,Adsorption_energy,Rigid_adsorption_energy,Deformation_energy,dEad/dNi
-1.37308558185903,-7.97290319374292,-1.37308612951735,-6.59981706422557,-7.97290319374292
-0.951253902334698,-7.55107151421859,-0.951259162950499,-6.59981235126809,-7.55107151421859
