Total_energy,Adsorption_energy,Rigid_adsorption_energy,Deformation_energy,dEad/dNi
-1.37863369508671,-7.97845130697061,-1.37863526450377,-6.59981604246683,-7.97845130697061
-0.858495521361575,-7.45831313324547,-0.858496526155001,-6.59981660709047,-7.45831313324547
-0.613965711358562,-7.21378332324246,-0.613965725929085,-6.59981759731337,-7.21378332324246
-0.186779099657944,-6.78659671154184,-0.186780166808432,-6.59981654473341,-6.78659671154184
