Total_energy,Adsorption_energy,Rigid_adsorption_energy,Deformation_energy,dEad/dNi
-1.38174893304348,-7.98156654492738,-1.38175570821988,-6.5998108367075,-7.98156654492738
-0.887957916539086,-7.48777552842298,-0.887957916693128,-6.59981761172985,-7.48777552842298
