Total_energy,Adsorption_energy,Rigid_adsorption_energy,Deformation_energy,dEad/dNi
-1.38429911279576,-7.98411672467966,-1.38429912751094,-6.59981759716871,-7.98411672467966
-0.766190888814409,-7.3660085006983,-0.766190915254303,-6.599817585444,-7.3660085006983
