Total_energy,Adsorption_energy,Rigid_adsorption_energy,Deformation_energy,dEad/dNi
-1.38866206199895,-7.98847967388284,-1.38867648887685,-6.599803185006,-7.98847967388284
-0.859406116198922,-7.45922372808282,-0.859407040490044,-6.59981668759277,-7.45922372808282
-0.29078902433135,-6.89060663621525,-0.290796010103715,-6.59981062611153,-6.89060663621525
