Total_energy,Adsorption_energy,Rigid_adsorption_energy,Deformation_energy,dEad/dNi
-1.3748094078829,-7.9746270197668,-1.37481044231234,-6.59981657745446,-7.9746270197668
-0.924986770639359,-7.52480438252326,-0.924988851180678,-6.59981553134258,-7.52480438252326
-0.448347311220609,-7.0481649231045,-0.44834733931102,-6.59981758379348,-7.0481649231045
