Total_energy,Adsorption_energy,Rigid_adsorption_energy,Deformation_energy,dEad/dNi
-1.37900718698978,-7.97882479887368,-1.37900747301132,-6.59981732586236,-7.97882479887368
-0.818584722586058,-7.41840233446995,-0.818586732039726,-6.59981560243023,-7.41840233446995
