Total_energy,Adsorption_energy,Rigid_adsorption_energy,Deformation_energy,dEad/dNi
-1.37830223842414,-7.97811985030803,-1.37830300957219,-6.59981684073584,-7.97811985030803
-0.917849742158849,-7.51766735404274,-0.917852599924465,-6.59981475411828,-7.51766735404274
-0.399775588834661,-6.99959320071856,-0.399778457588358,-6.5998147431302,-6.99959320071856
