Total_energy,Adsorption_energy,Rigid_adsorption_energy,Deformation_energy,dEad/dNi
-1.37364699926264,-7.97346461114653,-1.37364893666768,-6.59981567447885,-7.97346461114653
-0.952249897898794,-7.55206750978269,-0.95225416508755,-6.59981334469514,-7.55206750978269
-0.583099841266944,-7.18291745315084,-0.583100015125353,-6.59981743802549,-7.18291745315084
