Total_energy,Adsorption_energy,Rigid_adsorption_energy,Deformation_energy,dEad/dNi
-1.3779513673934,-7.9777689792773,-1.37796894999286,-6.59980002928444,-7.9777689792773
-0.92341118313406,-7.52322879501796,-0.923413143045391,-6.59981565197256,-7.52322879501796
-0.6351989152339,-7.2350165271178,-0.635198927223666,-6.59981759989413,-7.2350165271178
-0.40670756196387,-7.00652517384777,-0.406709296298302,-6.59981587754946,-7.00652517384777
