Total_energy,Adsorption_energy,Rigid_adsorption_energy,Deformation_energy,dEad/dNi
-1.37710538263715,-7.97692299452104,-1.37710560586971,-6.59981738865133,-7.97692299452104
-0.918426271465087,-7.51824388334898,-0.918428917912709,-6.59981496543627,-7.51824388334898
-0.564121999786014,-7.16393961166991,-0.564122019217121,-6.59981759245279,-7.16393961166991
