Total_energy,Adsorption_energy,Rigid_adsorption_energy,Deformation_energy,dEad/dNi
-1.36917166189015,-7.96898927377405,-1.36918621593192,-6.59980305784213,-7.96898927377405
-0.906484638398361,-7.50630225028226,-0.90648501613854,-6.59981723414372,-7.50630225028226
-0.306953953276049,-6.90677156515994,-0.306961324949893,-6.59981024021005,-6.90677156515994
