Total_energy,Adsorption_energy,Rigid_adsorption_energy,Deformation_energy,dEad/dNi
-1.39118000583839,-7.99099761772229,-1.39118289944251,-6.59981471827978,-7.99099761772229
-0.985110640499826,-7.58492825238372,-0.985111441731319,-6.5998168106524,-7.58492825238372
-0.327853062425123,-6.92767067430902,-0.327856701653943,-6.59981397265508,-6.92767067430902
