Total_energy,Adsorption_energy,Rigid_adsorption_energy,Deformation_energy,dEad/dNi
-1.38910384428659,-7.98892145617049,-1.38911813398499,-6.5998033221855,-7.98892145617049
-0.84132292692457,-7.44114053880847,-0.841323516691999,-6.59981702211647,-7.44114053880847
-0.250926516305069,-6.85074412818896,-0.250930484398291,-6.59981364379067,-6.85074412818896
