Total_energy,Adsorption_energy,Rigid_adsorption_energy,Deformation_energy,dEad/dNi
-1.37940509045812,-7.97922270234202,-1.37940760834887,-6.59981509399315,-7.97922270234202
-0.689375367839742,-7.28919297972364,-0.689376028759484,-6.59981695096415,-7.28919297972364
