Total_energy,Adsorption_energy,Rigid_adsorption_energy,Deformation_energy,dEad/dNi
-1.36946726567778,-7.96928487756167,-1.36947406860538,-6.5998108089563,-7.96928487756167
-0.935910369852979,-7.53572798173687,-0.938342057091856,-6.59738592464502,-7.53572798173687
-0.561208270196534,-7.16102588208043,-0.561212481085348,-6.59981340099508,-7.16102588208043
