Total_energy,Adsorption_energy,Rigid_adsorption_energy,Deformation_energy,dEad/dNi
-1.36265481697439,-7.96247242885828,-1.36265636586013,-6.59981606299815,-7.96247242885828
-0.914031462858543,-7.51384907474244,-0.914031605468258,-6.59981746927418,-7.51384907474244
-0.365691539922796,-6.96550915180669,-0.365692007825,-6.59981714398169,-6.96550915180669
