Total_energy,Adsorption_energy,Rigid_adsorption_energy,Deformation_energy,dEad/dNi
-1.37112500550015,-7.97094261738404,-1.37113209530804,-6.59981052207601,-7.97094261738404
-0.839735731456095,-7.43955334333999,-0.839735773962502,-6.59981756937749,-7.43955334333999
-0.249168705984427,-6.84898631786832,-0.249170757739261,-6.59981556012906,-6.84898631786832
