Total_energy,Adsorption_energy,Rigid_adsorption_energy,Deformation_energy,dEad/dNi
-1.37189597351115,-7.97171358539505,-1.37189597628909,-6.59981760910596,-7.97171358539505
-0.801139479440631,-7.40095709132453,-0.801140407507907,-6.59981668381662,-7.40095709132453
-0.435897903515937,-7.03571551539983,-0.435900658750328,-6.5998148566495,-7.03571551539983
