Total_energy,Adsorption_energy,Rigid_adsorption_energy,Deformation_energy,dEad/dNi
-1.39390999464454,-7.99372760652843,-1.39391284449416,-6.59981476203427,-7.99372760652843
-0.961479264424327,-7.56129687630822,-0.961480298358776,-6.59981657794945,-7.56129687630822
-0.271222348968962,-6.87103996085286,-0.271225414019862,-6.599814546833,-6.87103996085286
