Total_energy,Adsorption_energy,Rigid_adsorption_energy,Deformation_energy,dEad/dNi
-1.37503867114481,-7.97485628302871,-1.37504727280159,-6.59980901022712,-7.97485628302871
-0.874401448883027,-7.47421906076692,-0.874405657905419,-6.5998134028615,-7.47421906076692
-0.354346936133171,-6.95416454801707,-0.354348448800584,-6.59981609921648,-6.95416454801707
