Total_energy,Adsorption_energy,Rigid_adsorption_energy,Deformation_energy,dEad/dNi
-1.37489826937197,-7.97471588125587,-1.37490160299329,-6.59981427826258,-7.97471588125587
-0.916909830749257,-7.51672744263315,-0.916911281198864,-6.59981616143429,-7.51672744263315
-0.27030255865395,-6.87012017053785,-0.270302574103472,-6.59981759643437,-6.87012017053785
