Total_energy,Adsorption_energy,Rigid_adsorption_energy,Deformation_energy,dEad/dNi
-1.3815262343719,-7.98134384625579,-1.38152834804876,-6.59981549820703,-7.98134384625579
-0.893058915167959,-7.49287652705185,-0.893063459356493,-6.59981306769536,-7.49287652705185
-0.430861332575169,-7.03067894445906,-0.430862789633945,-6.59981615482512,-7.03067894445906
