Total_energy,Adsorption_energy,Rigid_adsorption_energy,Deformation_energy,dEad/dNi
-1.38751461404122,-7.98733222592511,-1.38752665297153,-6.59980557295358,-7.98733222592511
-0.977248037285574,-7.57706564916947,-0.977248467610835,-6.59981718155863,-7.57706564916947
-0.582897541182242,-7.18271515306614,-0.582910614846433,-6.5998045382197,-7.18271515306614
