Total_energy,Adsorption_energy,Rigid_adsorption_energy,Deformation_energy,dEad/dNi
-1.38002192408481,-7.9798395359687,-1.38002199631887,-6.59981753964983,-7.9798395359687
-0.945701265368792,-7.54551887725269,-0.945701492339538,-6.59981738491315,-7.54551887725269
-0.243424182597177,-6.84324179448107,-0.243429529122365,-6.59981226535871,-6.84324179448107
